active_motor_count,battery_voltage_v,charge_crosscheck_error_mah,charge_crosscheck_passed,charge_crosscheck_tolerance_mah,crosswind_abs_m_s,current_mean_a,current_median_a,current_q25_a,current_q75_a,current_q90_a,current_std_a,current_time_charge_baseline_mah,decision_battery_sample_count,decision_window_s,disarm_boot_s,distance_home_m,ekf_wind_east_m_s,ekf_wind_east_mean_m_s,ekf_wind_east_std_m_s,ekf_wind_north_m_s,ekf_wind_north_mean_m_s,ekf_wind_north_std_m_s,headwind_m_s,horizontal_speed_mean_m_s,horizontal_speed_std_m_s,motor_output_max,motor_output_mean,motor_output_std,motor_saturation_fraction,nominal_climb_time_s,nominal_descent_time_s,nominal_horizontal_time_s,nominal_total_rtl_time_s,payload_mass_kg,pitch_abs_mean_rad,pitch_rate_std_rad_s,planned_rtl_climb_m,raw_log_path,relative_altitude_m,requested_distance_m,requested_outbound_bearing_deg,required_air_velocity_east_m_s,required_air_velocity_north_m_s,required_airspeed_m_s,required_airspeed_squared_m2_s2,roll_abs_mean_rad,roll_rate_std_rad_s,route_bearing_cos,route_bearing_sin,rtl_charge_integrated_mah,rtl_charge_mah,rtl_charge_runner_mah,rtl_duration_s,rtl_energy_wh,rtl_start_boot_s,run_id,scenario_id,throttle_mean,throttle_std,true_wind_east_m_s,true_wind_north_m_s,vertical_speed_mean_m_s,vertical_speed_std_m_s,voltage_mean_v,voltage_min_v,voltage_std_v,scenario_family_id,split,seed,ardupilot_commit,patch_hash,parameter_file_hash,scenario_fingerprint,requested_decision_altitude_m,sitl_speedup
4,12.297918319702148,0.3330118621354359,True,10.71970964050293,0.26560243096406766,30.398484344482423,30.207340240478516,30.20718288421631,30.25434398651123,31.104983139038087,0.39268643963758637,1001.3681011849818,100,10.0,254.674756,385.74434528492174,1.65,1.5965,0.033834154341434296,-2.12,-1.9227,0.13557178910083026,2.4849633576103245,0.5859532923961541,1.2140420693014278,0.638,0.62349,0.004126124089263437,0.0,0.0,62.259307861328125,51.32966925391604,118.58897711524416,0.14041212736891975,0.124521607679188,0.08321609237571896,0.0,data/raw/pipeline-0001-run-001/logs/00000001.BIN,73.38896179199219,385.6899420166283,146.40032693671162,-7.130919595070266,10.251577460120439,12.487788222587959,155.94485469220652,0.0076437974849089515,0.003294698406969654,0.8328877460120437,-0.5534419595070267,1072.3039759124285,1071.970964050293,1072.0,127.41817900000001,13.180810584342398,127.256577,pipeline-0001-run-001,pipeline-0001,0.3911440572142601,0.0050301119901455206,1.585021075406152,-2.0981255087235824,0.008266153387667145,0.010442882420178805,12.295998497009277,12.283914566040039,0.003929470177114838,pipeline-0001-family,train,8888875502227643192,d12a8f8997634cee977581cbaa5548c04facc1f5,6c58c27282539d3519962692d87bdfaba41ce01b094a18e3956a3473bb14fe20,2f5ce03671f92bfca42dabff69a505058fb52e27086fafbd86a866f5b4af27cf,7d09709a8b9d84d82d4b2291ca07362199eb956ce1ab5fa77785995409f848f6,73.39610246548776,1.0
4,12.30508041381836,0.30396403253917015,True,13.040767944335938,1.4756883534820344,29.634781074523925,29.49142837524414,29.4910945892334,29.51539945602417,30.208488845825197,0.3002359035313542,1174.9664964458775,100,10.0,325.547229,942.9097987162161,-1.33,-1.2914,0.01463010594630129,-0.64,-0.7373999999999999,0.06632676684416329,0.18389291285278653,0.5396869852273103,1.1276342988622465,0.626,0.6145075,0.003392630800720883,0.0,0.0,41.676205952962235,96.05740751858967,142.7336134715519,0.07151755508119989,0.05201607291940312,0.09406438040913793,0.0,data/raw/pipeline-0002-run-001/logs/00000001.BIN,42.51430892944336,942.8454805123691,323.1710032943274,7.285830261458258,-7.2667742759958385,10.290254174560303,105.88933097705575,0.03813842980932943,0.0019706826867899284,-0.8004174275995838,0.5994430261458258,1304.3807584661329,1304.0767944335937,1304.0,153.487747,16.030425264620245,172.059482,pipeline-0002-run-001,pipeline-0002,0.38180046498775483,0.0038040496923962617,-1.3644344640970032,-0.32340066679948437,0.0009136223473615246,0.004637525365007584,12.303667678833008,12.294595718383789,0.002993677785900551,pipeline-0002-family,train,9042150291633123285,d12a8f8997634cee977581cbaa5548c04facc1f5,6c58c27282539d3519962692d87bdfaba41ce01b094a18e3956a3473bb14fe20,2f5ce03671f92bfca42dabff69a505058fb52e27086fafbd86a866f5b4af27cf,15766309a5831d84ce6c47fc557d6a91095b0d1681a4ba77fb9825f8d949de3f,42.512321203772444,1.0
4,12.283308982849121,0.31536733190159794,True,15.445511108398437,0.8358776229612844,31.811538581848144,31.692434310913086,31.66813611984253,31.71643877029419,32.31059608459473,0.30345744610912856,1471.424292607057,100,10.0,347.059454,674.250904705027,0.55,0.6133,0.04941770937629545,-0.76,-0.7306999999999999,0.016688618876348052,0.45974773455950013,0.5031061096891931,1.0592478328303094,0.653,0.63948,0.003203841444266557,0.0,0.0,90.84158833821614,70.6743266262986,166.51591496451474,0.29470348392104456,0.0531400016135687,0.0920874306268463,0.0,data/raw/pipeline-0003-run-001/logs/00000001.BIN,116.26238250732422,674.196645090646,201.18239414229612,2.9997883403725716,10.055162056583413,10.493093636825604,110.10501407118997,0.01977800576208387,0.0025344250867985574,0.9324462056583412,0.3613088340372571,1544.8664781717453,1544.5511108398437,1544.0,175.202391,18.96825659033139,171.857063,pipeline-0003-run-001,pipeline-0003,0.4089282163977623,0.0038487825515142026,0.44581412826786504,-0.7949620126482653,0.008201534185791387,0.007968767545112559,12.28188570022583,12.271687507629395,0.002998684902801555,pipeline-0003-family,train,4880747695699165707,d12a8f8997634cee977581cbaa5548c04facc1f5,6c58c27282539d3519962692d87bdfaba41ce01b094a18e3956a3473bb14fe20,2f5ce03671f92bfca42dabff69a505058fb52e27086fafbd86a866f5b4af27cf,72a59a8d0e35ee53d0c585323cc5a45142c31262c79daabc876c0bd5445a39fc,116.26489298551705,1.0
4,12.300177574157715,0.26006674280779407,True,20.273917999267578,2.5612804878955093,30.20376407623291,29.98591136932373,29.98439073562622,30.05747127532959,31.00759792327881,0.42510065910329087,2060.6849777836305,100,10.0,438.946851,1180.574216153191,-0.7,-0.8195,0.09165560539323277,4.18,4.019,0.10891739989551714,3.203714018498802,0.5592325221634168,1.1856802528418724,0.642,0.62178,0.006823972450120243,0.0,0.0,66.90522257486978,173.7087314110375,245.61395398590727,0.10857716999642658,0.11345707597426478,0.07551268282204289,0.0,data/raw/pipeline-0004-run-001/logs/00000001.BIN,80.35783386230469,1180.5094543256478,27.117863322208187,-3.7384941874156765,-12.919825185761425,13.449840951475078,180.89822161997603,0.11064131835446726,0.0027382628004619233,-0.8900825185761425,-0.45579941874156765,2027.6518666695656,2027.3917999267578,2028.0,229.50982599999998,24.895749076172926,209.437025,pipeline-0004-run-001,pipeline-0004,0.38924079298973085,0.005471703323841275,-0.5244610751980114,4.021939332889239,0.0024789575465365486,0.00546163788114853,12.29794734954834,12.28572940826416,0.004267006803686562,pipeline-0004-family,train,6243199007338644196,d12a8f8997634cee977581cbaa5548c04facc1f5,6c58c27282539d3519962692d87bdfaba41ce01b094a18e3956a3473bb14fe20,2f5ce03671f92bfca42dabff69a505058fb52e27086fafbd86a866f5b4af27cf,83d3660df0280d9b3ad290d2ef77c2ee6b0b23ac439125b5d76d5df9f4d095a5,80.3575481870578,1.0
4,12.27285385131836,0.3037569284642814,True,19.581971130371095,1.2065865513500715,32.80863265991211,32.724111557006836,32.69925117492676,32.7489013671875,33.2233154296875,0.22202611367477912,1680.340096318773,100,10.0,447.791645,1494.7009213864078,1.64,1.6360999999999999,0.004877499359302884,-0.62,-0.6636,0.03465602400737856,-1.2889286497324592,0.6124562046280354,1.2211801364575101,0.657,0.647585,0.0024120064261937634,0.0,0.0,46.9749018351237,132.40414283438946,184.37904466951318,0.3981110338875489,0.048374116632507846,0.0969935579739941,0.0,data/raw/pipeline-0005-run-001/logs/00000001.BIN,50.46235275268555,1494.6407401147758,248.96812199125284,7.697654783572093,4.252614020611378,8.794237611945153,77.33861517535078,0.03058505762246631,0.002136835963253247,0.3589014020611378,0.9333754783572094,1958.5008699655737,1958.1971130371094,1958.0,213.129714,24.023255913272347,234.661931,pipeline-0005-run-001,pipeline-0005,0.42135189890861513,0.0027882473914058736,1.5703757522061508,-0.5522238430772877,0.0026776521155261433,0.005584596537425008,12.271912641525269,12.264627456665039,0.002228155567353532,pipeline-0005-family,train,2491708377036619852,d12a8f8997634cee977581cbaa5548c04facc1f5,6c58c27282539d3519962692d87bdfaba41ce01b094a18e3956a3473bb14fe20,2f5ce03671f92bfca42dabff69a505058fb52e27086fafbd86a866f5b4af27cf,8cc7fb43eebe9ba55540718e4fff45c74b19b7858033b5659c0893cc908a8ac8,50.45976779952977,1.0
4,12.300686836242676,0.28786895117536915,True,16.044671783447267,0.15727010795266755,30.02715883255005,29.93358612060547,29.93319082260132,29.957626342773438,30.396067428588868,0.22320611192912865,1383.6203391173767,100,10.0,398.054048,1191.1505475716206,1.11,1.1819,0.043856470446218085,0.31,0.2862,0.021898858417734923,-1.2058458289286225,0.6306418659377024,1.2482907589893666,0.63,0.619255,0.0024124624349407,0.0,0.0,54.58702087402344,106.2972457194251,165.88426659344856,0.11779784628042962,0.04371953435158009,0.09892652069200925,0.0,data/raw/pipeline-0006-run-001/logs/00000001.BIN,61.880531311035156,1191.0881516899576,263.8194009505751,8.75995710555131,0.7905902733582453,8.795560327314432,77.36188147142755,0.0024891701348836027,0.002099265064019861,0.10767902733582452,0.994185710555131,1604.755047295902,1604.4671783447266,1606.0,190.41713600000003,19.727688847364597,207.636912,pipeline-0006-run-001,pipeline-0006,0.38664471477270124,0.0028067108815408135,0.8203387926191544,0.22239042714466506,0.0016109318718918076,0.004489212893104655,12.29971724510193,12.292335510253906,0.0022333295603804105,pipeline-0006-family,train,721814273230682241,d12a8f8997634cee977581cbaa5548c04facc1f5,6c58c27282539d3519962692d87bdfaba41ce01b094a18e3956a3473bb14fe20,2f5ce03671f92bfca42dabff69a505058fb52e27086fafbd86a866f5b4af27cf,c70241e44c306f752057542280a142abcb52f3bbb00d21fad9069cb84ed60f86,61.88226426380045,1.0
4,12.257649421691895,0.3901318565735892,True,10.97440753173828,3.205351685607432,34.44125251770019,34.24575233459473,34.242262840270996,34.29464340209961,35.16401901245117,0.4170558372853078,1080.9663901584952,100,10.0,237.401668,322.3123346333103,-1.49,-1.4783,0.016189811611010192,-3.74,-3.8244,0.06736942926877149,2.5567805579622185,0.5692040734554117,1.1895493584213734,0.684,0.6649525,0.005691681978993561,0.0,0.0,64.68608093261719,43.3028123305026,112.98889326311979,0.5404169318995196,0.0876248645150177,0.08253782546590305,0.0,data/raw/pipeline-0007-run-001/logs/00000001.BIN,77.02912139892578,322.2487862035366,252.5603287599171,11.01839167750176,6.822174305190704,12.959437387836108,167.94701740924435,0.11590590646318688,0.004724976267181826,0.29977743051907046,0.9540091677501762,1097.8308850304015,1097.440753173828,1097.0,115.142258,13.44843735066339,122.25941,pipeline-0007-run-001,pipeline-0007,0.44167271912097933,0.005281882245268637,-1.4051743116333668,-3.721101501129773,0.00623759061738383,0.013474314356324358,12.255596380233765,12.24227237701416,0.004166340307467374,pipeline-0007-family,train,4573047340167085551,d12a8f8997634cee977581cbaa5548c04facc1f5,6c58c27282539d3519962692d87bdfaba41ce01b094a18e3956a3473bb14fe20,2f5ce03671f92bfca42dabff69a505058fb52e27086fafbd86a866f5b4af27cf,b95fc104c15f8d907150b642a00b3325e690871283c7844dd8841a3205a0fe93,77.03051829738729,1.0
4,12.306577682495117,0.2999072475026878,True,13.231202140366737,0.6679306269483242,29.453023471832275,29.358899116516113,29.335281372070312,29.382684230804443,29.883172035217285,0.23653804107460283,1146.1546480195382,100,10.0,336.684439,975.4920511344851,-0.88,-0.9464,0.04332481967648566,-0.44,-0.502,0.03271085446759227,-0.8375832123344037,0.6356299037556123,1.256006042750219,0.623,0.61275,0.0026148613729985786,0.0,0.0,45.082697550455734,90.01010945173313,140.09280700218886,0.057905809086077925,0.03976774801981981,0.09764081223415329,0.0,data/raw/pipeline-0008-run-001/logs/00000001.BIN,47.624046325683594,975.4261645165244,23.487540724719125,-3.0389337948443345,-8.669538286660076,9.186730251472062,84.39601271331193,0.015158013595273525,0.002050948925445604,-0.9171538286660077,-0.39853337948443346,1323.4201212841763,1323.1202140366736,1324.0,159.247109,16.27380115261531,177.43733,pipeline-0008-run-001,pipeline-0008,0.379414002597332,0.0030413114183317842,-0.6151998643910254,-0.1685068338688563,0.0009064449674770003,0.004451283297669965,12.305477151870727,12.297926902770996,0.002369715082285608,pipeline-0008-family,validation,3910366730689662464,d12a8f8997634cee977581cbaa5548c04facc1f5,6c58c27282539d3519962692d87bdfaba41ce01b094a18e3956a3473bb14fe20,2f5ce03671f92bfca42dabff69a505058fb52e27086fafbd86a866f5b4af27cf,9f5f159cbd6eeaaf08f2e816b29fa3ba4fd7a7d80ef7a9a445ff6364a39f2b38,47.623851468577215,1.0
4,12.223097801208496,0.31097075640809635,True,26.465785688920455,4.5501424047801216,37.96341320037842,37.694515228271484,37.69307804107666,37.753801345825195,38.97182998657227,0.5372323910510212,2944.194279503944,100,10.0,466.834025,1418.180617045691,5.56,5.6589,0.05806711633962899,-0.46,-0.418,0.029291637031753623,3.39029162554223,0.531017312526491,1.153144006131804,0.728,0.6995174999999999,0.007255666320194169,0.0,0.0,59.63223775227865,214.56024028624893,279.19247803852755,0.8709557960997698,0.08036422016042283,0.07748617973505628,0.0,data/raw/pipeline-0009-run-001/logs/00000001.BIN,69.44835662841797,1418.1067912677597,40.91504393428134,-12.208177546204432,-7.138914954052511,14.142266640140987,200.00370572084464,0.19074743635410096,0.0036955412242269314,-0.7556914954052512,-0.6549277546204431,2646.8895396484536,2646.5785688920455,2647.0,237.400002,32.27636291740238,229.434023,pipeline-0009-run-001,pipeline-0009,0.48781090438365937,0.00677973076686016,5.7156473033860555,-0.6981005814541866,0.0018202063479043319,0.004025097885827269,12.22034610748291,12.20476245880127,0.0053871674358896915,pipeline-0009-family,train,3941006090234496193,d12a8f8997634cee977581cbaa5548c04facc1f5,6c58c27282539d3519962692d87bdfaba41ce01b094a18e3956a3473bb14fe20,2f5ce03671f92bfca42dabff69a505058fb52e27086fafbd86a866f5b4af27cf,755353fc123b578b4e39b507c464bd7c394f97e6948984bde765a9db615f87e7,69.44960943481064,1.0
4,12.235773086547852,0.39731024457182684,True,13.157247085571289,0.13330170142503545,36.51899997711182,36.42669677734375,36.40095329284668,36.452393531799316,36.94764518737793,0.3106992295615568,1240.5395689961608,100,10.0,265.332158,295.86493789902613,0.01,0.0435,0.030475399915341553,-0.21,-0.2966,0.05641311904158464,0.26850412733734785,0.5690520961608935,1.1686331177217353,0.7,0.6863975000000001,0.003068304702926326,0.0,0.0,86.88810729980469,30.402822111876823,122.2909294116815,0.773148687989035,0.03911447912614061,0.09315139448437972,0.0,data/raw/pipeline-0010-run-001/logs/00000001.BIN,110.33216094970703,295.80743418222346,198.06412414983228,3.056452595320729,9.803981022487966,10.269369326143986,105.45994635674698,0.004767751744502862,0.0032903355341031247,0.9507381022487965,0.30999525953207285,1316.1220188017007,1315.724708557129,1317.0,133.494914,16.108710688279984,131.837244,pipeline-0010-run-001,pipeline-0010,0.46816646337509155,0.0039045620596258337,0.09225100205040297,0.028922300718031948,0.012110711298882961,0.021200726214497558,12.234823551177978,12.223243713378906,0.0030875502469911243,pipeline-0010-family,train,6741126443553634680,d12a8f8997634cee977581cbaa5548c04facc1f5,6c58c27282539d3519962692d87bdfaba41ce01b094a18e3956a3473bb14fe20,2f5ce03671f92bfca42dabff69a505058fb52e27086fafbd86a866f5b4af27cf,554ca8ba411284ddecd748405a36f64a529b868ce036c5194596129ccd24bab1,110.32960213636393,1.0
4,12.294881820678711,0.3076775737895332,True,14.259888122558593,1.0851944842881873,30.608547496795655,30.51631450653076,30.509806632995605,30.540663719177246,30.956973266601562,0.23372193528946533,1285.467578406335,100,10.0,340.209695,727.7511016599168,-0.83,-0.856,0.027531799795872433,-1.08,-1.1337000000000002,0.03756740608559493,-0.9167140346206637,0.6019295525923707,1.2096420668526693,0.637,0.626475,0.002566003702257659,0.0,0.0,79.52531433105469,66.66393379472679,151.1892481257815,0.1758135778482598,0.04268982723762882,0.09688573584172597,0.0,data/raw/pipeline-0011-run-001/logs/00000001.BIN,99.28797149658203,727.6882360617583,347.2456020882312,3.064003924904073,-8.61949017899314,9.14788122996723,83.68373099758675,0.025745131376311785,0.002094663166149931,-0.9753190178993139,0.2208003924904073,1426.2964898296489,1425.9888122558593,1426.0,168.952392,17.53240292365263,171.257303,pipeline-0011-run-001,pipeline-0011,0.39346775114536287,0.002942764814026228,-0.7608280912879986,-0.807234961324777,0.002851466921492829,0.006993546484792308,12.293927917480469,12.285942077636719,0.0023269040815703306,pipeline-0011-family,train,4023851771249011771,d12a8f8997634cee977581cbaa5548c04facc1f5,6c58c27282539d3519962692d87bdfaba41ce01b094a18e3956a3473bb14fe20,2f5ce03671f92bfca42dabff69a505058fb52e27086fafbd86a866f5b4af27cf,fa8d3dff5e57c0ed7fd122319ae2dc3595b7838bca3d9b945e36ad1980975cd1,99.28423549406934,1.0
4,12.217428207397461,0.34265086306822923,True,23.06475830078125,2.407284968379147,38.46240413665772,38.26199531555176,38.2611026763916,38.314208984375,39.195440673828124,0.4081138660051013,2377.9548913547287,100,10.0,440.889407,1440.3069201430885,-1.43,-1.5515,0.07221322593541989,-2.31,-2.3447,0.029612666208904608,1.4524976492290138,0.5725169015141058,1.2159923654035882,0.716,0.7031375,0.004355868885767802,0.0,0.0,49.06539408365886,168.50617420575173,222.5715682894106,0.9523062584039195,0.06071395841279435,0.09022598335791256,0.0,data/raw/pipeline-0012-run-001/logs/00000001.BIN,53.59809112548828,1440.2514879941639,272.38814700972176,11.54282274365026,1.928202902510666,11.702765627174642,136.9547233245803,0.07102161537707136,0.002137695684493889,-0.04164970974893341,0.999132274365026,2306.8184809411932,2306.475830078125,2308.0,209.960149,28.144352754929823,230.929258,pipeline-0012-run-001,pipeline-0012,0.49246025204658506,0.005125460751509411,-1.1102704286770606,-2.418387577970692,0.005678617066714651,0.0056003190399833615,12.215391902923583,12.203310012817383,0.0040860022636389865,pipeline-0012-family,validation,2029448391257382355,d12a8f8997634cee977581cbaa5548c04facc1f5,6c58c27282539d3519962692d87bdfaba41ce01b094a18e3956a3473bb14fe20,2f5ce03671f92bfca42dabff69a505058fb52e27086fafbd86a866f5b4af27cf,f026f055ed5f11d871dd9f4961a79e39b2f22d75cbdb462fb09dbfefb417c3da,53.58651462547678,2.0
4,12.274807929992676,0.3651933118414945,True,10.641130859375,0.5300598000502896,32.39588209152222,32.5254020690918,32.30452251434326,32.56260681152344,32.5805118560791,0.24656680824538954,765.6987452999435,100,10.0,326.446869,649.79867791317,-3.82,-3.8492,0.015600000000000036,-4.71,-4.6386,0.03373484845082311,-6.00433070444747,0.48360590337950754,0.8797825389629942,0.657,0.6439549999999999,0.007366680052778191,0.0,0.0,39.48702494303386,40.60142782057086,85.08845276360472,0.34663215790196245,0.19343903834014659,0.07258299861716785,0.0,data/raw/pipeline-0013-run-001/logs/00000001.BIN,39.23053741455078,649.7187804958292,34.64982231523239,-1.8352087854086707,-3.588641139067743,4.030674448656279,16.246336511050597,0.06375599099446182,0.005931135275891785,-0.8227241139067744,-0.5684408785408671,1064.4782792493415,1064.1130859375,1064.0,120.98741899999999,13.070474269373578,205.45945,pipeline-0013-run-001,pipeline-0013,0.4171176806092262,0.002931251716203824,-3.689288826506565,-4.626545633648654,-0.003850570644281106,0.006346403909240107,12.276074781417847,12.274102210998535,0.0024654779194090556,pipeline-0013-family,train,185223267371838131,d12a8f8997634cee977581cbaa5548c04facc1f5,6c58c27282539d3519962692d87bdfaba41ce01b094a18e3956a3473bb14fe20,2f5ce03671f92bfca42dabff69a505058fb52e27086fafbd86a866f5b4af27cf,d23057183ee5af553a679c0e40c4e3043baa3e14a39ba3a36159a50005255a47,39.22693210283068,1.0
4,12.236124038696289,0.4124750047806174,True,11.627701224334968,0.6071711792910286,36.522489395141605,36.3870792388916,36.36096954345703,36.43837833404541,37.11401634216308,0.29921683669957977,1047.9101258217902,100,10.0,251.137005,586.6693723696337,-0.31,-0.22690000000000002,0.04924824869982688,-0.58,-0.5651999999999999,0.015714961024450518,-0.047726397709668855,0.5354278556971159,1.1048399642929876,0.695,0.6840550000000001,0.0029439726561229806,0.0,0.0,39.90360514322917,58.38827105238079,103.29187619560996,0.7700130944020437,0.04050928253971917,0.09187463657179837,0.0,data/raw/pipeline-0014-run-001/logs/00000001.BIN,39.85540771484375,586.6104065044295,107.38088410888965,-9.316621215276417,3.5520382637111307,9.970777637466728,99.41640669580659,0.013203300522234984,0.002132829052204207,0.29868382637111307,-0.9543521215276418,1163.1825974382775,1162.770122433497,1163.0,115.47795699999998,14.227035903334707,135.659048,pipeline-0014-run-001,pipeline-0014,0.4686020842194557,0.003788611953783635,-0.6049696517373097,-0.49310305736312554,0.006303294879326131,0.0045886827594639155,12.234772176742554,12.22551441192627,0.0029862434233052875,pipeline-0014-family,train,8050631019588093217,d12a8f8997634cee977581cbaa5548c04facc1f5,6c58c27282539d3519962692d87bdfaba41ce01b094a18e3956a3473bb14fe20,2f5ce03671f92bfca42dabff69a505058fb52e27086fafbd86a866f5b4af27cf,d991d8eb3443cf50e778abeeaeca72adee01b319f20b09175f8e06d9cfc8c39b,39.84952079665389,1.0
4,12.247411727905273,0.28669371928845067,True,23.63331640625,5.311535105866091,35.35532676696777,35.273006439208984,35.269402503967285,35.29904365539551,35.6820987701416,0.2101813964530924,2076.1444285497037,100,10.0,486.884335,1449.1406880795985,-3.02,-3.0328999999999997,0.012906974858579359,4.55,4.5175,0.02487468592766545,-1.1806284255226482,0.5471838068368003,1.108381088796843,0.695,0.6750075000000001,0.004359752716611342,0.0,0.0,76.78837076822916,129.6117385290762,211.40010929730536,0.6302784166495794,0.03893010303044092,0.09100844854142777,0.0,data/raw/pipeline-0015-run-001/logs/00000001.BIN,95.18255615234375,1449.0906548350556,223.59295829570567,9.92810126059003,2.7251652260033152,10.295325159971735,105.99372014954704,0.19796072384764046,0.003756327088243396,0.7242665226003315,0.6895201260590029,2363.6183343442885,2363.331640625,2364.0,238.42959000000002,28.93078507230507,248.454745,pipeline-0015-run-001,pipeline-0015,0.45369560569524764,0.002465173623404106,-2.9569074506606823,4.661835634051294,0.0018797706805708002,0.0029833302828368062,12.24644721031189,12.238986015319824,0.0020898238621428248,pipeline-0015-family,test,8171272096245292490,d12a8f8997634cee977581cbaa5548c04facc1f5,6c58c27282539d3519962692d87bdfaba41ce01b094a18e3956a3473bb14fe20,2f5ce03671f92bfca42dabff69a505058fb52e27086fafbd86a866f5b4af27cf,ec0bc312ec34548c1b0c447bd5b8ba4b859b1415234ba08ecd50073a90461673,95.18562241813585,1.0
4,12.215263366699219,0.38994218876814557,True,17.664212768554687,4.5292497438789106,38.49362892150879,38.488101959228516,38.461195945739746,38.51750183105469,38.54509239196777,0.14722222726805292,1510.5836427412519,100,10.0,353.49188,694.3054093537394,-2.37,-2.2266999999999997,0.10805605027021856,4.88,4.8917,0.026497358358900592,-2.8935823018488374,0.4651253624562811,0.9668947381029174,0.714,0.7056425000000001,0.004065057656417684,0.0,0.0,82.42384338378906,53.84891437457079,141.27275775835986,0.9497668698263785,0.04182105063956966,0.09196181829852124,0.0,data/raw/pipeline-0016-run-001/logs/00000001.BIN,103.6357650756836,694.2843178060466,98.10043862808871,-7.673583215174501,-3.483015415242285,8.427056173007465,71.01527574302321,0.18547508213474756,0.005125290938371606,0.1408684584757715,-0.9900283215174501,1766.8112190442369,1766.4212768554687,1767.0,168.83244,21.58896686253231,184.65944,pipeline-0016-run-001,pipeline-0016,0.4924081337451935,0.0018409157234809117,-2.775107423928218,5.101544516423968,0.0017336247247294522,0.0069663958086101044,12.21509955406189,12.20956039428711,0.0015079891097848652,pipeline-0016-family,train,3839773422150254897,d12a8f8997634cee977581cbaa5548c04facc1f5,6c58c27282539d3519962692d87bdfaba41ce01b094a18e3956a3473bb14fe20,2f5ce03671f92bfca42dabff69a505058fb52e27086fafbd86a866f5b4af27cf,769bf533e8a0883aaaeecaa0eb3d1d2d76a10a1c59c68b4af62fffce0dd1a20e,103.63949584280391,1.0
4,12.267455101013184,0.29199328493541543,True,20.369288635253906,2.894825540393554,33.46531871795654,33.26641082763672,33.26613521575928,33.316922187805176,34.153694534301756,0.40017620869228787,2096.940272132124,100,10.0,423.84706,1194.6495100379707,0.22,0.274,0.038781438859330636,-3.46,-3.4778000000000002,0.015400000000000044,1.9468317674327105,0.6174922123118691,1.2921195050698975,0.673,0.6555175,0.0051657229648907855,0.0,0.0,72.23108418782553,148.3452817000354,225.57636588786093,0.4458572485299697,0.08148149000519267,0.08764396634704623,0.0,data/raw/pipeline-0017-run-001/logs/00000001.BIN,88.34662628173828,1194.58667213964,231.57477826431398,7.56006745251378,9.69289349482888,12.292550760060102,151.1068041886542,0.09694206847360794,0.0029771104349187536,0.6215093494828879,0.783406745251378,2037.220856810326,2036.9288635253906,2038.0,210.210049,24.949036906947974,213.637011,pipeline-0017-run-001,pipeline-0017,0.43026876360177996,0.005060963012141905,0.22332398990455304,-3.3610561406732007,0.006704485758782539,0.0061121190294813115,12.265314617156982,12.25333023071289,0.003991887272944104,pipeline-0017-family,train,8143623438434587671,d12a8f8997634cee977581cbaa5548c04facc1f5,6c58c27282539d3519962692d87bdfaba41ce01b094a18e3956a3473bb14fe20,2f5ce03671f92bfca42dabff69a505058fb52e27086fafbd86a866f5b4af27cf,684c266b3e534fa205634d5088059151cc7cb6376db3fc39727052cf6caf133a,88.35026992876558,1.0
4,12.227177619934082,0.4396778170482776,True,9.592414031982422,0.07025999690769918,37.384640541076664,37.306222915649414,37.280202865600586,37.332387924194336,37.707899475097655,0.23530776821806862,841.0871002925115,100,10.0,210.391643,265.4029863534607,0.71,0.5726,0.08579766896600396,-1.02,-0.9159999999999999,0.059413803110051795,-1.0779565356889536,0.6451624652998426,1.2880616943326435,0.704,0.6929949999999999,0.0022912823920241718,0.0,0.0,52.03576151529948,23.9577566041565,80.99351811945598,0.8597344646972432,0.053280450935328606,0.09584453093823685,0.0,data/raw/pipeline-0018-run-001/logs/00000001.BIN,58.05364227294922,265.3392653810439,324.2658176304313,5.268349859637697,-7.200853130197586,8.9223201044471,79.60779604622093,0.003067014836307847,0.0026776040302135687,-0.8116853130197588,0.5840949859637697,959.6810810152905,959.2414031982422,960.0,95.25688199999999,11.737125850946095,115.134761,pipeline-0018-run-001,pipeline-0018,0.47920275598764417,0.0029930422118216045,0.8590680680082573,-1.2703818275224517,0.006903197597202961,0.00801171918144213,12.2261590385437,12.217864036560059,0.0023630855891151607,pipeline-0018-family,validation,2937839207764996152,d12a8f8997634cee977581cbaa5548c04facc1f5,6c58c27282539d3519962692d87bdfaba41ce01b094a18e3956a3473bb14fe20,2f5ce03671f92bfca42dabff69a505058fb52e27086fafbd86a866f5b4af27cf,aebb929f78768a830492191c486b465c826d41c1673cb772de432a07bae079e7,58.03987183479654,2.0
4,12.287909507751465,0.3396963509053421,True,11.697696411132814,2.6339090630713837,31.336711769104003,31.207213401794434,31.206554889678955,31.255270957946777,31.776996994018557,0.2764297020245479,1064.7628072695695,100,10.0,278.524379,538.8505812570617,1.51,1.5204,0.01788407112488654,2.08,2.154,0.05140038910358564,-0.11770814530195373,0.6438177340704371,1.287121646518066,0.646,0.633335,0.0036066293128071843,0.0,0.0,64.06309509277344,53.25816612997193,122.32126122274536,0.24299472490358143,0.04052900281926099,0.09745883781981209,0.0,data/raw/pipeline-0019-run-001/logs/00000001.BIN,76.09464263916016,538.7892426371408,127.77768514795575,-9.42460674954291,3.9716441016827204,10.227275749385118,104.59716925396093,0.07559995705681935,0.0025869004862819397,0.612564410168272,-0.790420674954291,1170.1093374641866,1169.7696411132813,1170.0,134.88519100000002,14.372401534168782,143.639188,pipeline-0019-run-001,pipeline-0019,0.4027981087565422,0.003489028726334316,1.507169601644381,1.823682720768167,0.007633161119010765,0.005898015656604242,12.286627283096314,12.277360916137695,0.0027462785490078,pipeline-0019-family,train,6642641991920464142,d12a8f8997634cee977581cbaa5548c04facc1f5,6c58c27282539d3519962692d87bdfaba41ce01b094a18e3956a3473bb14fe20,2f5ce03671f92bfca42dabff69a505058fb52e27086fafbd86a866f5b4af27cf,523619add1bac73391d6b5599aad3babb1ca7609ced4b8e1b9d31d68d482f882,76.09769111287024,1.0
4,12.26583194732666,0.3899716251961536,True,9.192473058779377,1.569837375537154,33.43986446380615,33.41286087036133,33.38931179046631,33.43813419342041,33.552297592163086,0.18107150499494148,748.4982848171588,100,10.0,234.849356,425.9715422305897,-1.08,-1.045,0.03103224129836583,2.95,2.8893,0.03636633058200954,-2.641153176997998,0.5893489722301,1.1767372818030781,0.664,0.653765,0.0024768477950814845,0.0,0.0,41.883079528808594,33.697205964222704,80.5802854930313,0.4628054861030859,0.07033982625792964,0.1010607765286933,0.0,data/raw/pipeline-0020-run-001/logs/00000001.BIN,42.82461929321289,425.9080986617132,190.84493723516707,2.926049901176829,6.932189259235722,7.524427948358602,56.617015950040035,0.04502862788413078,0.0033011067576009866,0.9821489259235722,0.1881049901176829,919.6372775031339,919.2473058779377,919.0,101.16451799999999,11.28123153235928,133.684838,pipeline-0020-run-001,pipeline-0020,0.4283658891916275,0.0022477289156553246,-0.9883318123883459,2.9067529599161976,0.002474870561709395,0.008517174501039367,12.265617952346801,12.25910758972168,0.001795128364738949,pipeline-0020-family,test,5979685021559722951,d12a8f8997634cee977581cbaa5548c04facc1f5,6c58c27282539d3519962692d87bdfaba41ce01b094a18e3956a3473bb14fe20,2f5ce03671f92bfca42dabff69a505058fb52e27086fafbd86a866f5b4af27cf,19e485e268d8080a9bda47a7a0c64ee97481d4f93005bdffb9f73936d982ec21,42.82216317273829,2.0
4,12.221163749694824,0.46623344003864986,True,7.383103454589843,0.7420126438767443,38.03240249633789,37.899749755859375,37.89905643463135,37.95903778076172,38.583241653442386,0.28698385220916894,630.2739167580546,100,10.0,167.344702,215.8927421526641,0.73,0.6358,0.0517335481095198,-0.38,-0.5032,0.08205949061504099,-0.3269084219273709,0.5697704288231012,1.151094194411673,0.709,0.6982499999999999,0.002773535649671735,0.0,0.0,33.75344467163086,20.905844550170883,59.65928922180174,0.921814893912445,0.04459454049629694,0.09174802267651917,0.0,data/raw/pipeline-0021-run-001/logs/00000001.BIN,30.63016700744629,215.83647793019225,242.14343322004348,8.204833888828489,5.176870125682521,9.701509338317033,94.1192834414526,0.017153479576460302,0.00348413522605636,0.4673670125682522,0.8840633888828489,738.776578899023,738.3103454589843,738.0,72.08532100000001,9.02873469397777,95.259381,pipeline-0021-run-001,pipeline-0021,0.4864830055832863,0.003629732335687045,1.0640731250922404,-0.20418808565286034,0.004551565320580267,0.0059847989076064105,12.219660444259643,12.210796356201172,0.0028825275886028533,pipeline-0021-family,train,8175547263756210398,d12a8f8997634cee977581cbaa5548c04facc1f5,6c58c27282539d3519962692d87bdfaba41ce01b094a18e3956a3473bb14fe20,2f5ce03671f92bfca42dabff69a505058fb52e27086fafbd86a866f5b4af27cf,42cd11cb5679f41299b916c94abbc257483ed019a26198c4857a5f597c6c0c05,30.620895849544922,1.0
4,12.258091926574707,0.33042792215496775,True,18.626484680175782,4.839655378221218,34.41365432739258,34.2005500793457,34.17657661437988,34.252689361572266,35.23529739379883,0.45205448024420325,1882.8146966191036,100,10.0,374.419339,1082.7897254888571,5.37,5.3725,0.008874119674649393,0.78,0.7676000000000001,0.014974645237867922,2.455748731050152,0.5629594384825549,1.2058126355290686,0.695,0.6642775000000001,0.006779416918142741,0.0,0.0,48.435427347819015,143.52514078439228,196.96056813221128,0.5218953548050295,0.07090188914197278,0.08346852817831898,0.0,data/raw/pipeline-0022-run-001/logs/00000001.BIN,52.653141021728516,1082.7193869188393,18.774312660100982,-8.590712585457817,-10.235604423045064,13.362931588203354,178.567940631003,0.19293133447506686,0.003246196590874076,-0.9468004423045064,-0.3218212585457818,1862.978895939733,1862.6484680175781,1863.0,184.75773399999997,22.788015767903577,189.661605,pipeline-0022-run-001,pipeline-0022,0.44219158828258515,0.0056681366417444725,5.356346182896455,0.7584325487184482,-0.00029980019113281744,0.0037845554488915617,12.255855016708374,12.242486000061035,0.004537669171884201,pipeline-0022-family,train,5512969693144634310,d12a8f8997634cee977581cbaa5548c04facc1f5,6c58c27282539d3519962692d87bdfaba41ce01b094a18e3956a3473bb14fe20,2f5ce03671f92bfca42dabff69a505058fb52e27086fafbd86a866f5b4af27cf,66fa1f6e33f09f33cf810f3ccb3c1620f3a1b6ea7feeda53a247f9d1d40cd970,52.65079780602507,1.0
4,12.224486351013184,0.3565704404572898,True,22.8575244140625,0.3748145066581826,37.86034595489502,37.56674385070801,37.54023838043213,37.66515636444092,38.92773895263672,0.5877747844778498,2585.8394403262387,100,10.0,394.774527,796.200877641612,4.65,4.7684,0.08100271600384759,0.97,1.0435,0.049403947210724004,4.8668310938020625,0.6039574771582804,1.2210883249996676,0.719,0.6995774999999999,0.005799482196713777,0.0,0.0,85.76885477701823,155.10903541090494,245.87789018792319,0.8673834708337228,0.19625479756200195,0.06837889717685763,0.0,data/raw/pipeline-0023-run-001/logs/00000001.BIN,108.65328216552734,796.1549952414131,73.25411677628405,-14.344228991609686,-3.925079275926209,14.871555153582333,221.16315268604126,0.01499784534487506,0.0022796225802081955,-0.2881579275926209,-0.9575828991609686,2286.1090118467073,2285.75244140625,2286.0,213.535385,27.9137339035823,181.239142,pipeline-0023-run-001,pipeline-0023,0.4857849422097206,0.007430207268790345,4.734227284712887,1.0148764373098937,0.007391521819517948,0.010358554190683234,12.221395616531373,12.204246520996094,0.00586275172700444,pipeline-0023-family,train,1845876062768566154,d12a8f8997634cee977581cbaa5548c04facc1f5,6c58c27282539d3519962692d87bdfaba41ce01b094a18e3956a3473bb14fe20,2f5ce03671f92bfca42dabff69a505058fb52e27086fafbd86a866f5b4af27cf,1b21b8a5bc663fbc896d4c5a76befdb36a6bb548c65643419725777294e39be6,108.66195871567567,1.0
4,12.293214797973633,0.2683737569147979,True,19.029769653320315,0.636138338139607,30.701544609069824,30.6662540435791,30.665756225585938,30.690452098846436,30.818247222900393,0.16562778602369624,1573.0142000768315,100,10.0,480.94921,1353.9411360429156,-1.97,-2.0044,0.030077233915371905,-1.81,-1.8067000000000002,0.005666568626602881,-2.622424882575091,0.5430099819206339,1.1074265173983406,0.636,0.62712,0.0018494864151974747,0.0,0.0,72.18367004394531,107.26474101755154,184.44841106149687,0.18793406876100854,0.06791838743672078,0.10040802970008929,0.0,data/raw/pipeline-0024-run-001/logs/00000001.BIN,88.27550506591797,1353.885924415618,61.6054705290923,-6.7924818495966,-2.9488094074386897,7.404950141526826,54.83328659849816,0.014361885961560095,0.0023091929881604682,-0.475550940743869,-0.8796881849596601,1903.2453390889461,1902.9769653320313,1904.0,224.31440500000002,23.3947273529366,256.634805,pipeline-0024-run-001,pipeline-0024,0.39468955785036086,0.002094074187182611,-1.7697385362715432,-1.6412263959255022,3.168151820773346e-05,0.007241666203725225,12.292992477416993,12.286720275878906,0.0016586605201321842,pipeline-0024-family,train,7620400128778838584,d12a8f8997634cee977581cbaa5548c04facc1f5,6c58c27282539d3519962692d87bdfaba41ce01b094a18e3956a3473bb14fe20,2f5ce03671f92bfca42dabff69a505058fb52e27086fafbd86a866f5b4af27cf,117d8752e773f9a0040553194cff52b50e78a1b845c714a07f35cacd592d4c9e,88.27242171173864,1.0
4,12.24215316772461,0.4301602859192144,True,8.226777877807619,5.405742621253692,35.876399536132816,35.819047927856445,35.793785095214844,35.82803440093994,36.16068801879883,0.20052525736119642,699.2371232961167,100,10.0,194.464683,251.54899509828823,0.2,0.309,0.07936623967405788,5.48,5.5208,0.045905990894435394,-1.163039273954785,0.6150212904040085,1.2257014354018614,0.697,0.6784425000000001,0.004280968786384686,0.0,0.0,42.630516052246094,22.534095681737284,70.16461173398338,0.6822730586606714,0.03903481727679626,0.09336403020405061,0.0,data/raw/pipeline-0025-run-001/logs/00000001.BIN,43.94577407836914,251.5037364951622,105.35201896181445,-9.95247371325547,-2.874403442083794,10.359243609496993,107.31392816090428,0.20508036344526567,0.004129824039565772,0.26463965579162063,-0.9643473713255472,823.107948066681,822.6777877807618,823.0,84.60281200000001,10.076600868675055,109.861871,pipeline-0025-run-001,pipeline-0025,0.4601563331484795,0.00233502463288668,0.04960059342445418,5.622058812658857,0.002579548674329999,0.0030437764776000595,12.241235551834107,12.234122276306152,0.0019833932348262977,pipeline-0025-family,test,4617506539653011174,d12a8f8997634cee977581cbaa5548c04facc1f5,6c58c27282539d3519962692d87bdfaba41ce01b094a18e3956a3473bb14fe20,2f5ce03671f92bfca42dabff69a505058fb52e27086fafbd86a866f5b4af27cf,d478fb3739cc35ac4f532136a81b955bebc4b694229d902d244a631a34c0f75f,43.948981510169126,2.0
4,12.233268737792969,0.4299821359678617,True,9.546257873535156,1.4382417068859152,36.88860565185547,36.68700981140137,36.66084861755371,36.76399612426758,37.7327579498291,0.4482789788164937,934.4677837331777,100,10.0,206.979675,390.74633260364726,-2.42,-2.5135,0.06309318505195306,0.49,0.5215,0.016209565077447342,2.1262890896051476,0.43926341208913,0.98552384636465,0.702,0.6874375,0.0045184171730817055,0.0,0.0,36.5690434773763,49.62670550779112,91.19574898516743,0.7951835690571532,0.08430245427136886,0.08476114042376214,0.0,data/raw/pipeline-0026-run-001/logs/00000001.BIN,34.85356521606445,390.6963642293065,315.7990441602594,9.485628127065935,-7.6901420875767,12.211282745563748,149.1154262921029,0.03943997484908811,0.0024661010405795923,-0.7168642087576701,0.6972128127065935,955.0557694894835,954.6257873535156,955.0,92.72039699999999,11.67158866382344,114.259278,pipeline-0026-run-001,pipeline-0026,0.47307292073965074,0.005644204420921651,-2.309826016900755,0.37560910708629996,0.0018735765480687406,0.006666231334049676,12.231097421646119,12.217812538146973,0.004502042884237558,pipeline-0026-family,train,168748632097314731,d12a8f8997634cee977581cbaa5548c04facc1f5,6c58c27282539d3519962692d87bdfaba41ce01b094a18e3956a3473bb14fe20,2f5ce03671f92bfca42dabff69a505058fb52e27086fafbd86a866f5b4af27cf,72a7465520016aec19383d8b34840cac1fa27332386ea92b57dca343ea5cb5ee,34.84048958015994,1.0
4,12.213295936584473,0.3555988078460359,True,23.438753173828122,0.11346589093221726,38.69895286560059,38.68034744262695,38.67462921142578,38.70706653594971,38.82148399353027,0.17573269996092092,1888.6254752500415,100,10.0,485.777278,1498.63223187672,-1.57,-1.4340000000000002,0.08559205570612263,2.57,2.3954,0.10750274415102154,-2.7895201471928748,0.49545546613274866,1.0261415839916317,0.715,0.7056699999999999,0.001742440816785467,0.0,0.0,53.51426442464193,117.17658009285434,175.69084451749626,0.9905962552324438,0.08899928323894354,0.09362047860449482,0.0,data/raw/pipeline-0027-run-001/logs/00000001.BIN,60.27139663696289,1498.579115777309,151.4234931638785,-3.3494661925252407,6.386311176357832,7.2113725611801875,52.0038942161425,0.0020432642103767845,0.0023215175711686306,0.8781711176357833,-0.4783466192525241,2344.2309161906583,2343.875317382812,2344.0,220.117751,28.63122184925247,265.659527,pipeline-0027-run-001,pipeline-0027,0.49426001697778704,0.00223955621097761,-1.7838362346991123,2.913334236307799,0.0011864086242712802,0.009507081994192985,12.213013553619385,12.206428527832031,0.0017836303700780052,pipeline-0027-family,test,4701532036232384046,d12a8f8997634cee977581cbaa5548c04facc1f5,6c58c27282539d3519962692d87bdfaba41ce01b094a18e3956a3473bb14fe20,2f5ce03671f92bfca42dabff69a505058fb52e27086fafbd86a866f5b4af27cf,6e354ac3b75f5fd4afa4108cd33058499f696267e6282097485d80da4afa4dba,60.271734095374185,2.0
4,12.22611141204834,0.45179311118499754,True,8.362062866210938,4.127510987407996,37.62742279052734,37.39204025268555,37.366350173950195,37.4442253112793,38.51860885620117,0.4729463616276387,792.5595382115079,100,10.0,182.344533,272.17675144605215,0.96,0.9012,0.038607771238443694,4.52,4.5733999999999995,0.022325769863545505,2.166056797229995,0.5914338431400791,1.255399238821162,0.717,0.6947199999999999,0.005978846042506864,0.0,0.0,36.08479309082031,34.74326330956971,75.82805640039003,0.8522022699939712,0.06862109757436466,0.08716982623114125,0.0,data/raw/pipeline-0028-run-001/logs/00000001.BIN,34.12718963623047,272.11493299417566,308.8422192347319,6.88810058153967,-10.84450807197785,12.847150849297282,165.0492849445999,0.1511079376842036,0.0033557401473836524,-0.6271108071977851,0.7789300581539671,836.6580797322788,836.2062866210938,837.0,80.31036300000001,10.220045067388511,102.03417,pipeline-0028-run-001,pipeline-0028,0.48281397581100466,0.005918190580567205,1.1686869461421292,4.508807522713835,0.004945810709614307,0.003191139553656263,12.223702669143677,12.210134506225586,0.004739281375566174,pipeline-0028-family,train,3812888231501192765,d12a8f8997634cee977581cbaa5548c04facc1f5,6c58c27282539d3519962692d87bdfaba41ce01b094a18e3956a3473bb14fe20,2f5ce03671f92bfca42dabff69a505058fb52e27086fafbd86a866f5b4af27cf,d8166e66b79b7ff0a000782c6f4ec8ae7148c2c75f4dac6ed931064e4168f4f2,34.129666297037446,1.0
4,12.257712364196777,0.39405450392268904,True,10.102629943847656,1.3975420804512124,34.35208354949951,34.249183654785156,34.223876953125,34.27479076385498,34.7862548828125,0.25116119749436355,877.1021363245412,100,10.0,234.207113,501.4531796075597,0.75,0.8368000000000001,0.060446339839563476,1.35,1.3296999999999999,0.006993568473962351,-0.7177830196989174,0.6305951838477168,1.248462845040094,0.673,0.6627649999999999,0.002634345269701755,0.0,0.0,40.130767822265625,46.787024768639746,91.91779259090538,0.5520087446793116,0.04480395817381681,0.09582455011412644,0.0,data/raw/pipeline-0029-run-001/logs/00000001.BIN,40.19615173339844,501.3882942498589,149.37089831274096,-5.93201679929219,7.274878186535971,9.386835246025235,88.11267593602165,0.034498797652584456,0.00289660971010182,0.860457818653597,-0.5095216799292189,1010.6570488886883,1010.2629943847656,1011.0,107.14795699999999,12.384933838495598,127.059156,pipeline-0029-run-001,pipeline-0029,0.4403392541408539,0.0031789869176691386,0.6055544025151046,1.3814283689876785,0.004852919094919344,0.004742168121385042,12.2564999294281,12.2484712600708,0.002509341514638789,pipeline-0029-family,train,3954941760764430315,d12a8f8997634cee977581cbaa5548c04facc1f5,6c58c27282539d3519962692d87bdfaba41ce01b094a18e3956a3473bb14fe20,2f5ce03671f92bfca42dabff69a505058fb52e27086fafbd86a866f5b4af27cf,5310a944a7b5b17282bf8afd7846ee439b3e8760373515ee9e8fa4783f4a4ae2,40.193409824731205,1.0
4,12.253351211547852,0.36095543514034034,True,15.509964904785157,4.115143049292885,34.80332862854004,34.66644477844238,34.6656494140625,34.71501922607422,35.29486274719238,0.30732429476796846,1461.4008269505448,100,10.0,323.009078,636.4752982959275,-3.69,-3.6766,0.01975955465085184,1.9,1.8796000000000002,0.013850631754544552,0.340413577661725,0.5211556240327134,1.0887698189586577,0.69,0.6693425000000001,0.004562367121352686,0.0,0.0,80.27440388997397,65.89053303814815,151.16493692812213,0.5832058968255188,0.038851879207279304,0.09065465702085282,0.0,data/raw/pipeline-0030-run-001/logs/00000001.BIN,100.41160583496094,636.4143448245968,211.8086772806594,8.9471207623853,6.618729888470174,11.12917585777287,123.85855527323449,0.13749252727696376,0.003504643713343723,0.8498329888470174,0.5270520762385299,1551.357445913656,1550.9964904785156,1551.0,160.74734199999997,19.000956666394824,162.261736,pipeline-0030-run-001,pipeline-0030,0.44666720896959305,0.003811497240207589,-3.587115001533735,1.9649361494837347,0.00696809891893281,0.006634492712930374,12.251972923278808,12.241470336914062,0.003063431965489002,pipeline-0030-family,train,7235512119529550579,d12a8f8997634cee977581cbaa5548c04facc1f5,6c58c27282539d3519962692d87bdfaba41ce01b094a18e3956a3473bb14fe20,2f5ce03671f92bfca42dabff69a505058fb52e27086fafbd86a866f5b4af27cf,30abd9c1a87526dd92d111fbe65b3c822185784335e244d9a02cb2f812e55b63,100.41808614002596,1.0
4,12.296839714050293,0.3302355462601554,True,11.269349487304687,1.7732331090799662,30.52769540786743,30.332682609558105,30.30936574935913,30.40974998474121,31.296883392333985,0.46235708403447967,1114.7713097278368,100,10.0,263.212173,205.47006685462574,3.56,3.5702999999999996,0.017632640188014973,-3.9,-3.6870999999999996,0.20775126955087422,4.816367182935972,0.5336976513811355,1.081970213075377,0.645,0.62635,0.008508084390742732,0.0,0.0,86.82195536295573,39.63823714099458,131.4601925039503,0.13346863542978835,0.1484675560049262,0.0675723112434632,0.0,data/raw/pipeline-0031-run-001/logs/00000001.BIN,110.2329330444336,205.39114396117864,156.14876524367372,-7.616268306449952,12.832051638100799,14.922100795756588,222.6690921587194,0.12055045245509911,0.0038649229640051524,0.91449516381008,-0.4045968306449953,1127.2651842767289,1126.9349487304687,1127.0,135.554923,13.860840827044948,127.65725,pipeline-0031-run-001,pipeline-0031,0.39338257640600205,0.005985398959422791,3.395439729384484,-3.68007545607222,0.011743586083175614,0.028074755310942712,12.294738998413086,12.279150009155273,0.004605562394415964,pipeline-0031-family,validation,2067803565412818518,d12a8f8997634cee977581cbaa5548c04facc1f5,6c58c27282539d3519962692d87bdfaba41ce01b094a18e3956a3473bb14fe20,2f5ce03671f92bfca42dabff69a505058fb52e27086fafbd86a866f5b4af27cf,5149baccd0379ba6df3ae5cef221baeefbe503b8a532a4f3da326600aa609d24,110.2379866816309,2.0
4,12.241233825683594,0.33839696153586374,True,19.4758544921875,1.1298811125627606,35.97647838592529,35.87881088256836,35.8784761428833,35.93035411834717,36.345774459838864,0.22088411028916136,1702.2707191868085,100,10.0,409.679396,1201.5297031887976,0.38,0.4715,0.05646901805415072,1.73,1.6451,0.04846638010002393,-1.2853151097975695,0.5474522352545734,1.1097756972768542,0.689,0.6797,0.0022901964981197572,0.0,0.0,58.86994425455729,106.46842303460946,170.33836728916674,0.7168966101566532,0.05362820650884569,0.09280485146619566,0.0,data/raw/pipeline-0032-run-001/logs/00000001.BIN,68.30491638183594,1201.4638034956179,154.67619391742963,-4.749014857590647,7.39386380361661,8.787625621523063,77.22236406404859,0.028882008424654836,0.002030626016686098,0.903896380361661,-0.42775148575906474,1947.9238461802859,1947.58544921875,1948.0,195.792485,23.83934608139563,213.886911,pipeline-0032-run-001,pipeline-0032,0.46124108642339706,0.0027643475169247785,0.22111608029960553,1.8986916890819658,0.0057468652859097346,0.005257066121708604,12.240258827209473,12.23297119140625,0.002201361487494253,pipeline-0032-family,test,3331103907207959126,d12a8f8997634cee977581cbaa5548c04facc1f5,6c58c27282539d3519962692d87bdfaba41ce01b094a18e3956a3473bb14fe20,2f5ce03671f92bfca42dabff69a505058fb52e27086fafbd86a866f5b4af27cf,d8a0db3e5c8a58315e82347cec6e2e7b12242c9bf78eebca08c7d5929340810d,68.29830008329347,2.0
4,12.260784149169922,0.3476531640678786,True,15.498512329101562,1.495765643004617,34.16432945251465,33.9476318359375,33.92280578613281,33.9964542388916,35.11577262878418,0.4770885368431394,1658.3028046131064,100,10.0,323.374765,760.1525511434944,1.54,1.5283000000000002,0.008006872048434402,-3.43,-3.3989,0.031871460587804955,3.413342532065451,0.45018172459612826,0.9775627564588448,0.679,0.6616775,0.005654068778322391,0.0,0.0,54.332506815592446,115.40793715843006,174.7404439740225,0.5120609035846776,0.1295982054936011,0.07409653784749132,0.0,data/raw/pipeline-0033-run-001/logs/00000001.BIN,61.49876022338867,760.1089304735207,132.12660098791756,-8.945065919781786,10.106476558725472,13.49648371766917,182.15507274130903,0.05685136319506928,0.0026742332400095407,0.6707576558725472,-0.7416765919781786,1550.198886074224,1549.851232910156,1550.0,157.51530200000002,18.974703120561507,165.859463,pipeline-0033-run-001,pipeline-0033,0.43813391953706743,0.006023784183659381,1.5382797990097692,-3.31566461164193,0.006429000779316994,0.004704555927017942,12.258341646194458,12.244486808776855,0.0047535549974839705,pipeline-0033-family,test,6263326474572516020,d12a8f8997634cee977581cbaa5548c04facc1f5,6c58c27282539d3519962692d87bdfaba41ce01b094a18e3956a3473bb14fe20,2f5ce03671f92bfca42dabff69a505058fb52e27086fafbd86a866f5b4af27cf,1ee3ccb81b4903529a3543a073bf488c736ed5a07dab9ce7fd61cf5d0c5f5300,61.4991506868667,2.0
4,12.274237632751465,0.36460462609943534,True,10.897974014282227,1.9856726775190239,32.71664604187012,32.559736251831055,32.55937576293945,32.60879898071289,33.30271530151367,0.32742295673518346,1017.571894018865,100,10.0,252.664727,472.4444046818848,-1.0,-0.9853999999999999,0.009738583059151889,-1.83,-1.8844999999999998,0.0503661592738616,0.761221011109408,0.5435688223808344,1.1411561074711662,0.66,0.647075,0.003679588971610827,0.0,0.0,55.83216094970703,51.137104291593914,111.96926524130095,0.38143774846473844,0.057111669631406084,0.09188847340560918,0.0,data/raw/pipeline-0034-run-001/logs/00000001.BIN,63.74824142456055,472.38718826206633,276.6324624082324,10.918518750070909,0.7298780285349997,10.94288689661865,119.74677363218814,0.05404839950517823,0.002751166181444918,-0.11546219714650002,0.993311875007091,1090.162006054322,1089.7974014282227,1090.0,120.027803,13.373390384944656,132.636924,pipeline-0034-run-001,pipeline-0034,0.42046461552381514,0.004151491167279834,-0.9987861262245029,-1.7387511930515507,0.004955684619199019,0.0067458811397869385,12.272828578948975,12.262260437011719,0.003274153342241743,pipeline-0034-family,train,8041899025859640503,d12a8f8997634cee977581cbaa5548c04facc1f5,6c58c27282539d3519962692d87bdfaba41ce01b094a18e3956a3473bb14fe20,2f5ce03671f92bfca42dabff69a505058fb52e27086fafbd86a866f5b4af27cf,10183f930aef496d22396e10a13f24020eca5b593ff47979bfacaebcef4de3ba,63.74502575685713,1.0
4,12.274786949157715,0.3547067057172626,True,12.02996844482422,2.8342252024287884,32.46838415145874,32.5279483795166,32.449737548828125,32.53915214538574,32.55919990539551,0.16502405909279427,1060.8981359588495,100,10.0,288.896895,285.852335704811,-0.82,-0.79,0.016733200530681506,-4.98,-4.975,0.01161895003862237,-4.164359794964586,0.49599776741521473,0.9666911050442927,0.655,0.64657,0.005102460190927515,0.0,0.0,92.44820149739583,20.181098181820488,117.62929967921632,0.35877598286482587,0.07052442978895183,0.09217824918118377,0.0,data/raw/pipeline-0035-run-001/logs/00000001.BIN,118.67230224609375,285.81228286199376,43.26088418538566,-6.063321413376991,-2.3073063383071446,6.487490200432543,42.087529100708274,0.12806459072391776,0.0025845184222775034,-0.7282306338307144,-0.685332141337699,1203.3515511881392,1202.996844482422,1204.0,137.83734299999998,14.779224339980324,151.059552,pipeline-0035-run-001,pipeline-0035,0.41708523243665696,0.001979668605593227,-0.7790433402189478,-4.816426955153343,-0.0012612638291830082,0.008208216784171767,12.275317506790161,12.273233413696289,0.001669358286031545,pipeline-0035-family,validation,5472982156920748372,d12a8f8997634cee977581cbaa5548c04facc1f5,6c58c27282539d3519962692d87bdfaba41ce01b094a18e3956a3473bb14fe20,2f5ce03671f92bfca42dabff69a505058fb52e27086fafbd86a866f5b4af27cf,82a19f32f6b22955c4edb82504d14dac1666a2627c08f26ba8dcd28885c9faa2,118.67050176660541,2.0
4,12.296339988708496,0.28054906426018533,True,17.415382202148436,4.620028363159067,30.490709018707275,30.36544418334961,30.36489725112915,30.39891767501831,30.96675624847412,0.268174672696164,1591.751582115332,100,10.0,408.802247,1072.5720066727192,-3.07,-3.1386000000000003,0.04675510667296144,3.4,3.3906,0.00967677632272238,-0.04812736857291888,0.6046773175980685,1.229804309438274,0.651,0.62525,0.005149514540226103,0.0,0.0,76.1926523844401,106.74347242326516,187.93612480770526,0.1461803745287647,0.040898995927781935,0.09379960620596421,0.0,data/raw/pipeline-0036-run-001/logs/00000001.BIN,94.28897857666016,1072.5116762100872,47.80825424991124,-4.270280306170702,-10.10688562591228,10.971983911241468,120.38443094854162,0.16232424108792123,0.002877070205736368,-0.671628562591228,-0.7408880306170702,1741.818769279104,1741.5382202148437,1742.0,200.134914,21.394478584324624,208.667333,pipeline-0036-run-001,pipeline-0036,0.39282902210950854,0.003310665881591602,-2.65311571150406,3.3486723648872023,0.0027123860491701634,0.004124673793946659,12.295095596313477,12.286284446716309,0.0026695507418464893,pipeline-0036-family,test,2182978816113351869,d12a8f8997634cee977581cbaa5548c04facc1f5,6c58c27282539d3519962692d87bdfaba41ce01b094a18e3956a3473bb14fe20,2f5ce03671f92bfca42dabff69a505058fb52e27086fafbd86a866f5b4af27cf,6f986a137d6e901bb506b05328959af2efd10136c459eb4c48ec0b1f4c32599d,94.28916210974478,2.0
4,12.234838485717773,0.3575210944566152,True,18.26623440551758,2.8423685310709024,36.70623859405518,36.5358772277832,36.50920104980469,36.58674621582031,37.42197189331055,0.36487527509505746,1779.4380736441142,100,10.0,369.679569,1174.8685703309134,-2.7,-2.7289999999999996,0.027874719729532614,1.12,1.1921,0.04750357881254844,0.8885294275249609,0.511083759806065,1.0963387266199836,0.7,0.6858875000000001,0.00421661520060815,0.0,0.0,40.57621510823567,128.94390219292254,174.52011730115822,0.7781382102131338,0.048112586168712994,0.09012412079919026,0.0,data/raw/pipeline-0037-run-001/logs/00000001.BIN,40.864322662353516,1174.8109731138907,6.238621955112026,1.6424735281472727,-11.132897766073064,11.253405349515283,126.6391319604992,0.08572537217040573,0.002287184725832925,-0.9940797766073065,-0.10865264718527269,1826.9809616462144,1826.6234405517578,1827.0,174.82254300000002,22.324675483872277,194.857026,pipeline-0037-run-001,pipeline-0037,0.4712127149105072,0.00460606041050873,-2.739359614292866,0.876772110904389,0.00089568523602793,0.0052141585990862094,12.232933130264282,12.22198486328125,0.0036470736752966157,pipeline-0037-family,train,8374992953207721408,d12a8f8997634cee977581cbaa5548c04facc1f5,6c58c27282539d3519962692d87bdfaba41ce01b094a18e3956a3473bb14fe20,2f5ce03671f92bfca42dabff69a505058fb52e27086fafbd86a866f5b4af27cf,c0de8c4822e1c6e0b0bfd645833cd4d49b16db8cbbcdf85e89b4408ab47c6d16,40.848275561739754,1.0
4,12.309568405151367,0.2817293559451173,True,15.066415161132811,4.058553787947099,29.062181758880616,29.068293571472168,29.044150352478027,29.07464838027954,29.09812812805176,0.12004749669349869,1250.0008023847577,100,10.0,406.632282,917.3076149724075,4.54,4.6597,0.08112280813679963,2.08,2.1168,0.02918492761683676,-3.1179781077390913,0.5300088099913549,1.0535048223347365,0.619,0.6103675,0.004023362244441834,0.0,0.0,79.9129892985026,69.92751531055171,154.8405046090543,0.011309567698411573,0.04459893131552488,0.09721853346293666,0.0,data/raw/pipeline-0038-run-001/logs/00000001.BIN,99.8694839477539,917.2805453234106,193.10432918486285,-2.3928541185600865,7.622882220165035,7.989623531507488,63.83408417521818,0.15478603653973366,0.004357006118353183,0.9739682220165035,0.22668458814399137,1506.9232454692262,1506.641516113281,1507.0,188.37295399999996,18.54901808883798,218.259328,pipeline-0038-run-001,pipeline-0038,0.3742691707611084,0.0014497540541293745,4.143734814198542,1.7188132023506169,0.0014983121847035362,0.005820464052011547,12.3093905544281,12.304855346679688,0.0011933549722886341,pipeline-0038-family,train,9117119461940086780,d12a8f8997634cee977581cbaa5548c04facc1f5,6c58c27282539d3519962692d87bdfaba41ce01b094a18e3956a3473bb14fe20,2f5ce03671f92bfca42dabff69a505058fb52e27086fafbd86a866f5b4af27cf,29f341aca50d733e454bf875055d2c83e2895998b3e8b7700962429cf71bdd94,99.87189020224902,1.0
4,12.247376441955566,0.2937532783912502,True,22.30803985595703,4.298783366282399,35.221750297546386,35.251953125,35.21552848815918,35.277594566345215,35.29127426147461,0.12552757232578537,1773.602087602874,100,10.0,517.989388,1406.7265497191647,-4.74,-4.7267,0.010493331215586583,3.11,3.0524,0.04120970759420648,-3.6303305937302413,0.5173909897499375,1.023189324566877,0.684,0.6735900000000001,0.004569124642642181,0.0,0.0,73.07350158691406,103.20560752695455,181.27910911386863,0.624871720459241,0.04708118658272951,0.09320916584107383,0.0,data/raw/pipeline-0039-run-001/logs/00000001.BIN,89.6102523803711,1406.6948420739686,172.6727938361428,3.4512655739982954,6.865929850583196,7.684544669360389,59.05222677539517,0.18444896167265568,0.0035939390574477093,0.9918329850583197,-0.1275434426001705,2231.0977388740944,2230.803985595703,2231.0,230.52775199999996,27.328366039692604,287.461636,pipeline-0039-run-001,pipeline-0039,0.4519377148151398,0.0015177265794666665,-4.776601779044026,3.2237285767749335,-0.0009246476300177164,0.007123038258651157,12.247774887084962,12.244741439819336,0.001247238153719386,pipeline-0039-family,train,509603107074232694,d12a8f8997634cee977581cbaa5548c04facc1f5,6c58c27282539d3519962692d87bdfaba41ce01b094a18e3956a3473bb14fe20,2f5ce03671f92bfca42dabff69a505058fb52e27086fafbd86a866f5b4af27cf,25d4f90bf1ff91988159d6254facfd623c96d750edd6112a1443ff0611ae08b2,89.60871438961782,1.0
4,12.2883939743042,0.31425440251382497,True,15.052078018188476,1.7948814809717035,31.419705657958986,31.18576717376709,31.16207265853882,31.257028579711914,32.344337463378906,0.4781680609030342,1578.0172648510531,100,10.0,323.23732,802.4802337515462,-4.46,-4.3141,0.11252639690312673,-0.38,-0.299,0.05404627646748664,3.934369108162683,0.5716368447912505,1.1864197950469129,0.651,0.633425,0.00723735967048758,0.0,0.0,43.506159464518234,132.2995493892425,180.80570885376073,0.22701054846622354,0.14055960193686828,0.07120946496960967,0.0,data/raw/pipeline-0040-run-001/logs/00000001.BIN,45.259239196777344,802.4289476325793,241.51223572152497,13.10331738022167,5.068660139172323,14.049492587750409,197.38824197325368,0.09049824503454505,0.0032937290673151565,0.47696601391723226,0.878921738022167,1505.5220562213615,1505.2078018188477,1505.0,164.380055,18.46595660209879,158.857265,pipeline-0040-run-001,pipeline-0040,0.40405257999897004,0.006114320053101361,-4.285874751611958,-0.47625028835246586,0.004711234484129818,0.003141044242172277,12.285774946212769,12.272500991821289,0.004793259711183268,pipeline-0040-family,train,111964800008078595,d12a8f8997634cee977581cbaa5548c04facc1f5,6c58c27282539d3519962692d87bdfaba41ce01b094a18e3956a3473bb14fe20,2f5ce03671f92bfca42dabff69a505058fb52e27086fafbd86a866f5b4af27cf,fe183fda4d1a2322e54f64dc3f3005f94bdff86bd8b763d393f26c833a5effb3,45.26379930842923,1.0
4,12.22148323059082,0.4022969787720285,True,15.619973022460938,3.7328816705094003,38.115995483398436,37.85626983642578,37.852705001831055,37.94172191619873,39.03551559448242,0.5250067232448761,1652.66819854101,100,10.0,294.337218,451.16211419986996,2.9,3.0055,0.06668395609140174,4.32,4.4458,0.08493738870485716,3.8553550191875914,0.5506477137999116,1.15927239113213,0.727,0.7017074999999999,0.007216435667973491,0.0,0.0,77.66846720377603,73.42362587402405,156.0920930778001,0.8918953504298804,0.09556760539660666,0.07418439033173363,0.0,data/raw/pipeline-0041-run-001/logs/00000001.BIN,96.50270080566406,451.0888745687147,78.13781763029738,-12.791856878176738,-6.5018201976057695,14.349399578858756,205.90526827375186,0.16216574172406464,0.004648268080208086,-0.2056020197605769,-0.9786356878176737,1562.3995992248658,1561.9973022460938,1562.0,146.877892,19.078056189364652,147.459326,pipeline-0041-run-001,pipeline-0041,0.4880858689546585,0.006564135209089135,2.8113524684502242,4.532056954888324,0.007929430530639365,0.013484572584034009,12.218832654953003,12.202615737915039,0.005238314528130256,pipeline-0041-family,test,6456399767026531331,d12a8f8997634cee977581cbaa5548c04facc1f5,6c58c27282539d3519962692d87bdfaba41ce01b094a18e3956a3473bb14fe20,2f5ce03671f92bfca42dabff69a505058fb52e27086fafbd86a866f5b4af27cf,3f091e98412a524b82c71cb70186d1a6f79578555043239609325cdfc388401f,96.50820655260122,2.0
4,12.288196563720703,0.29129715389285593,True,16.870541015625,2.581081534161463,31.378152828216553,31.182565689086914,31.158161163330078,31.2312970161438,32.1698184967041,0.41846650697355575,1715.3165077766887,100,10.0,367.364662,895.1059296716201,-3.75,-3.7041000000000004,0.02490361419553399,0.98,0.8556,0.09096504823282402,2.79113351239433,0.5092290014586054,1.0988214484071892,0.653,0.6340275,0.006062734016101982,0.0,0.0,67.63005574544272,124.16736129190231,196.797417037345,0.23111511987219344,0.10281932569604518,0.07784637813378349,0.0,data/raw/pipeline-0042-run-001/logs/00000001.BIN,81.44508361816406,895.0431868498084,325.76911690761926,9.329642945505732,-9.123203435595512,13.048949322374067,170.27507841788662,0.09991332467808599,0.0025111612907866795,-0.8267603435595511,0.5625542945505732,1687.3453987163928,1687.0541015625,1687.0,186.10552800000002,20.70184669672458,181.259134,pipeline-0042-run-001,pipeline-0042,0.403402381837368,0.005343705296074789,-3.618283168784949,1.039279121571803,4.11131834380285e-05,0.006683010198160373,12.286224193572998,12.273958206176758,0.004174163952405002,pipeline-0042-family,train,7798403745412222358,d12a8f8997634cee977581cbaa5548c04facc1f5,6c58c27282539d3519962692d87bdfaba41ce01b094a18e3956a3473bb14fe20,2f5ce03671f92bfca42dabff69a505058fb52e27086fafbd86a866f5b4af27cf,0b563796bbd1e9962578e5fdefc8f190dc44f102236e050eb7e6080998e7daa4,81.44056724631115,1.0
4,12.250755310058594,0.3693331190988829,True,14.669019287109375,1.2902533381427221,35.032260780334475,34.92449951171875,34.92354488372803,34.97437763214111,35.43688888549805,0.23460670200324796,1263.504173681091,100,10.0,322.666715,931.037705244849,-1.8,-1.7293,0.04457028157864838,0.06,0.0181,0.018638401218988715,-1.151543496100587,0.6296740845137202,1.2489700129741477,0.681,0.6695650000000001,0.0024659227481817047,0.0,0.0,41.35116831461589,83.4895820090205,129.84075032363637,0.620940232717384,0.05072442927135842,0.09580145754180681,0.0,data/raw/pipeline-0043-run-001/logs/00000001.BIN,42.02675247192383,930.9682794069686,138.85220215154243,-4.850901178492854,7.511903482772187,8.942031993791359,79.95993617798825,0.030802980911157754,0.002205244313119207,0.7530003482772186,-0.6580201178492854,1467.2712618300363,1466.9019287109375,1467.0,151.206993,17.968577736847255,171.459722,pipeline-0043-run-001,pipeline-0043,0.4489454340934753,0.0029004848442600946,-1.8577603271285015,0.21362403353289178,0.004500548935247935,0.006231001342163575,12.249687700271606,12.242297172546387,0.00232616167360874,pipeline-0043-family,train,6132417109344860970,d12a8f8997634cee977581cbaa5548c04facc1f5,6c58c27282539d3519962692d87bdfaba41ce01b094a18e3956a3473bb14fe20,2f5ce03671f92bfca42dabff69a505058fb52e27086fafbd86a866f5b4af27cf,4b644f117ad075afb940f9c9a0b9f059fdbe5e73d4107d025017581566e5282a,42.02122541805984,1.0
4,12.217082023620605,0.39014375350620867,True,19.601807556152345,2.7766097807993324,38.26839202880859,38.2899055480957,38.26150608062744,38.31774616241455,38.34526176452637,0.18252990217353027,1673.0492519907555,100,10.0,396.732077,783.6698469519919,-2.44,-2.5099,0.05627601620584026,-3.63,-3.4612,0.11878787816944959,-3.2511446561433535,0.5220418329348047,1.071070414888616,0.711,0.70375,0.004007804885470353,0.0,0.0,93.2479960123698,59.13978507424076,157.38778108661057,0.9413728942477466,0.06631564373586253,0.09528143150136449,0.0,data/raw/pipeline-0044-run-001/logs/00000001.BIN,119.87199401855469,783.6379876606449,355.4517946936269,3.3033317279545393,-6.507273608987239,7.2977126777595815,53.256610327132925,0.11086149569693227,0.0034374666219890515,-0.9968473608987239,0.07934317279545393,1960.5708993687406,1960.1807556152344,1961.0,188.445425,23.961761457390054,208.286652,pipeline-0044-run-001,pipeline-0044,0.4892846640944481,0.0022772832645794627,-2.4710962771718963,-4.022115494831957,-0.0022384970833081753,0.008560443065468683,12.217319927215577,12.21189022064209,0.0018366101567720455,pipeline-0044-family,validation,3984300705404326978,d12a8f8997634cee977581cbaa5548c04facc1f5,6c58c27282539d3519962692d87bdfaba41ce01b094a18e3956a3473bb14fe20,2f5ce03671f92bfca42dabff69a505058fb52e27086fafbd86a866f5b4af27cf,93459e50a83016db49bd5a24b2f9184c4c66fee4ba96235ed9c5279ce466267a,119.86837676992577,2.0
4,12.26124095916748,0.3700347519982188,True,12.313746032714844,0.10996296283251056,34.03809154510498,33.88239288330078,33.875081062316895,33.907766342163086,34.64463348388672,0.35423132727096246,1186.632443720103,100,10.0,268.581691,447.6561016769293,1.23,1.2353999999999998,0.005730619512757766,-0.18,-0.1406,0.03390634158973805,1.2385029942656962,0.5454952057983636,1.1438909368088739,0.675,0.661065,0.0035729224732703093,0.0,0.0,69.40926615397134,51.09356327850632,125.50282943247767,0.5166875589419486,0.07065825209668905,0.09085940539561292,0.0,data/raw/pipeline-0045-run-001/logs/00000001.BIN,84.11389923095703,447.6005911235198,101.57021822516016,-11.032320512617709,2.1456806640757295,11.23904094686526,126.31604140531394,0.003703906155655656,0.002422545040965952,0.20050806640757293,-0.9796920512617708,1231.7446380234826,1231.3746032714844,1231.0,131.12252999999998,15.096348873932431,137.459161,pipeline-0045-run-001,pipeline-0045,0.43651279956102373,0.004461230460469656,1.1354363729777663,-0.21637829226472483,0.007646613542674458,0.010417556453888345,12.259622201919555,12.247748374938965,0.003527739709601341,pipeline-0045-family,train,3310811623307482560,d12a8f8997634cee977581cbaa5548c04facc1f5,6c58c27282539d3519962692d87bdfaba41ce01b094a18e3956a3473bb14fe20,2f5ce03671f92bfca42dabff69a505058fb52e27086fafbd86a866f5b4af27cf,a4b45a6e252d42e46f51872f40970e0632694f71f9b4f0129cfef1dd7fb11810,84.11284261788262,1.0
4,12.251839637756348,0.32924958469311605,True,19.869207794189457,3.7697699162558544,35.05606491088867,34.83296775817871,34.831016540527344,34.88726329803467,35.87716445922852,0.46321411821955377,2098.4848744925957,100,10.0,385.669837,867.0783209498142,4.51,4.5839,0.05364503704910654,-1.72,-1.7215,0.011521718621802922,3.1248257933030965,0.491053834349802,1.0686734312147743,0.696,0.6721825,0.00666739782448895,0.0,0.0,84.38167317708333,126.11728734163839,215.49896051872173,0.593431239582636,0.08646322615681579,0.07700801571850084,0.0,data/raw/pipeline-0046-run-001/logs/00000001.BIN,106.572509765625,867.0098321805954,160.9293749050586,-7.8514707345446775,11.172583614842647,13.655483049898379,186.47221732606192,0.15323425368509383,0.004308316942061478,0.9451083614842647,-0.32675707345446775,1987.2500290036387,1986.9207794189456,1987.0,198.18819299999998,24.312017024722998,187.481644,pipeline-0046-run-001,pipeline-0046,0.4499736320972443,0.005834335999796458,4.51432385911759,-1.636062838228796,0.008386416042194469,0.007197586995006668,12.249418869018555,12.235316276550293,0.00463864617536666,pipeline-0046-family,train,2651913454459749492,d12a8f8997634cee977581cbaa5548c04facc1f5,6c58c27282539d3519962692d87bdfaba41ce01b094a18e3956a3473bb14fe20,2f5ce03671f92bfca42dabff69a505058fb52e27086fafbd86a866f5b4af27cf,140e1abcee0465c3d5411a66546995fc82beb2e330565a823a44dc036e868cf7,106.57932263347627,1.0
4,12.260260581970215,0.2283324039690342,True,29.22664535522461,2.266885739571655,34.25908790588379,34.003671646118164,33.98179626464844,34.10726070404053,35.24271774291992,0.5303646081208863,3310.390823061658,100,10.0,536.314555,1476.8137511254054,4.23,4.1959,0.03980188437750163,2.94,3.0118,0.04274061300449488,4.6408776210676645,0.5065752414273461,1.0600153754807018,0.683,0.663515,0.00816025581706849,0.0,0.0,67.2911122639974,275.57007410971306,347.86118637371044,0.5039816566681722,0.1300793134091715,0.06764317381370803,0.0,data/raw/pipeline-0047-run-001/logs/00000001.BIN,80.9366683959961,1476.737866467453,80.36447329624463,-14.054782933358055,-4.685845192442919,14.815332209280806,219.49406847135327,0.1298377188419963,0.003364810230637389,-0.1674045192442919,-0.9858882933358055,2922.89286792643,2922.664535522461,2923.0,291.82738900000004,35.76502257601655,244.487166,pipeline-0047-run-001,pipeline-0047,0.43987882941961287,0.006709241736230112,4.174587127480346,2.9163193930504296,0.005645385213865666,0.003980152911345813,12.257433032989502,12.2422513961792,0.005296268279253048,pipeline-0047-family,validation,1782679295026034434,d12a8f8997634cee977581cbaa5548c04facc1f5,6c58c27282539d3519962692d87bdfaba41ce01b094a18e3956a3473bb14fe20,2f5ce03671f92bfca42dabff69a505058fb52e27086fafbd86a866f5b4af27cf,af4d480c37821b587ed8935920103a19becccdbe84f6ec57d16e21722e24ec54,80.93893855002665,2.0
4,12.299853324890137,0.3146280706125708,True,12.691198974609375,4.210973944755774,30.12576847076416,30.02208137512207,30.02171230316162,30.047112941741943,30.54809150695801,0.25582904961091135,1163.3072049734694,100,10.0,304.824688,543.3667123742604,2.99,3.0010000000000003,0.022956480566497944,2.87,2.9591000000000003,0.06294592917735027,-0.17312494501946274,0.6036051089463466,1.2152304283876019,0.645,0.6215675,0.004732910705897592,0.0,0.0,80.60210164388022,53.4119766847335,139.01407832861372,0.11402396023269364,0.04017794416895242,0.09456539210731083,0.0,data/raw/pipeline-0048-run-001/logs/00000001.BIN,100.90315246582031,543.3054378390771,137.75938714902648,-9.72375698914215,4.443908744081043,10.69110728173704,114.29977490961075,0.14191781126320002,0.003288611029973412,0.7403008744081043,-0.6722756989142148,1269.43452553155,1269.1198974609374,1269.0,151.74261199999998,15.607003810824393,153.082076,pipeline-0048-run-001,pipeline-0048,0.3875071486830711,0.0031804225351317124,2.9477303126464287,2.4522142681956516,0.007975414944812655,0.008642969020563392,12.298734273910522,12.2899169921875,0.0025308401012744666,pipeline-0048-family,train,6410392634193092891,d12a8f8997634cee977581cbaa5548c04facc1f5,6c58c27282539d3519962692d87bdfaba41ce01b094a18e3956a3473bb14fe20,2f5ce03671f92bfca42dabff69a505058fb52e27086fafbd86a866f5b4af27cf,a33babff671397e4d788c3d99a084ad5b7eea360db9be667357de612c42953eb,100.9109538538726,1.0
4,12.21843433380127,0.3344182518681009,True,23.690123779296872,0.9552826656888436,38.293263816833495,38.16563415527344,38.139404296875,38.19855499267578,38.85433464050293,0.31326365202558154,2290.2858484340773,100,10.0,441.929824,1153.740122959934,-0.82,-0.9115000000000001,0.06075154319027625,-0.48,-0.4204,0.026941417928535234,0.30822627829959154,0.5128111195427699,1.0884557941403732,0.716,0.70371,0.003056288598938264,0.0,0.0,91.26954142252605,119.04323770752583,215.31277913005187,0.9470075289779845,0.038881499763181976,0.09053654213080713,0.0,data/raw/pipeline-0049-run-001/logs/00000001.BIN,116.90431213378906,1153.683926764375,317.3584254007694,7.685720773015972,-6.93554541295943,10.35239556701693,107.1720939759918,0.022605727882749928,0.002065901119165197,-0.7355945412959429,0.6774220773015972,2369.3467961815554,2369.0123779296873,2369.0,223.470576,28.940738848055208,218.459248,pipeline-0049-run-001,pipeline-0049,0.49046470880508425,0.003929046334314872,-0.5508584471349942,-0.7939049884302681,0.004356439547482296,0.007425873638223087,12.217076063156128,12.2066650390625,0.0031468833234310715,pipeline-0049-family,train,6733244731312353771,d12a8f8997634cee977581cbaa5548c04facc1f5,6c58c27282539d3519962692d87bdfaba41ce01b094a18e3956a3473bb14fe20,2f5ce03671f92bfca42dabff69a505058fb52e27086fafbd86a866f5b4af27cf,418d2924a62e76567f26515dfd382520d3c25ca02fa9cf95138b0485db14e92d,116.88999088437573,1.0
4,12.226245880126953,0.3529451984845764,True,21.765941894531252,4.0705960627557864,37.39193004608154,37.37990951538086,37.35395812988281,37.38463020324707,37.49707145690918,0.16800445265559366,1845.9130732059107,100,10.0,442.81447,1110.8669246285665,-4.48,-4.3751999999999995,0.07161675781547226,-2.0,-2.0472,0.033617852400175736,-2.600701938684456,0.4933886084609194,1.0215773886875623,0.707,0.6950425,0.0038413140655249698,0.0,0.0,84.56068929036458,88.15913034322148,177.71981963358604,0.8449780368320992,0.046346308545549525,0.09342265491581343,0.0,data/raw/pipeline-0050-run-001/logs/00000001.BIN,106.84103393554688,1110.8200439534708,122.35066853866401,-4.072738555375375,7.398119001872692,8.445079283601244,71.3193641063109,0.15465372029380553,0.0025808138711485577,0.5350919001872692,-0.8447938555375375,2176.9471346516098,2176.594189453125,2177.0,212.35502399999996,26.619127409592,230.459446,pipeline-0050-run-001,pipeline-0050,0.47839381664991376,0.0020155388949161784,-4.7941662172245465,-1.9166792091867813,0.0008343485688965302,0.006959898810824522,12.22605941772461,12.219565391540527,0.001682259503694429,pipeline-0050-family,train,3306012254435772262,d12a8f8997634cee977581cbaa5548c04facc1f5,6c58c27282539d3519962692d87bdfaba41ce01b094a18e3956a3473bb14fe20,2f5ce03671f92bfca42dabff69a505058fb52e27086fafbd86a866f5b4af27cf,4ff16075882ed36cfaf8b604938b63081b934ae9a59e7cba91964ecbd506fa96,106.84020515150148,1.0
4,12.23058795928955,0.31592221282289756,True,24.831240112304688,0.20494729595693406,37.11348037719726,36.9561653137207,36.93015956878662,36.981868743896484,37.71843299865723,0.36357169844739473,2490.358065115389,100,10.0,474.521782,1325.1539137633126,-0.77,-0.8351999999999999,0.03395526468752672,-0.55,-0.6145,0.04082584965435503,1.016447684772778,0.5230701834942111,1.1132765731444447,0.706,0.692265,0.003535502085984397,0.0,0.0,89.05532328287761,147.508899293341,241.56422257621858,0.8266478123064066,0.055285380199049564,0.09057126008673369,0.0,data/raw/pipeline-0051-run-001/logs/00000001.BIN,113.5829849243164,1325.1018251815656,245.05684027202057,9.902397405608191,4.831836980575783,11.018353914512618,121.40412298545553,0.0053180478010694384,0.0027139671802562625,0.42173369805757827,0.9067197405608192,2483.4399334432915,2483.1240112304686,2483.0,238.46207699999997,30.35103690901314,236.059705,pipeline-0051-run-001,pipeline-0051,0.4753526842594147,0.004563406375082369,-0.5237834923585338,-0.44305073870338096,0.006427924399758922,0.006821017293680895,12.228853797912597,12.217432022094727,0.0036193739352538643,pipeline-0051-family,train,7552188029496263780,d12a8f8997634cee977581cbaa5548c04facc1f5,6c58c27282539d3519962692d87bdfaba41ce01b094a18e3956a3473bb14fe20,2f5ce03671f92bfca42dabff69a505058fb52e27086fafbd86a866f5b4af27cf,67de44ee4f321f365e9a7991fe2a6d03ba9079df877c5ec98c8d9e13d3db2c43,113.57551804707124,1.0
4,12.274211883544922,0.38481203507683404,True,8.398194976806641,1.2426450725541305,32.702520599365236,32.593793869018555,32.569034576416016,32.61850452423096,33.14762992858887,0.2728516091966939,736.4001314953925,100,10.0,206.657304,338.3535062085141,-0.16,-0.1714,0.011749042514179612,-1.31,-1.27,0.03560898762952974,-0.31322704809281804,0.5050894671474614,1.0359676812960026,0.658,0.6463500000000001,0.0029236107812087462,0.0,0.0,43.25760142008464,32.8077239675514,81.06532538763604,0.3855252977964546,0.03888173202142027,0.09237457910820253,0.0,data/raw/pipeline-0052-run-001/logs/00000001.BIN,44.88640213012695,338.2930539060833,83.54187792058688,-9.7650808999011,0.1446790120589514,9.766152620051749,95.37773699814363,0.03004330010378125,0.002670319529150692,-0.11253209879410486,-0.9936480899901101,840.2043097157409,839.8194976806641,840.0,94.000718,10.310601964217712,112.656586,pipeline-0052-run-001,pipeline-0052,0.42015909135341645,0.0034274551349133316,-0.13829878672740953,-1.222484844707007,0.004870941311819479,0.003671828831850631,12.2729714012146,12.264230728149414,0.002724310365792008,pipeline-0052-family,train,4116787268770125379,d12a8f8997634cee977581cbaa5548c04facc1f5,6c58c27282539d3519962692d87bdfaba41ce01b094a18e3956a3473bb14fe20,2f5ce03671f92bfca42dabff69a505058fb52e27086fafbd86a866f5b4af27cf,9daed1ccef134d8391e0e9dfbadbc4195145de7272675702619d3d01853c7671,44.88681086144742,1.0
4,12.289972305297852,0.27089014459193095,True,20.40376501464844,4.464562587153931,31.13788106918335,31.006972312927246,31.00641965866089,31.032063484191895,31.61804485321045,0.27723604081267667,1867.8024881174897,100,10.0,462.772317,1480.8756459070098,1.51,1.4835999999999998,0.012208193969625494,4.16,4.2117,0.040001374976367986,0.08465669132089793,0.5488770572474833,1.1323228988228882,0.656,0.6313225,0.00502180184296434,0.0,0.0,61.59368896484375,149.35192860248915,215.9456175673329,0.21218790380080643,0.04026209667030537,0.09160089038042823,0.0,data/raw/pipeline-0053-run-001/logs/00000001.BIN,72.39053344726562,1480.8167355052012,108.31985355169155,-10.976821168267932,-1.0686518218217533,11.028717952528206,121.63261967641795,0.1559136238554765,0.002718955389294244,0.3143048178178247,-0.9493221168267933,2040.6473916094358,2040.3765014648438,2040.0,226.31777,25.04270314163752,236.454547,pipeline-0053-run-001,pipeline-0053,0.4007893905043602,0.0034550478772086917,1.6167604429101377,3.8501403336720297,0.004618049778218847,0.0027906955543944424,12.288618669509887,12.279718399047852,0.00277936604815352,pipeline-0053-family,train,5674870354695392607,d12a8f8997634cee977581cbaa5548c04facc1f5,6c58c27282539d3519962692d87bdfaba41ce01b094a18e3956a3473bb14fe20,2f5ce03671f92bfca42dabff69a505058fb52e27086fafbd86a866f5b4af27cf,f3da2913491b1d4a8bad2a4956ac072697ea16493d27240071ea7e830c5aa1ae,72.39248177021888,1.0
4,12.275911331176758,0.35631558274189956,True,11.811056396484373,2.539055166622097,32.628222923278805,32.427005767822266,32.40220069885254,32.476805686950684,33.41655960083008,0.4424426927308908,1187.7005808526687,100,10.0,264.616611,359.9332916846845,-3.92,-3.8531999999999997,0.055260836041449886,-1.92,-1.9994,0.07129964936800182,3.5210722032996755,0.5233989785757592,1.101463662808321,0.666,0.6470375,0.006684765796196608,0.0,0.0,70.48921712239584,55.55445329518816,131.043670417584,0.352935895684482,0.11357236457155541,0.07406344797124736,0.0,data/raw/pipeline-0054-run-001/logs/00000001.BIN,85.73382568359375,359.86310663305,278.37545958119387,13.74666195640208,0.5435804654337575,13.75740508475321,189.26619466599345,0.1100857946024065,0.003969767340833546,-0.14558195345662425,0.9893461956402082,1181.4619552311792,1181.1056396484373,1182.0,130.12709499999997,14.493292590653477,134.489516,pipeline-0054-run-001,pipeline-0054,0.4192670461535454,0.005634886869491327,-3.824601562965779,-1.8774667052153484,0.006048313611827325,0.012199297262790738,12.273714838027955,12.26010513305664,0.00442202596694271,pipeline-0054-family,validation,3630874589085780335,d12a8f8997634cee977581cbaa5548c04facc1f5,6c58c27282539d3519962692d87bdfaba41ce01b094a18e3956a3473bb14fe20,2f5ce03671f92bfca42dabff69a505058fb52e27086fafbd86a866f5b4af27cf,232ca11eb3f552a2ecaa139a476a3cdbc879080de97633f25851331f79030f13,85.73320391860875,2.0
4,12.239066123962402,0.4000465050510229,True,13.889899353027346,0.7341608906523833,36.04280822753906,36.08767890930176,36.041001319885254,36.11275005340576,36.11451377868652,0.17314343223727927,1078.3406002394522,100,10.0,327.372332,789.0538281562037,3.87,3.7313,0.08815503388916594,-0.88,-0.8386999999999999,0.017530259553127002,-3.753268597720725,0.5304331036557468,1.069210459204229,0.687,0.6798075,0.002276058819538724,0.0,0.0,45.33389027913411,57.37209468060345,107.70598495973756,0.7255667023932902,0.11187503590618325,0.0964646690998154,0.0,data/raw/pipeline-0055-run-001/logs/00000001.BIN,48.00083541870117,788.9958426540159,293.73718143916375,5.422819013965774,-3.1864838564406317,6.289725385546295,39.56064542558549,0.024179593388268437,0.002228783596577965,-0.4025183856440631,0.9154119013965775,1389.3899818077855,1388.9899353027345,1389.0,141.11769699999996,17.007727058586532,186.254635,pipeline-0055-run-001,pipeline-0055,0.4614823046326637,0.002096063367237121,4.020947880389682,-1.0117184615407289,-0.0021728694789180736,0.009912933435680628,12.239581022262573,12.235857963562012,0.001729372390310972,pipeline-0055-family,train,2472720467159323942,d12a8f8997634cee977581cbaa5548c04facc1f5,6c58c27282539d3519962692d87bdfaba41ce01b094a18e3956a3473bb14fe20,2f5ce03671f92bfca42dabff69a505058fb52e27086fafbd86a866f5b4af27cf,9b31cd994ff2dc779808c3b53018f0bc13a140ffcddf57ba2274c4e4d823706d,47.99727831637078,1.0
4,12.295769691467285,0.27183317956701103,True,20.42811157226563,1.117549800857956,30.432829761505126,30.418865203857422,30.41318655014038,30.442882537841797,30.527417755126955,0.17173169387332213,1696.2110835986077,100,10.0,522.491753,1415.534584687529,-1.73,-1.7081,0.015855283031217086,2.42,2.4684,0.03448825887167975,-2.785980368308855,0.6295829908434992,1.2381071132324044,0.634,0.6249049999999999,0.00211328535697383,0.0,0.0,84.94051615397136,110.7098981784809,200.65041433245227,0.16130328459256388,0.0705821698911763,0.10464923705248934,0.0,data/raw/pipeline-0056-run-001/logs/00000001.BIN,107.41077423095703,1415.4779724729733,167.17553594647592,-0.5116991399178028,7.282112385429813,7.300068273915176,53.2909968038229,0.028340858481205343,0.002910850918072091,0.9750512385429814,-0.22197991399178027,2043.08299040613,2042.811157226563,2043.0,243.20517900000004,25.120209031714282,279.286574,pipeline-0056-run-001,pipeline-0056,0.39090535551309585,0.002143550306205445,-1.5460018851254549,2.170938508749872,0.0010840227094013244,0.007313443988457521,12.295685510635376,12.289468765258789,0.0017314065128400894,pipeline-0056-family,test,3897172884145958636,d12a8f8997634cee977581cbaa5548c04facc1f5,6c58c27282539d3519962692d87bdfaba41ce01b094a18e3956a3473bb14fe20,2f5ce03671f92bfca42dabff69a505058fb52e27086fafbd86a866f5b4af27cf,d4183478110c4364d4e5b6575b35e91f06fdc9fa5f74750b113471be80bf33a9,107.41109583157944,2.0
4,12.286449432373047,0.3191032808949785,True,14.546990173339843,3.190193140841826,31.464278755187987,31.38172721862793,31.35732078552246,31.38300848007202,31.853628540039065,0.24031516289149574,1314.7388172987644,100,10.0,336.724423,719.7678222126286,3.21,3.2738,0.055835114399452934,0.03,0.0346,0.004983974317750846,-0.7359560612738809,0.5378400047422297,1.0939806154750078,0.65,0.6353375,0.0035844935137338474,0.0,0.0,78.38371785481772,67.04273174225567,150.42644959707337,0.255893358557823,0.041311094334477556,0.09382726195949098,0.0,data/raw/pipeline-0057-run-001/logs/00000001.BIN,97.57557678222656,719.7094416910808,192.38670993088138,-1.1290103015581616,9.732686068783783,9.79795092733794,95.9998423745224,0.09745017930299174,0.002741987489601224,0.9767286068783783,0.21447896984418383,1455.0181206148793,1454.6990173339843,1454.0,167.069812,17.87146890462177,169.654611,pipeline-0057-run-001,pipeline-0057,0.40443441063165664,0.0030639011494774894,2.9746373331440448,-0.08977899455396443,0.0054676595518685644,0.004304738076800499,12.285366945266723,12.276844024658203,0.002409814444580949,pipeline-0057-family,train,28525568359901163,d12a8f8997634cee977581cbaa5548c04facc1f5,6c58c27282539d3519962692d87bdfaba41ce01b094a18e3956a3473bb14fe20,2f5ce03671f92bfca42dabff69a505058fb52e27086fafbd86a866f5b4af27cf,d4ad2ca12af3660afc13851f09038968b435a7a00cc694162d10ec7ded9d49ef,97.57859284860118,1.0
4,12.248218536376953,0.39002838662986505,True,12.550557723999022,0.026009962461296075,35.30589557647705,35.19509696960449,35.16983413696289,35.220845222473145,35.791449356079106,0.2984993313480977,1174.8641117504174,100,10.0,271.097351,404.84796261154935,-0.19,-0.2421,0.03435971478344953,0.06,0.023399999999999997,0.03169290141340802,0.24183352094521962,0.6109331187884834,1.2401972233768774,0.687,0.6738275,0.002975356071128297,0.0,0.0,73.30804443359375,41.48811802714445,119.7961624607382,0.6488334274442543,0.039969299389282724,0.0938960441534661,0.0,data/raw/pipeline-0058-run-001/logs/00000001.BIN,89.96206665039062,404.7900758969537,281.6621432259212,10.035759851288523,-2.044346985266882,10.24186654809095,104.89583038890444,0.0031172485891186185,0.0027828788549166482,-0.20209469852668818,0.9793659851288522,1255.4458007865321,1255.0557723999023,1256.0,130.615233,15.377150320359192,140.482118,pipeline-0058-run-001,pipeline-0058,0.4527492305636406,0.00377710100549449,-0.02158374051271893,0.012480801700888597,0.007567966233082189,0.012872223420579768,12.246948604583741,12.236526489257812,0.002960977584960527,pipeline-0058-family,validation,4155954574305820847,d12a8f8997634cee977581cbaa5548c04facc1f5,6c58c27282539d3519962692d87bdfaba41ce01b094a18e3956a3473bb14fe20,2f5ce03671f92bfca42dabff69a505058fb52e27086fafbd86a866f5b4af27cf,2427fec42d8d2623e6a8e648f0427d2334c88e6ce990864e6fe16a63f9144f58,89.95594868905471,2.0
4,12.283037185668945,0.3146844992925253,True,15.227857788085938,5.624120725078027,31.74000894546509,31.70637321472168,31.690772533416748,31.716804027557373,31.904210472106932,0.15720381726073435,1300.3920153721456,100,10.0,364.599102,827.593028234425,-3.89,-3.9495999999999998,0.05580179208591777,-4.43,-4.4787,0.03230030959603943,-2.006828323436708,0.549954905890988,1.1357781690514122,0.659,0.63862,0.0046530205243476026,0.0,0.0,73.56557210286459,68.92686444254444,147.49243654540902,0.26613891951511354,0.035694189190120816,0.09613106997260978,0.0,data/raw/pipeline-0059-run-001/logs/00000001.BIN,90.34835815429688,827.570487290635,331.0470242113056,8.790739410810469,-4.2713496687217525,9.773511517426366,95.52152738126583,0.22077722932095228,0.004371689922901542,-0.8750049668721752,0.48411394108104694,1523.1004633078862,1522.7857788085937,1523.0,173.13988300000003,18.70320216062833,191.459219,pipeline-0059-run-001,pipeline-0059,0.40848193168640134,0.0017685251430708685,-3.860859686999092,-4.169495535695031,-0.00266493132645337,0.0038092883408064873,12.28260521888733,12.276533126831055,0.0015434079360916331,pipeline-0059-family,train,61366263716749104,d12a8f8997634cee977581cbaa5548c04facc1f5,6c58c27282539d3519962692d87bdfaba41ce01b094a18e3956a3473bb14fe20,2f5ce03671f92bfca42dabff69a505058fb52e27086fafbd86a866f5b4af27cf,bafc1fb0d49644d09dab51abc31d36066e3b159e0ffa0550e7642435c65408b6,90.34364819318876,1.0
4,12.297411918640137,0.22975675761790626,True,22.396731689453127,1.8928901427576617,30.513438606262206,30.287816047668457,30.26698589324951,30.361915588378906,31.397807312011718,0.4689147538494263,2329.2346083258276,100,10.0,458.544842,1164.4494099588455,4.79,4.654,0.10437432634513145,-0.99,-0.8341,0.12678402896264182,4.332713435879516,0.5563355568063744,1.1380397697702669,0.642,0.62506,0.008096690682000895,0.0,0.0,64.33637491861978,205.46859538230504,274.8049703009248,0.1315480907739969,0.14198770642535186,0.06832811915285385,0.0,data/raw/pipeline-0060-run-001/logs/00000001.BIN,76.50456237792969,1164.3814450066466,123.76313441722552,-12.967676515352238,6.391327977875359,14.457168032764587,209.00970752759028,0.11259138481477604,0.0036135315690940407,0.5557227977875359,-0.8313676515352239,2239.9029257029306,2239.6731689453127,2240.0,252.11078200000003,27.499063232259118,206.43406,pipeline-0060-run-001,pipeline-0060,0.3933326253294945,0.0059833791563613,4.581544665526657,-1.0190221997536975,0.006590124995145743,0.0048233432497562425,12.2948588848114,12.281461715698242,0.004678177592182264,pipeline-0060-family,train,4314088432242035034,d12a8f8997634cee977581cbaa5548c04facc1f5,6c58c27282539d3519962692d87bdfaba41ce01b094a18e3956a3473bb14fe20,2f5ce03671f92bfca42dabff69a505058fb52e27086fafbd86a866f5b4af27cf,9865109d80dfff43846e5eec761a40c0f88a165e183401f5cca671a5c8de904b,76.51009158651992,1.0
4,12.220131874084473,0.4587166753553902,True,8.477076293945313,1.700990759051186,38.13753791809082,38.010114669799805,37.98430347442627,38.0373420715332,38.72725639343262,0.31504526943977423,746.5568674550797,100,10.0,183.83477,232.23712143709378,-0.55,-0.636,0.04532107677449864,1.67,1.5778,0.06241121694054681,-0.024068186937766245,0.5754813040671661,1.173872483875329,0.712,0.6996974999999999,0.0032032785938784685,0.0,0.0,42.30342356363933,23.167951085939237,70.47137464957856,0.9289009659414215,0.04297224504745276,0.09309651094941755,0.0,data/raw/pipeline-0061-run-001/logs/00000001.BIN,43.455135345458984,232.17799370100553,247.24269217182564,9.857019445314524,2.2916702982619475,10.119910330691901,102.41258510124467,0.04332522053276457,0.0036714656419489554,0.3869470298261948,0.9221019445314526,848.1663460698866,847.7076293945312,847.0,82.37536999999999,10.365421441915394,101.4594,pipeline-0061-run-001,pipeline-0061,0.4878399547934532,0.003912584450090175,-0.1924055565657619,1.7693490770039788,0.006274296820847667,0.005564188413354923,12.218652143478394,12.20869255065918,0.0031332727418687885,pipeline-0061-family,train,5895513546102334393,d12a8f8997634cee977581cbaa5548c04facc1f5,6c58c27282539d3519962692d87bdfaba41ce01b094a18e3956a3473bb14fe20,2f5ce03671f92bfca42dabff69a505058fb52e27086fafbd86a866f5b4af27cf,e331c94bf9f2f396b4c32026039d2c3bbf7227303ccfccc0f4a44a1f18e0da60,43.445588049590185,1.0
4,12.237789154052734,0.3221444286737096,True,21.178534698486327,1.0249573420894111,36.47636993408203,36.22543144226074,36.19921112060547,36.28231143951416,37.47927322387695,0.5167959890560744,2334.4521929073862,100,10.0,394.49214,958.1293395281965,2.64,2.6568,0.0059799665550904855,2.63,2.688,0.04266145801540312,3.6377730394977927,0.5510677150271934,1.1684233311213352,0.702,0.68545,0.005391892061234128,0.0,0.0,74.79996236165366,150.5965356904787,230.39649805213236,0.7418964430080689,0.14193736752087474,0.07515008762307751,0.0,data/raw/pipeline-0062-run-001/logs/00000001.BIN,92.19994354248047,958.0852704871164,28.931314974949053,-7.494229166695089,-11.440101408073815,13.676234534035888,187.03939102995582,0.03491442051754442,0.0021173557489634624,-0.8752101408073815,-0.4837429166695089,2118.1756142773065,2117.853469848633,2118.0,203.03042200000002,25.883488916049878,191.461718,pipeline-0062-run-001,pipeline-0062,0.4681882709264755,0.006493902584450169,2.5926756433992204,2.606484896675787,0.0027215954158600654,0.007620552949545679,12.23522596359253,12.22046947479248,0.005150396441632778,pipeline-0062-family,train,8996385988758019612,d12a8f8997634cee977581cbaa5548c04facc1f5,6c58c27282539d3519962692d87bdfaba41ce01b094a18e3956a3473bb14fe20,2f5ce03671f92bfca42dabff69a505058fb52e27086fafbd86a866f5b4af27cf,d84ec247e2e62e874985ff7618d8019b682028b0c5cbc78c4df58b81f15b935a,92.20043501293256,1.0
4,12.246377944946289,0.36384756416578057,True,15.450148193359375,0.4462241381729053,35.26365562438965,35.352033615112305,35.233964920043945,35.376752853393555,35.37833518981934,0.19495865376674018,1268.4063710025625,100,10.0,355.014604,667.2926050542538,3.57,3.4543,0.08032751707852046,-2.61,-2.5846,0.01099272486692906,-4.291063932000063,0.5662655043511865,1.1038862447016802,0.678,0.6738875,0.002414506937244126,0.0,0.0,77.79621378580728,46.6929969825462,129.48921076835347,0.6479195205300083,0.1328871793128391,0.0954075448827856,0.0,data/raw/pipeline-0063-run-001/logs/00000001.BIN,96.69432067871094,667.2373283868139,300.8688169499799,5.129214054731468,-2.5460224254204613,5.726348488347415,32.79106700999872,0.01874700902602863,0.0027233774704375803,-0.5130622425420461,0.8583514054731468,1545.3786669001033,1545.0148193359375,1545.0,161.355432,18.93309811515357,193.659172,pipeline-0063-run-001,pipeline-0063,0.4518790066242218,0.0022941155493761507,3.690263484277221,-2.6762222016906354,-0.003233714604139095,0.009263659970400866,12.24736475944519,12.24545669555664,0.0019538500182191268,pipeline-0063-family,train,185351793471217433,d12a8f8997634cee977581cbaa5548c04facc1f5,6c58c27282539d3519962692d87bdfaba41ce01b094a18e3956a3473bb14fe20,2f5ce03671f92bfca42dabff69a505058fb52e27086fafbd86a866f5b4af27cf,ed0f49ce3948e60ddb888311406328f36da2e096d99f65ea16e92e67b0c22dfe,96.69017268046282,1.0
4,12.269744873046875,0.3281302940781643,True,16.698533996582032,4.725154908430127,33.16003681182861,33.02639389038086,33.02402114868164,33.051198959350586,33.669704818725585,0.2867821006414393,1540.7599629674883,100,10.0,369.861996,992.8244005507205,2.71,2.7300999999999997,0.020322155397496548,-3.81,-3.8608,0.04291107083259522,0.17925886683419057,0.5533613672777112,1.1451726416946917,0.676,0.6520525,0.004938091103857851,0.0,0.0,61.17705281575521,101.09465131891469,167.2717041346699,0.41337235657868837,0.039694643918659296,0.09126423054946899,0.0,data/raw/pipeline-0064-run-001/logs/00000001.BIN,71.76557922363281,992.7666253937346,232.5633009469214,5.210016575619417,9.93982531377965,11.222495265612002,125.9443999866838,0.168453407133988,0.0031775529168658425,0.6079025313779651,0.7940116575619417,1670.1815299522814,1669.8533996582032,1670.0,177.19742599999998,20.470406828536255,192.66457,pipeline-0064-run-001,pipeline-0064,0.42639082998037336,0.0035535377032719353,2.6263507808611157,-3.75934585737664,0.0038998744724085556,0.0030224237524115764,12.268396797180175,12.25912094116211,0.0028432590754470643,pipeline-0064-family,test,7228837512988445442,d12a8f8997634cee977581cbaa5548c04facc1f5,6c58c27282539d3519962692d87bdfaba41ce01b094a18e3956a3473bb14fe20,2f5ce03671f92bfca42dabff69a505058fb52e27086fafbd86a866f5b4af27cf,3b8ed78790b4fe9143ba0735fc162f9b5ea51e76ba5b33ba7a7e08e148e105ac,71.7687597630399,2.0
4,12.297506332397461,0.32386101559427516,True,11.729557128906249,0.40856047907941084,30.36093008041382,30.259408950805664,30.23508882522583,30.283134937286377,30.81490173339844,0.2515570105093296,1011.00439391033,100,10.0,297.059462,861.4889030642339,-0.7,-0.763,0.04070626487409525,-0.17,-0.1907,0.007906326580656788,-0.6720221908050374,0.5050551632169855,1.0390460288653838,0.632,0.6218175,0.0026794017522573975,0.0,0.0,34.15421676635742,80.72405469757068,119.8782714639281,0.15014907981396292,0.03912496447801633,0.09291829118044449,0.0,data/raw/pipeline-0065-run-001/logs/00000001.BIN,31.231325149536133,861.4277337754821,44.670784960348065,-6.267161652063004,-6.921038686556387,9.336920888274637,87.17809167389923,0.009141931267577225,0.0016721378746072664,-0.7111738686556387,-0.7030161652063004,1173.2795739062192,1172.955712890625,1173.0,137.000178,14.416121917388324,160.059284,pipeline-0065-run-001,pipeline-0065,0.39155636727809906,0.0032366085976637355,-0.437639674362919,-0.07481091489013868,0.0030885019196875874,0.004250967266750093,12.296382026672363,12.288545608520508,0.0025126832686380054,pipeline-0065-family,train,5008991771176647761,d12a8f8997634cee977581cbaa5548c04facc1f5,6c58c27282539d3519962692d87bdfaba41ce01b094a18e3956a3473bb14fe20,2f5ce03671f92bfca42dabff69a505058fb52e27086fafbd86a866f5b4af27cf,d1a7b65bfb4420e0187b5f2572c5649279da9f46733f96434140a64abe59b731,31.232481826154263,1.0
4,12.262723922729492,0.3757805082993855,True,11.31146417236328,0.39315204577649654,33.72264476776123,33.74112319946289,33.71560478210449,33.74204444885254,33.77114143371582,0.22733707248517307,1014.2417829048088,100,10.0,253.351952,210.85312460559993,2.92,2.8249,0.06271355515357106,-1.47,-1.4901,0.021236525139485526,-3.169525120408695,0.5081409735211551,1.0375876917267746,0.668,0.6588225,0.00240748701969502,0.0,0.0,87.26286315917969,16.01068547861629,108.27354863779598,0.4945144192677,0.08833584228022114,0.09695735955616049,0.0,data/raw/pipeline-0066-run-001/logs/00000001.BIN,110.89429473876953,210.804454331868,290.74691936888837,6.527059840773974,-2.0512058518787692,6.841780149334388,46.809955611826084,0.011926756843476995,0.002839773820122755,-0.35413058518787693,0.9351959840773975,1131.5221977446274,1131.146417236328,1131.0,125.092443,13.883511719181154,128.259509,pipeline-0066-run-001,pipeline-0066,0.4321397566795349,0.002900270254178334,2.887303356417495,-1.4694141932414433,0.0006685959660535446,0.010463503301154725,12.262789449691773,12.25635051727295,0.0023222137712774872,pipeline-0066-family,train,575631925615605882,d12a8f8997634cee977581cbaa5548c04facc1f5,6c58c27282539d3519962692d87bdfaba41ce01b094a18e3956a3473bb14fe20,2f5ce03671f92bfca42dabff69a505058fb52e27086fafbd86a866f5b4af27cf,8bd6f853b9b6de1249b246db3da7d34a720ee8dedff93035548a4ba5e9d99a20,110.89138931014953,1.0
4,12.229188919067383,0.3801612102497529,True,16.600753845214847,5.174154851471603,37.30585273742676,37.0949764251709,37.09153175354004,37.14407539367676,38.049248123168944,0.4400727934695683,1688.1735566264306,100,10.0,323.964529,688.7115380787055,-1.69,-1.6563999999999999,0.024475293665245344,-5.3,-5.3511,0.026604322956993314,2.1461718810460786,0.5362243482648661,1.1513421551940424,0.722,0.6937424999999999,0.006262283429388993,0.0,0.0,70.21688842773438,87.6911905439608,162.90807897169518,0.8116231614648461,0.061112882612735196,0.08526473477782844,0.0,data/raw/pipeline-0067-run-001/logs/00000001.BIN,85.32533264160156,688.6422005239449,129.72980172817643,-6.034515000771695,11.742486895729666,13.202324408638107,174.30136979092154,0.2022078575869029,0.003050989681312757,0.6391386895729667,-0.7690915000771694,1660.4555457317342,1660.0753845214845,1660.0,156.68730000000002,20.27789752300572,167.277229,pipeline-0067-run-001,pipeline-0067,0.4785142824053764,0.005469358224742198,-1.9686170008935284,-5.368013226879937,0.006044413949421141,0.006987412207298513,12.226923189163209,12.212809562683105,0.004411148298719428,pipeline-0067-family,test,558811993870251376,d12a8f8997634cee977581cbaa5548c04facc1f5,6c58c27282539d3519962692d87bdfaba41ce01b094a18e3956a3473bb14fe20,2f5ce03671f92bfca42dabff69a505058fb52e27086fafbd86a866f5b4af27cf,96a8fe50523ce52c872bedde15520b3cc42294836e291805185afd0c420197f0,85.33239504282153,2.0
4,12.246326446533203,0.37366861292366593,True,16.92879852294922,0.3419864799269845,35.38004825592041,35.377885818481445,35.35190391540527,35.37836265563965,35.46193008422851,0.16167542145095684,1339.5631975275369,100,10.0,391.646612,1159.9953039508398,2.41,2.3503,0.036673014602020416,1.77,1.66,0.0702139587261678,-2.8570186099406403,0.5004442212731167,1.0300876950281799,0.682,0.6730075000000001,0.0017298681308122897,0.0,0.0,41.0808588663737,90.22272885674818,136.3035877231219,0.6591509191725127,0.08372223488607966,0.09551457224666005,0.0,data/raw/pipeline-0068-run-001/logs/00000001.BIN,41.62128829956055,1159.944455243926,227.9418381497564,5.07423746108629,5.03897331603331,7.151163394244826,51.139137891187175,0.0105498743210358,0.0023405941155711743,0.669897331603331,0.742453746108629,1693.2535209078455,1692.8798522949219,1693.0,173.784625,20.735004639358603,217.861987,pipeline-0068-run-001,pipeline-0068,0.4530834385752678,0.0020337388373098423,2.4995267620127546,1.8900927996298695,0.0007470612759789219,0.008703776064938513,12.246219244003296,12.240169525146484,0.0016176382367820883,pipeline-0068-family,train,5067327405125410882,d12a8f8997634cee977581cbaa5548c04facc1f5,6c58c27282539d3519962692d87bdfaba41ce01b094a18e3956a3473bb14fe20,2f5ce03671f92bfca42dabff69a505058fb52e27086fafbd86a866f5b4af27cf,98dbdc2e6aaf601dad8f30d69e723eb5615b2e303f68c2659ac64138fdaf00ac,41.622150495650715,1.0
4,12.284923553466797,0.29572705242503616,True,17.58932284268466,2.5609761454558813,31.544032173156737,31.52293109893799,31.506653308868408,31.531864166259766,31.664723014831544,0.1645027825858118,1440.959940301744,100,10.0,437.194219,1239.4107299859254,0.89,0.9434,0.03614470915638966,3.48,3.5063999999999997,0.02211424880026444,-2.574149510499717,0.5473457649243949,1.1075452577441882,0.644,0.63537,0.002971211873966583,0.0,0.0,60.88310241699219,98.56815595766439,164.45125837465656,0.26884805637143194,0.057008214754008836,0.09876045211148264,0.0,data/raw/pipeline-0069-run-001/logs/00000001.BIN,71.32465362548828,1239.3599753973226,150.20749032115,-5.912252001465292,5.171762811766921,7.855052788492618,61.70185431000565,0.08303691242316319,0.002637395267135486,0.8678162811766921,-0.49688520014652926,1759.228011320891,1758.932284268466,1759.0,201.53518699999998,21.608408862325263,235.659032,pipeline-0069-run-001,pipeline-0069,0.40504558831453324,0.0020993032899355828,0.8167071267473034,3.221237842801555,0.0017432655551237986,0.007153517203152932,12.284568910598756,12.278292655944824,0.001654860112382581,pipeline-0069-family,train,8940810032763453058,d12a8f8997634cee977581cbaa5548c04facc1f5,6c58c27282539d3519962692d87bdfaba41ce01b094a18e3956a3473bb14fe20,2f5ce03671f92bfca42dabff69a505058fb52e27086fafbd86a866f5b4af27cf,d74649645bc70e1b0954e22479b83b0b4b30d3cc489964b4bd474fa8aa1d966b,71.32715583019908,1.0
4,12.220353126525879,0.4449123559359123,True,10.191554260253907,0.7131044785857292,38.256040496826174,37.968584060668945,37.952903747558594,38.07759952545166,39.36086654663086,0.61161397485701,1089.8010398206334,100,10.0,206.426563,204.55739691820236,0.11,0.1671,0.033475214711783406,-5.34,-5.4635,0.1085391634388252,5.419339135228665,0.5074911242079144,1.0162965489898614,0.723,0.701845,0.008048973537041858,0.0,0.0,52.89657084147135,44.65674341695972,102.55331425843107,0.8994664420557307,0.19504675714841327,0.06582603988110501,0.0,data/raw/pipeline-0070-run-001/logs/00000001.BIN,59.34485626220703,204.5279066864926,185.76624957320163,0.8338034424732175,15.413283530250558,15.435819944679753,238.26453736457327,0.060730117876118,0.0044797683949728525,0.9949783530250559,0.10009034424732174,1019.6003383813265,1019.1554260253906,1020.0,96.94953799999999,12.4524091665424,109.477025,pipeline-0070-run-001,pipeline-0070,0.49002324283123017,0.007713319344711432,0.16193653385215612,-5.473370420177631,0.008595774956411333,0.00867145467067367,12.217431478500366,12.198229789733887,0.0061001125120714724,pipeline-0070-family,test,7470479058950958675,d12a8f8997634cee977581cbaa5548c04facc1f5,6c58c27282539d3519962692d87bdfaba41ce01b094a18e3956a3473bb14fe20,2f5ce03671f92bfca42dabff69a505058fb52e27086fafbd86a866f5b4af27cf,e725a70ca2938ae378965ccb13aed1dedb1c488bfa0221f462fb47ba7360ad37,59.35471325821476,2.0
4,12.257279396057129,0.3901921469391709,True,10.773010482788086,2.910123642441085,34.3949042892456,34.271310806274414,34.246164321899414,34.297030448913574,34.931361770629884,0.31731157350895445,1003.098940768169,100,10.0,235.927258,273.0050033642191,1.63,1.6284,0.011637869220780838,-2.51,-2.4804,0.026642822673282898,0.5790087267955754,0.5337910253355787,1.1125490555236364,0.68,0.664735,0.004066297455917365,0.0,0.0,71.01264953613281,28.978373447888785,104.9910229840216,0.5498663522047481,0.046502159752654065,0.0917179594024915,0.0,data/raw/pipeline-0071-run-001/logs/00000001.BIN,86.51897430419922,272.94484269658096,67.97280794356473,-10.898121646925595,-1.270901186057848,10.971975449111774,120.38424525591151,0.08746952230782742,0.00346370455072085,-0.3751301186057848,-0.9269721646925596,1077.6912404257478,1077.3010482788086,1078.0,115.265542,13.210056732027539,120.661716,pipeline-0071-run-001,pipeline-0071,0.44118391394615175,0.004010701159683364,1.5325800220168675,-2.4716821672654783,0.007492855421178319,0.014415205341008524,12.256033849716186,12.24489974975586,0.003176575318753277,pipeline-0071-family,train,704155922217004747,d12a8f8997634cee977581cbaa5548c04facc1f5,6c58c27282539d3519962692d87bdfaba41ce01b094a18e3956a3473bb14fe20,2f5ce03671f92bfca42dabff69a505058fb52e27086fafbd86a866f5b4af27cf,5edd744e5663247e11e867a253802e8dd0aa685c95314ac322b0fb39802f764b,86.5201026833889,1.0
4,12.252240180969238,0.37543722913687816,True,13.418166290283203,1.1928648204302355,34.68075527191162,34.769304275512695,34.64802646636963,34.792076110839844,34.793793487548825,0.19319991980098714,1094.1791426495429,100,10.0,317.649556,573.4411606539144,0.35,0.2545,0.061096235563248905,-4.53,-4.4523,0.04912952269257253,-4.297070986169526,0.5861794740463389,1.1416986581897768,0.675,0.6676775,0.004358152561579279,0.0,0.0,68.47114054361978,40.10899583618497,113.58013637980474,0.5880228769738491,0.11797174749957147,0.09656689355329602,0.0,data/raw/pipeline-0072-run-001/logs/00000001.BIN,82.70671081542969,573.3796604263766,341.2178060748454,2.9658733666544492,-5.014969689796668,5.8263475537088825,33.94632581660948,0.05535353151083605,0.0030436459931482023,-0.9467269689796668,0.32203733666544493,1342.192066257457,1341.8166290283202,1342.0,142.59294000000003,16.45116089341223,175.056616,pipeline-0072-run-001,pipeline-0072,0.44447810351848605,0.002274435714871716,0.40763097280526395,-4.60018783392364,-0.0017705076984566403,0.009031774071649911,12.253185777664184,12.251378059387207,0.0019425691512834737,pipeline-0072-family,train,1528848903085790112,d12a8f8997634cee977581cbaa5548c04facc1f5,6c58c27282539d3519962692d87bdfaba41ce01b094a18e3956a3473bb14fe20,2f5ce03671f92bfca42dabff69a505058fb52e27086fafbd86a866f5b4af27cf,c865405637a3d53d473b0cc1489c5d2a16f2f4fa3f78153cfbae3fb557543913,82.70431534973216,1.0
4,12.21294116973877,0.4145064703973276,True,14.981197937011718,2.3043927697035973,38.84322555541992,38.72515869140625,38.698469161987305,38.77761363983154,39.368364334106445,0.2869690345701496,1344.3990790715043,100,10.0,297.346847,770.8009450386155,2.38,2.2910999999999997,0.05358908470948162,0.43,0.5545,0.06611164799035038,-0.496370247837019,0.5968294575284144,1.2194992257715536,0.719,0.70663,0.0030988868969357396,0.0,0.0,46.164248148600265,73.4349996083126,124.59924775691286,0.9982206259712871,0.0470228919282476,0.0929942098181178,0.0,data/raw/pipeline-0073-run-001/logs/00000001.BIN,49.24637222290039,770.7348320328542,334.240117996282,2.055110909737104,-9.560634061187532,9.779018585893969,95.62920450325967,0.06414239788995144,0.002826424117961874,-0.9006134061187531,0.4346210909737103,1498.5343001715692,1498.1197937011718,1499.0,139.912346,18.29611345033326,157.434501,pipeline-0073-run-001,pipeline-0073,0.49705127120018006,0.003606946464897524,2.6065790587850834,0.05347367740201613,0.0024996631703834283,0.0065606769790032375,12.21155138015747,12.202667236328125,0.002859366574828808,pipeline-0073-family,train,6112872488330772948,d12a8f8997634cee977581cbaa5548c04facc1f5,6c58c27282539d3519962692d87bdfaba41ce01b094a18e3956a3473bb14fe20,2f5ce03671f92bfca42dabff69a505058fb52e27086fafbd86a866f5b4af27cf,51659e10a8bc1ab3b6f544a9788a211377107b4d8b7eb8c02814af99b42f2d4a,49.22942723467802,1.0
4,12.261442184448242,0.3280793480912507,True,17.775803527832032,0.9008136160127407,33.89970066070557,33.85951614379883,33.834242820739746,33.884403228759766,34.092224502563475,0.19160076212267346,1533.001860040055,100,10.0,395.881584,909.485265051164,-1.41,-1.3658000000000001,0.022279138223907962,-2.16,-2.1067,0.037176740039976654,-2.343529252901711,0.5500380958830661,1.1227123919907627,0.67,0.6603825000000001,0.00210028420695867,0.0,0.0,84.11695861816406,73.68113660340398,162.79809522156805,0.5095266169297491,0.06781928025302687,0.09703944507826559,0.0,data/raw/pipeline-0074-run-001/logs/00000001.BIN,106.1754379272461,909.4285918234858,53.98284883044977,-6.722499896515071,-3.7737255614737846,7.709280736357042,59.43300947196577,0.021889786104908774,0.0022179771605875596,-0.5880425561473784,-0.8088299896515072,1777.9084321312944,1777.5803527832031,1778.0,191.81990799999997,21.802734743201047,204.061676,pipeline-0074-run-001,pipeline-0074,0.4342343404889107,0.0024531277106085827,-1.4352500492791767,-2.1404882634564233,0.0007417510523919191,0.007174619119372469,12.261028242111205,12.254070281982422,0.001934004386044576,pipeline-0074-family,train,5495191811341753006,d12a8f8997634cee977581cbaa5548c04facc1f5,6c58c27282539d3519962692d87bdfaba41ce01b094a18e3956a3473bb14fe20,2f5ce03671f92bfca42dabff69a505058fb52e27086fafbd86a866f5b4af27cf,50ee36418dc1331e5b5790741be8cc2027b22fd125f7761d3ffb300bf5c958e4,106.16753886606715,1.0
4,12.258906364440918,0.39771164574472095,True,9.3376875,1.8501394296399227,34.26315425872803,34.11098861694336,34.110751152038574,34.16090965270996,34.92071723937988,0.33356614650126537,853.6418339797349,100,10.0,215.239703,346.6319259924763,0.88,0.8542000000000001,0.02209886874932742,1.76,1.7426,0.0211952824939891,0.5859150884656077,0.5049031092691638,1.0750451345475034,0.676,0.6622425,0.0036501635237342483,0.0,0.0,47.870844523111984,36.82056506286378,89.69140958597576,0.5380796228192449,0.04795364818950693,0.0915473398390024,0.0,data/raw/pipeline-0075-run-001/logs/00000001.BIN,51.80626678466797,346.57792540440084,313.6897635510976,6.377181819318034,-8.64963387737722,10.746376792636305,115.48461416931215,0.049258249341855125,0.0030310469903863844,-0.690703387737722,0.7231381819318035,934.1664616457447,933.76875,934.0,99.38023199999999,11.448156717855516,115.859471,pipeline-0075-run-001,pipeline-0075,0.4392822355031967,0.004236513291130225,0.8493840518357443,1.6002265671313542,0.004959771551934864,0.006394602408884521,12.257368526458741,12.246780395507812,0.003335152212690329,pipeline-0075-family,train,6299387965490605002,d12a8f8997634cee977581cbaa5548c04facc1f5,6c58c27282539d3519962692d87bdfaba41ce01b094a18e3956a3473bb14fe20,2f5ce03671f92bfca42dabff69a505058fb52e27086fafbd86a866f5b4af27cf,34d5f49fc9ad119515ea235c8439e2e4e0fc0c0efa315355b31097866546dad7,51.79920280523038,1.0
4,12.267950057983398,0.37011911432705347,True,11.491318511962891,0.4653346947020496,33.206564865112306,33.20919990539551,33.18362617492676,33.234371185302734,33.290707397460935,0.21004379942520046,1000.4202896429379,100,10.0,267.407161,369.02398582527593,-2.78,-2.7211000000000003,0.037733141931198824,0.62,0.6659999999999999,0.040199502484483556,-2.7624997433314906,0.6334234335889801,1.244462253852552,0.662,0.6529575,0.002208097314431592,0.0,0.0,74.54315185546875,28.9147105384346,108.45786239390335,0.44349514920103156,0.07671126831921889,0.1027631338776533,0.0,data/raw/pipeline-0076-run-001/logs/00000001.BIN,91.81472778320312,368.9676640768405,94.19486638190645,-7.252153811174871,0.06489562721765763,7.252444163409338,52.597946343370175,0.012078159793288685,0.0028298225196673184,0.07308956272176576,-0.9973253811174871,1149.5019703106161,1149.131851196289,1150.0,128.17037799999997,14.107418111992953,139.236783,pipeline-0076-run-001,pipeline-0076,0.42604118704795835,0.0026861177777248954,-2.7434574349870995,0.5333394977728477,0.0023654296218865055,0.007752660513493646,12.267957763671875,12.261268615722656,0.0021380099509302943,pipeline-0076-family,train,4186319502903293138,d12a8f8997634cee977581cbaa5548c04facc1f5,6c58c27282539d3519962692d87bdfaba41ce01b094a18e3956a3473bb14fe20,2f5ce03671f92bfca42dabff69a505058fb52e27086fafbd86a866f5b4af27cf,87182cebf500dccf1be8b78c9aa7fbf0df4d6cf8d8ea7fcc63d1d369deca0aed,91.8099079531909,1.0
4,12.240070343017578,0.31839633324807437,True,23.332535400390626,0.5790857317812992,36.146013259887695,36.00324630737305,35.97767162322998,36.054229736328125,36.677466583251956,0.32512342433166075,2272.513864438026,100,10.0,459.709376,1248.2336876675472,-0.74,-0.7656000000000001,0.012109500402576493,0.21,0.15380000000000002,0.03714242856895602,0.5238869298305858,0.5278149884425039,1.1136490376858104,0.696,0.682885,0.0032406442260760147,0.0,0.0,89.60916646321614,131.72422895595852,226.33339541917468,0.7311919438632363,0.043923277551272316,0.09183665778491526,0.0,data/raw/pipeline-0077-run-001/logs/00000001.BIN,114.41374969482422,1248.1784105299487,233.49505551909454,8.803530261904196,5.795290443485013,10.539807227677919,111.0875363966117,0.01174317759697943,0.00230694166458458,0.5949090443485013,0.8037930261904197,2333.5719363723106,2333.2535400390625,2333.0,231.249963,28.54681382319261,228.459413,pipeline-0077-run-001,pipeline-0077,0.4637806585431099,0.00410586301210633,-0.5132479230053755,0.3122995629023013,0.0073883022190420885,0.006063473108972506,12.23852472305298,12.228083610534668,0.003255085098242334,pipeline-0077-family,train,6518699702452022582,d12a8f8997634cee977581cbaa5548c04facc1f5,6c58c27282539d3519962692d87bdfaba41ce01b094a18e3956a3473bb14fe20,2f5ce03671f92bfca42dabff69a505058fb52e27086fafbd86a866f5b4af27cf,f8948042da82257fcd90b98a97f90a414430fe1b32d120c87ccbadb07bea42ad,114.40795161553278,1.0
4,12.248722076416016,0.4075732041461606,True,9.712172882080079,1.9910634877974336,35.20649795532226,35.12693214416504,35.12685585021973,35.15280723571777,35.59260177612305,0.2189200878154891,802.5790632521085,100,10.0,232.469475,483.22036208724893,1.86,1.8445000000000003,0.023081377775167604,-1.96,-1.8678,0.05505597151989959,-1.710708413950174,0.5871863987926705,1.1918079914115658,0.682,0.67104,0.0026736491916480015,0.0,0.0,35.803680419921875,41.26311961722326,82.06680003714513,0.6369778389361607,0.05606218343655067,0.09671309250785708,0.0,data/raw/pipeline-0078-run-001/logs/00000001.BIN,33.70552062988281,483.158073392105,4.692354604834998,-2.66225997617874,-8.098707343164914,8.52506239337851,72.67668881099654,0.056360906377327824,0.002691067343140079,-0.9966507343164914,-0.08177599761787399,971.624861412154,971.2172882080079,971.0,101.005415,11.900067558693468,131.46406,pipeline-0078-run-001,pipeline-0078,0.45096398532390597,0.0027737838792185414,1.8004897066386827,-2.090658091870416,0.0014211245930346194,0.00860151601556289,12.247921028137206,12.240700721740723,0.0021842779994255108,pipeline-0078-family,test,3746874919047179322,d12a8f8997634cee977581cbaa5548c04facc1f5,6c58c27282539d3519962692d87bdfaba41ce01b094a18e3956a3473bb14fe20,2f5ce03671f92bfca42dabff69a505058fb52e27086fafbd86a866f5b4af27cf,521db68bdad0c6b252965e6b70283dac2f2a908289d779884b78ef7ed1171c38,33.69735190472901,2.0
4,12.30715274810791,0.2752090732385568,True,16.399744750976563,3.227083649998649,29.33972246170044,29.278522491455078,29.278093338012695,29.30263614654541,29.600734519958497,0.19376943057495447,1410.3110321364672,100,10.0,422.21438,999.5364740087547,-2.87,-2.9188,0.042196682334041384,-2.41,-2.4925,0.05322358499763046,-2.077951107680687,0.5899934697904081,1.1920928945822495,0.626,0.61339,0.003452955256008977,0.0,0.0,85.28881327311198,82.75712205633315,173.04593532944511,0.042618019753431234,0.046794225232832366,0.10009378234886535,0.0,data/raw/pipeline-0079-run-001/logs/00000001.BIN,107.93321990966797,999.487633877866,352.28340449137727,4.261719536214655,-7.416918101949934,8.554117577891144,73.17292753638625,0.10304028983616474,0.0028514017405938236,-0.9909418101949933,0.13429195362146554,1640.2496841708949,1639.9744750976563,1641.0,201.93002900000002,20.18282900251126,220.284351,pipeline-0079-run-001,pipeline-0079,0.3775885337591171,0.0024144047980628604,-2.6513018245157376,-1.9774934546606402,-0.0013519893158445485,0.005551228745809672,12.306604652404785,12.299656867980957,0.0019122939994876962,pipeline-0079-family,validation,5763005656684209164,d12a8f8997634cee977581cbaa5548c04facc1f5,6c58c27282539d3519962692d87bdfaba41ce01b094a18e3956a3473bb14fe20,2f5ce03671f92bfca42dabff69a505058fb52e27086fafbd86a866f5b4af27cf,cd91f86b327ef9a1c784cb63b1e278de95d12569f807044e119ddb18db4d5525,107.93046926391582,2.0
4,12.284934997558594,0.3167513187795521,True,15.215913925170899,5.3276928433259805,31.719242401123047,31.51854419708252,31.4959774017334,31.549076557159424,32.526150131225585,0.44212678421319423,1436.099231518461,100,10.0,326.181975,669.5463543896315,3.5,3.5307999999999997,0.024967178454923553,4.93,4.8254,0.08365907004025326,2.7141707328709304,0.5102779955244295,1.1239009225273782,0.674,0.6382275,0.007676636226238684,0.0,0.0,66.09412638346353,91.89706893220428,162.99119531566782,0.2446882111955665,0.07222019545964437,0.07924321292063255,0.0,data/raw/pipeline-0080-run-001/logs/00000001.BIN,79.14118957519531,669.4801901372969,333.19192167561243,0.9795744727416831,-13.750450258437775,13.785298272341393,190.0344484574186,0.22628795460065274,0.0039040154949168604,-0.8925050258437774,0.4510374472741683,1521.9081438358694,1521.5913925170898,1522.0,168.32014500000002,18.673346183069864,157.86183,pipeline-0080-run-001,pipeline-0080,0.40893360674381257,0.005575715420165131,3.2258635417997477,4.849052773102965,0.002267162372554594,0.00653323486857124,12.28277626991272,12.269038200378418,0.004418001192404367,pipeline-0080-family,train,3946537088779993506,d12a8f8997634cee977581cbaa5548c04facc1f5,6c58c27282539d3519962692d87bdfaba41ce01b094a18e3956a3473bb14fe20,2f5ce03671f92bfca42dabff69a505058fb52e27086fafbd86a866f5b4af27cf,0435a7a3ddeb5ff0a1fe20311b9358d3c007d26630874b63b2e8e5c8c78d3116,79.14232559302644,1.0
4,12.30301570892334,0.33139545333176557,True,10.062977416992187,1.7539622450084233,29.882263126373292,29.70836639404297,29.707489013671875,29.754987239837646,30.550517463684084,0.3721003833219016,947.5010453564146,100,10.0,252.614747,372.60034978450534,-2.17,-1.9619,0.14027612056226818,1.85,1.8082,0.043620637317673426,2.01053607107284,0.5521870302964683,1.1644976277259222,0.634,0.6180625,0.004665682559926258,0.0,0.0,62.51164245605469,46.63646436094979,114.14810681700448,0.08842343677135316,0.10035787804453397,0.08536102874152515,0.0,data/raw/pipeline-0081-run-001/logs/00000001.BIN,73.76746368408203,372.5499805572573,271.56822499184307,11.95817232004056,-2.0812196029426104,12.137930642059908,147.32936027145686,0.05547709871082274,0.0035430709604327214,-0.02730196029426103,0.999627232004056,1006.6291371525505,1006.2977416992187,1006.0,121.335613,12.377413280500175,131.279134,pipeline-0081-run-001,pipeline-0081,0.38460653752088547,0.004742737407733677,-2.1907794071934386,1.6115183835708928,0.0071245497318159325,0.01052881074991549,12.301176500320434,12.289389610290527,0.003712443161227623,pipeline-0081-family,validation,3808340726586154352,d12a8f8997634cee977581cbaa5548c04facc1f5,6c58c27282539d3519962692d87bdfaba41ce01b094a18e3956a3473bb14fe20,2f5ce03671f92bfca42dabff69a505058fb52e27086fafbd86a866f5b4af27cf,0cd7cdb1c56b9d957fd2e8a7d34729aed052c14d7b3177e2925721e1af80f398,73.77204191790369,2.0
4,12.29555606842041,0.3483942832069715,True,9.608645446777343,0.6511856431438483,30.56864149093628,30.459107398986816,30.435129165649414,30.48320770263672,31.058979988098145,0.2668275034503621,837.7314138192754,100,10.0,246.487199,582.9861393857719,0.63,0.6994,0.048822535780108756,-0.3,-0.3237,0.02274444987244141,-0.41218843768758584,0.6340848371185058,1.2633589646869372,0.636,0.6241275000000001,0.0028348269347528102,0.0,0.0,37.66699981689453,55.99074035921364,98.65774017610818,0.16959983294868436,0.03825671815801491,0.09705753889772413,0.0,data/raw/pipeline-0082-run-001/logs/00000001.BIN,36.5004997253418,582.9243907869346,237.17127780670117,7.7033286164426515,5.745337372456386,9.609899754745015,92.3501732962483,0.014529787688466043,0.002780490838099991,0.5421637372456386,0.8402728616442651,961.2129389609413,960.8645446777343,962.0,112.647423,11.810522863927794,133.839776,pipeline-0082-run-001,pipeline-0082,0.3933379226922989,0.0034201859608444228,0.38983005425949424,-0.3673358808701194,0.004696423829882406,0.004316786866729923,12.294325828552246,12.286056518554688,0.002652366336558367,pipeline-0082-family,train,631870425595658628,d12a8f8997634cee977581cbaa5548c04facc1f5,6c58c27282539d3519962692d87bdfaba41ce01b094a18e3956a3473bb14fe20,2f5ce03671f92bfca42dabff69a505058fb52e27086fafbd86a866f5b4af27cf,da6af2593820eb687fda6981cf9da4ebf49161a99151c80a85140fdcf54c6b7c,36.50456070837904,1.0
4,12.304032325744629,0.283474428660611,True,15.23681921386719,3.4861326171404263,29.7086092376709,29.604527473449707,29.580835342407227,29.62860870361328,30.1596586227417,0.24937380437877388,1354.8138851850279,100,10.0,376.334406,1005.0022343291686,-3.16,-3.1833,0.027094464379278645,-1.44,-1.5229,0.04960433448802639,-0.5472683763105992,0.6298039847880734,1.2616473106639257,0.635,0.61631,0.004132662579984002,0.0,0.0,63.88672892252604,95.28554678540522,164.17227570793125,0.07503086672935785,0.0399600734676959,0.09668389250436399,0.0,data/raw/pipeline-0083-run-001/logs/00000001.BIN,75.83009338378906,1004.9413112519056,343.356053356394,6.047685964629336,-8.058086016357318,10.075080931376583,101.50725577378803,0.10979888152230412,0.0024564332698298087,-0.9580986016357318,0.2864385964629336,1523.9653958153795,1523.6819213867188,1524.0,181.055049,18.734541336837776,195.279357,pipeline-0083-run-001,pipeline-0083,0.38252182126045225,0.0031968736499183004,-2.9866894923217187,-1.0115860459405417,0.0004821372173682903,0.004470480268697021,12.302925081253052,12.294580459594727,0.002502779645038423,pipeline-0083-family,validation,2109806035065496528,d12a8f8997634cee977581cbaa5548c04facc1f5,6c58c27282539d3519962692d87bdfaba41ce01b094a18e3956a3473bb14fe20,2f5ce03671f92bfca42dabff69a505058fb52e27086fafbd86a866f5b4af27cf,11b384f3d97197ac1e6681fcaa9619ff1f971921547f709324ca1567782d3d8c,75.82637187187245,2.0
4,12.255722999572754,0.3690167385309451,True,13.511438232421874,1.4330081720629115,34.56123840332031,34.45346450805664,34.428534507751465,34.479037284851074,35.01920776367188,0.27475789986262106,1213.687450916847,100,10.0,303.027074,746.3422768902003,-0.72,-0.7212999999999999,0.00890561620551886,1.36,1.3024,0.036718387764170725,-0.4037412894427733,0.6102801705692695,1.2268732220331378,0.677,0.6653150000000001,0.0028863081956021284,0.0,0.0,49.683372497558594,71.73787353281779,126.42124603037638,0.5725304938274264,0.04212184781288025,0.09465699589627148,0.0,data/raw/pipeline-0084-run-001/logs/00000001.BIN,54.52505874633789,746.2813482278518,225.28833139683292,7.827627224963732,5.733231696709208,9.702664255818839,94.14169366114453,0.03487907256764931,0.0027860439856875747,0.7035631696709207,0.7106327224963731,1351.5128399807184,1351.1438232421874,1352.0,141.14768500000002,16.55665787461936,161.879389,pipeline-0084-run-001,pipeline-0084,0.4433257153630257,0.003440148741729876,-0.5614895634832308,1.374922285234257,0.005987056207086425,0.0038159839089215116,12.25436330795288,12.245648384094238,0.00272745527075378,pipeline-0084-family,test,3211396463327964120,d12a8f8997634cee977581cbaa5548c04facc1f5,6c58c27282539d3519962692d87bdfaba41ce01b094a18e3956a3473bb14fe20,2f5ce03671f92bfca42dabff69a505058fb52e27086fafbd86a866f5b4af27cf,748cd5a391c2dbdbb2046ef7b1a6b2d91c2875584a86bb7aeac8193fb97f5236,54.521986749831484,2.0
4,12.281607627868652,0.3063276180655521,True,16.877012939453124,2.544796987753286,32.12813766479492,31.87576675415039,31.847798824310303,31.984413146972656,33.1010326385498,0.5266865028911264,1741.124319912621,100,10.0,338.417079,711.1481757392663,-5.38,-5.2564,0.10507635319138177,1.32,1.3668,0.031776721039150586,4.7981133262066455,0.5205753905638698,1.0963661047226063,0.668,0.6415075,0.009023300047654413,0.0,0.0,53.38560231526693,136.7096633077318,195.09526562299874,0.2858825108539621,0.12825443744956355,0.06681551059764504,0.0,data/raw/pipeline-0085-run-001/logs/00000001.BIN,60.07840347290039,711.078943218741,256.6364829647761,14.98558335059846,0.9446911486825362,15.015330490006969,225.46014972413292,0.15302934382903932,0.003474166815526972,0.23114911486825362,0.972918335059846,1688.007621563378,1687.7012939453125,1688.0,183.35996,20.702445525303425,155.057119,pipeline-0085-run-001,pipeline-0085,0.4136334827542305,0.006705389473172682,-5.228097802338766,1.1876583913631837,0.005957306494674412,0.004348090000431777,12.27870156288147,12.263474464416504,0.005258042630103465,pipeline-0085-family,train,1695418270114309035,d12a8f8997634cee977581cbaa5548c04facc1f5,6c58c27282539d3519962692d87bdfaba41ce01b094a18e3956a3473bb14fe20,2f5ce03671f92bfca42dabff69a505058fb52e27086fafbd86a866f5b4af27cf,31a9627825403422a964f06d6149d6d38b68a4eaa1770f1b9297a2029c9e46de,60.08638360302423,1.0
4,12.28635311126709,0.3482714456786198,True,10.340585708618164,5.534099697763198,31.38131076812744,31.383914947509766,31.35957908630371,31.38824462890625,31.442577362060547,0.1914965395059791,928.589434687172,100,10.0,249.064501,224.55604738088263,2.4,2.4213,0.007570336848516079,-5.33,-5.435700000000001,0.09240405835243384,-2.1870685209241385,0.5644937797783748,1.1437702987139247,0.655,0.6353325000000001,0.004731484307276105,0.0,0.0,83.1001230875651,18.425763914869222,106.52588700243432,0.23397037097258783,0.035440367675874024,0.09732960313755884,0.0,data/raw/pipeline-0086-run-001/logs/00000001.BIN,104.65018463134766,224.53148724450912,267.56135259917,7.569585661342078,5.8625532558026,9.574348947135634,91.66815776151724,0.2176085030505962,0.005780382359366052,0.04268532558025988,0.9990885661342078,1034.406842307495,1034.0585708618164,1035.0,122.427676,12.714254825282403,126.636825,pipeline-0086-run-001,pipeline-0086,0.40388398557901384,0.002344426517371784,2.206034713431123,-5.156914732413334,0.0005661170064024646,0.009213593296989493,12.286201419830322,12.279838562011719,0.0019482528082830281,pipeline-0086-family,train,3614915614427082110,d12a8f8997634cee977581cbaa5548c04facc1f5,6c58c27282539d3519962692d87bdfaba41ce01b094a18e3956a3473bb14fe20,2f5ce03671f92bfca42dabff69a505058fb52e27086fafbd86a866f5b4af27cf,c8866715d53eeec702a9c4905f77d003179ba37b31814490eb32cc4a6d8798c9,104.64714557371566,1.0
4,12.260026931762695,0.3765108745485577,True,11.945564193725586,0.208855290883582,34.15202339172363,33.9862003326416,33.98586845397949,34.03467082977295,34.773537445068364,0.3818447883796099,1152.0494229931292,100,10.0,262.084291,309.10561677771835,1.19,1.1627,0.028279144258622782,1.36,1.3640999999999999,0.005847221562417462,1.7801740272989979,0.5195035005576829,1.1195744882279859,0.678,0.66265,0.003825245090187036,0.0,0.0,78.83383178710938,37.60488577304362,121.438717560153,0.5266494771011679,0.08689698540887351,0.08804450224387946,0.0,data/raw/pipeline-0087-run-001/logs/00000001.BIN,98.25074768066406,309.0477477402719,33.755231922504784,-6.7185941670629425,-9.678667938527893,11.782025320206198,138.81612064597996,0.004385874609292123,0.0023401977090558137,-0.8314567938527891,-0.5555894167062942,1194.9329302471072,1194.5564193725586,1194.0,128.197034,14.64860208351867,133.887257,pipeline-0087-run-001,pipeline-0087,0.43796865969896315,0.004830022049471485,1.1660143118315778,1.281662439499365,0.008338640232686885,0.01786839787641242,12.258461771011353,12.245285987854004,0.0038079769393076727,pipeline-0087-family,test,7633721013008359572,d12a8f8997634cee977581cbaa5548c04facc1f5,6c58c27282539d3519962692d87bdfaba41ce01b094a18e3956a3473bb14fe20,2f5ce03671f92bfca42dabff69a505058fb52e27086fafbd86a866f5b4af27cf,ea5f29e2e3880aa46ff3f0f78fc9bc50d39eff1ea8efb14f9878315720871ead,98.24692495212354,2.0
4,12.246833801269531,0.3774724815159516,True,14.014253768920899,1.0915106950274562,35.48487277984619,35.33222961425781,35.30675506591797,35.357937812805176,36.05644607543945,0.3758921203080475,1370.5352003604637,100,10.0,287.281708,409.0558039397407,-1.22,-1.2572,0.028603496289789497,1.23,1.2671999999999999,0.02154437281519239,1.4124277265193712,0.5459213155629733,1.1708055969050528,0.691,0.6762625,0.0038070452781651977,0.0,0.0,86.40963745117188,47.63346274277659,139.04310019394848,0.6610309624360688,0.07112235452195442,0.0914806028800895,0.0,data/raw/pipeline-0088-run-001/logs/00000001.BIN,109.61445617675781,409.0030357598331,352.92590653071613,2.489149003886986,-11.19102495068418,11.46450619130137,131.43490221038743,0.02743250637308003,0.0020191093064454674,-0.992382495068418,0.12319490038869862,1401.8028493736058,1401.4253768920898,1402.0,144.244779,17.164734921772443,143.036929,pipeline-0088-run-001,pipeline-0088,0.45500595688819884,0.004737496891009567,-1.15774836661923,1.1102684689566866,0.006073719067745173,0.017857526188578516,12.2451500415802,12.23228645324707,0.0037572563401403417,pipeline-0088-family,train,5787759465796150565,d12a8f8997634cee977581cbaa5548c04facc1f5,6c58c27282539d3519962692d87bdfaba41ce01b094a18e3956a3473bb14fe20,2f5ce03671f92bfca42dabff69a505058fb52e27086fafbd86a866f5b4af27cf,565380cca9836690270be092e2d3431b03182911727484da1e1f944332f6fc89,109.60298774782535,1.0
4,12.269198417663574,0.3588373355071326,True,14.6865771484375,0.6210357093527529,32.98032123565674,33.05833625793457,32.94314193725586,33.079752922058105,33.102376556396486,0.1818191934234756,1111.5468913958584,100,10.0,390.217184,953.7541768541735,0.4,0.44060000000000005,0.02671404125174624,4.58,4.5218,0.030376964957019574,-4.5005686582596125,0.561716859040439,1.0747092872218167,0.656,0.6497700000000001,0.0031925068519895175,0.0,0.0,50.55844370524089,65.77357063241166,121.33201433765255,0.4177381665627566,0.13501824523838407,0.09401587393030887,0.0,data/raw/pipeline-0089-run-001/logs/00000001.BIN,55.83766555786133,953.6865268994575,177.71007038175998,-0.840414239655908,5.470204232073182,5.53438618410459,30.629430434807762,0.029414391293810647,0.0024065418323702486,0.9992004232073182,-0.03998142396559079,1469.0165521792571,1468.65771484375,1469.0,162.76236899999998,18.027169201540392,227.454815,pipeline-0089-run-001,pipeline-0089,0.4233821076154709,0.0021409027974934043,0.30924508803289635,4.506904569351302,-0.001223289651406958,0.008895670660589033,12.270195589065551,12.268948554992676,0.001818930235285613,pipeline-0089-family,train,7952981730168653421,d12a8f8997634cee977581cbaa5548c04facc1f5,6c58c27282539d3519962692d87bdfaba41ce01b094a18e3956a3473bb14fe20,2f5ce03671f92bfca42dabff69a505058fb52e27086fafbd86a866f5b4af27cf,7d3fd1b19c10a146248e7d607aa12ee9350b9f90cfbe659d1a0d192eb9766c7e,55.83831502507388,1.0
4,12.23291015625,0.40567319074148145,True,13.039157257080078,0.3296914916398758,36.88048095703125,36.72892379760742,36.70290565490723,36.78072452545166,37.53922691345215,0.3565720626503705,1239.0752518971983,100,10.0,273.979531,709.5624586729102,-0.36,-0.31989999999999996,0.02903429007225766,-0.76,-0.8312,0.041310531344924614,0.8273650768193408,0.49009347809302384,1.046304165052605,0.701,0.68745,0.003487477598494324,0.0,0.0,38.59292093912761,77.35644824146841,120.94936918059602,0.803195358229503,0.04937462407714711,0.09021099232596429,0.0,data/raw/pipeline-0090-run-001/logs/00000001.BIN,37.889381408691406,709.5048593688016,179.3252962839754,0.20183227348584068,10.830502976305688,10.83238343977847,117.34053098638684,0.006386881989981067,0.0024016598102868715,0.9999302976305687,-0.011806772651415928,1304.3213988987493,1303.9157257080078,1305.0,126.542696,15.94247495417245,147.436835,pipeline-0090-run-001,pipeline-0090,0.4732057613134384,0.004532545093018031,-0.3549565712961389,-0.4697339473079242,0.006916839791520033,0.005123878172230998,12.23120620727539,12.220555305480957,0.003568446219032127,pipeline-0090-family,train,1447505351399485000,d12a8f8997634cee977581cbaa5548c04facc1f5,6c58c27282539d3519962692d87bdfaba41ce01b094a18e3956a3473bb14fe20,2f5ce03671f92bfca42dabff69a505058fb52e27086fafbd86a866f5b4af27cf,fe79d90ba8dde838d4d4c9dffbfa026817a82b7cd48a4da18caa5bb9e586de0f,37.884023870334985,1.0
4,12.267189025878906,0.2967547159746573,True,20.641866943359375,5.427235684090921,33.48651969909668,33.29215431213379,33.27905559539795,33.33576965332031,34.21358451843262,0.4302373080737099,2022.2048760296504,100,10.0,416.659103,1042.8235350147622,-5.8,-5.8261,0.0297958050738691,1.5,1.4803,0.02251466188953325,2.5845390554855525,0.45782182544158107,1.0136163740891275,0.69,0.65648,0.007158184127276977,0.0,0.0,71.77076721191406,140.6282822898806,217.39904950179465,0.42274747208903574,0.06579799544522041,0.07848974747134634,0.0,data/raw/pipeline-0091-run-001/logs/00000001.BIN,87.6561508178711,1042.747898945786,348.79204337173127,7.76989372533575,-11.28956429215491,13.704944743037496,187.8255104097111,0.22727748389515717,0.005112149132253102,-0.980926429215491,0.194379372533575,2064.483449051912,2064.1866943359373,2064.0,213.199686,25.283671928683653,203.459417,pipeline-0091-run-001,pipeline-0091,0.4314072546362877,0.005414123665036033,-5.745216837245116,1.533404920475959,-0.0001666357589783729,0.005274367029179476,12.265133419036864,12.251642227172852,0.004316901152361255,pipeline-0091-family,test,7235453154208511894,d12a8f8997634cee977581cbaa5548c04facc1f5,6c58c27282539d3519962692d87bdfaba41ce01b094a18e3956a3473bb14fe20,2f5ce03671f92bfca42dabff69a505058fb52e27086fafbd86a866f5b4af27cf,f692700a12f75634eb510679e2a55a1cd130fce925860dc199ddb324d7cd756b,87.65173084196567,2.0
4,12.282461166381836,0.3237201947322319,True,15.224121275342199,2.1583242663945374,31.927009735107422,31.7771635055542,31.753009796142578,31.801698684692383,32.56777801513672,0.35788270842840614,1478.0333488545257,100,10.0,342.267205,873.145296874907,-2.3,-2.2715,0.026471682983898008,-1.2,-1.1198000000000001,0.05370251390763746,1.324877598532213,0.4723942623822832,1.0185317344025604,0.654,0.6392825,0.004327550548520495,0.0,0.0,61.00955708821615,100.64933455315573,166.65889164137187,0.29845311765494636,0.07159442789239215,0.08818862689972691,0.0,data/raw/pipeline-0092-run-001/logs/00000001.BIN,71.51433563232422,873.0906474651022,185.30244615843628,3.195414824293553,11.077027595945099,11.528712688788989,132.91121626064424,0.06264348906108701,0.002587712134679013,0.99572275959451,0.0923914824293553,1522.7358477289522,1522.41212753422,1522.0,167.00567099999998,18.67951716063546,175.261534,pipeline-0092-run-001,pipeline-0092,0.4104581817984581,0.004569394251201125,-2.1242575420688814,-1.2373647914533608,0.007206083284859233,0.004102767663436541,12.280721731185913,12.269523620605469,0.0035922727836322148,pipeline-0092-family,train,8203045856458283899,d12a8f8997634cee977581cbaa5548c04facc1f5,6c58c27282539d3519962692d87bdfaba41ce01b094a18e3956a3473bb14fe20,2f5ce03671f92bfca42dabff69a505058fb52e27086fafbd86a866f5b4af27cf,bfeed1b35be4ac46469fceea589437248c441fdfce4121d2380eb5b871a71dbb,71.5187489161759,1.0
4,12.309335708618164,0.2905233910910283,True,14.372644409179689,3.5053844186419534,29.24684041976929,29.06984519958496,29.06609535217285,29.11608123779297,29.89283561706543,0.3779590682893589,1385.1004714106803,100,10.0,335.68234,625.5700073385086,4.19,4.0474,0.0903617175578242,1.23,1.3792000000000002,0.11584196130936321,2.448656667959437,0.5197427725141929,1.1070263688142572,0.638,0.6123825,0.006571620329112149,0.0,0.0,82.65010579427084,82.84221493203698,170.4923207263078,0.014808937537987541,0.08863768700235491,0.08025532149974057,0.0,data/raw/pipeline-0093-run-001/logs/00000001.BIN,103.97515869140625,625.5052353166216,126.2498768704488,-12.11216154199913,4.533466172776185,12.932779003724942,167.25677275918872,0.1378566246743453,0.0039761558828594725,0.5912666172776185,-0.8064761541999131,1437.5549643090599,1437.2644409179688,1438.0,173.62302300000002,17.678226247502376,162.059317,pipeline-0093-run-001,pipeline-0093,0.37709283381700515,0.004813022220625903,4.00549032848647,0.9521718648860478,0.00936393540527206,0.00880537580461402,12.307534408569335,12.29581356048584,0.0037642456750625703,pipeline-0093-family,train,216009594738481131,d12a8f8997634cee977581cbaa5548c04facc1f5,6c58c27282539d3519962692d87bdfaba41ce01b094a18e3956a3473bb14fe20,2f5ce03671f92bfca42dabff69a505058fb52e27086fafbd86a866f5b4af27cf,33dd8e7c7764327c8f19ffff34ca9841d051335908a4d4d5e12aa5b3f62aead9,103.98465421230505,1.0
4,12.311391830444336,0.2824439084686219,True,15.330745086669921,0.5958500869214967,28.98736629486084,28.861927032470703,28.838457107543945,28.885435581207275,29.49984817504883,0.283833229754021,1356.8926278810186,100,10.0,385.036757,1288.0101688264729,-0.64,-0.5898,0.033852030958274854,-0.02,0.08470000000000001,0.06655005634858621,-0.000896613431126167,0.6151494418521272,1.236300883886187,0.62,0.6073324999999999,0.0030776523114218112,0.0,0.0,34.72578684488932,128.78946944583802,168.51525629072734,0.0076690030826879,0.05118999606266688,0.0962138325205512,0.0,data/raw/pipeline-0094-run-001/logs/00000001.BIN,32.088680267333984,1287.9443968716807,188.08702495121986,1.9964004617749804,9.815879535609742,10.016841111916346,100.3371058613775,0.012308960350103365,0.0022873229684593458,0.9900579535609741,0.14066004617749805,1533.3569525754608,1533.0745086669922,1533.0,182.37951900000002,18.85050608124466,202.657238,pipeline-0094-run-001,pipeline-0094,0.37360001653432845,0.0036486600082350383,-0.5895386469868008,-0.3789586818661093,0.005763382505247137,0.003197016061048845,12.310126886367797,12.30134105682373,0.002816060440588959,pipeline-0094-family,train,3847521508348440353,d12a8f8997634cee977581cbaa5548c04facc1f5,6c58c27282539d3519962692d87bdfaba41ce01b094a18e3956a3473bb14fe20,2f5ce03671f92bfca42dabff69a505058fb52e27086fafbd86a866f5b4af27cf,7edf2c89b8479987fe54abbc87e78907f49e8c21e3df4924a8c4cffc80c40973,32.09625534799591,1.0
4,12.305350303649902,0.31205034722233904,True,11.803380920410158,3.971868233835206,29.577339344024658,29.4961519241333,29.472780227661133,29.498100757598877,29.94193801879883,0.22499420380374335,1039.0381468648682,100,10.0,302.17908,609.945016177699,3.94,4.0175,0.0683575160461525,0.72,0.7809,0.03563972502699761,-0.9871037397613303,0.5994288849108809,1.2002350556903034,0.635,0.615075,0.004202900783982419,0.0,0.0,65.95169067382812,55.51463157395733,126.46632224778546,0.06096357330598539,0.04095759883445362,0.09677658899261621,0.0,data/raw/pipeline-0095-run-001/logs/00000001.BIN,78.92753601074219,609.8862037638896,182.95944369527757,-3.5016482736477856,9.205785986673428,9.849265772877356,97.00803626477338,0.13097031610470414,0.0036840703525900112,0.9986685986673429,0.05158517263522143,1180.650142388238,1180.3380920410157,1181.0,143.699997,14.522027099248904,158.479083,pipeline-0095-run-001,pipeline-0095,0.38064819484949114,0.0028232000741732276,3.5989016253628363,0.3760010101385886,0.005963907901896164,0.0030592584887360478,12.30424774169922,12.296479225158691,0.002245018804345714,pipeline-0095-family,test,1486174362406974127,d12a8f8997634cee977581cbaa5548c04facc1f5,6c58c27282539d3519962692d87bdfaba41ce01b094a18e3956a3473bb14fe20,2f5ce03671f92bfca42dabff69a505058fb52e27086fafbd86a866f5b4af27cf,f2eb3b5ba148524c3fe1f357947f44bbb17e40be386dadcde12fda28886c7874,78.93223110702755,2.0
4,12.303422927856445,0.347105548373861,True,7.895549194335938,4.323841115082047,29.77052101135254,29.663052558898926,29.642732620239258,29.688288688659668,30.212640380859376,0.2582832339835365,693.1402077012527,100,10.0,208.659836,317.45864080194207,2.26,2.3564,0.06413298683205085,-3.6,-3.628,0.05041825066382216,-0.13929454952024667,0.5608901418740677,1.1397738974494178,0.64,0.6163649999999999,0.004893033312782577,0.0,0.0,47.508237202962235,31.309736515837088,83.81797371879932,0.07625102417825451,0.03982855430124233,0.0933688383989835,0.0,data/raw/pipeline-0096-run-001/logs/00000001.BIN,51.26235580444336,317.4052539142019,238.84564233109032,6.200973763050915,8.802104200675497,10.767038310027278,115.92911396959506,0.14764498404503504,0.0041608199872795685,0.5174104200675498,0.8557373763050915,789.9020249819677,789.5549194335938,790.0,96.00325000000001,9.713898769038956,112.656586,pipeline-0096-run-001,pipeline-0096,0.38363201677799225,0.003195038252575364,1.8421697205928405,-3.492175825804782,0.0033427225856758015,0.004015635163268088,12.302275638580323,12.293661117553711,0.002582527048481856,pipeline-0096-family,train,2515641242590470142,d12a8f8997634cee977581cbaa5548c04facc1f5,6c58c27282539d3519962692d87bdfaba41ce01b094a18e3956a3473bb14fe20,2f5ce03671f92bfca42dabff69a505058fb52e27086fafbd86a866f5b4af27cf,0832008586fb71530aaea3012746a7880e8e076a083c136ba5c99b7ab95e4139,51.2628029037586,1.0
4,12.219762802124023,0.36980814429261955,True,23.331981506347656,0.02292388782289878,37.93105438232422,38.02432632446289,37.9096736907959,38.050299644470215,38.05161666870117,0.20182004516483135,1776.5597275844912,100,10.0,529.124099,1447.327445745718,2.8,2.7169,0.057960244996031515,3.59,3.4301,0.10726131641929443,-4.375683502650424,0.5293323336347131,1.0327766429160268,0.702,0.6990975,0.0019191127507262324,0.0,0.0,62.932718912760414,100.67886132015053,168.61158023291094,0.9138954234777232,0.14420569642304662,0.09259436732119761,0.0,data/raw/pipeline-0097-run-001/logs/00000001.BIN,74.39907836914062,1447.28289443347,218.68282639626568,3.533083534594965,4.37616068084405,5.62436321435516,31.633461566991507,0.003182965416220312,0.0020352169842981624,0.780626068084405,0.6249983534594965,2333.5679587790582,2333.1981506347656,2333.0,224.44685199999998,28.522600713113512,304.677247,pipeline-0097-run-001,pipeline-0097,0.484932724237442,0.0024488302317773867,3.0157258628813617,3.9035631328595377,-0.0017189772582423756,0.010186588937009538,12.220691413879395,12.21933650970459,0.0020539003124871416,pipeline-0097-family,validation,2988730073650016932,d12a8f8997634cee977581cbaa5548c04facc1f5,6c58c27282539d3519962692d87bdfaba41ce01b094a18e3956a3473bb14fe20,2f5ce03671f92bfca42dabff69a505058fb52e27086fafbd86a866f5b4af27cf,09cac46d14404efc10e1deff3a316bd28de1b56427bfefa8506b442e4ea66eb7,74.39935224236842,2.0
4,12.264801979064941,0.3709130745839957,True,11.35635888671875,5.353876392536893,33.66522499084473,33.538862228393555,33.5137300491333,33.5672025680542,34.16777992248535,0.2942200207077738,1040.3907415947367,100,10.0,255.062101,511.8111044917497,4.59,4.6618,0.06750377767206814,2.66,2.6791,0.022185355530168996,0.4959471982339947,0.5909454805378822,1.211812348489181,0.684,0.6569275,0.005402521980519844,0.0,0.0,52.402587890625,53.85187931580589,111.25446720643089,0.45702463606953125,0.0424131456833296,0.09145576582379022,0.0,data/raw/pipeline-0098-run-001/logs/00000001.BIN,58.6038818359375,511.752324639462,144.82473559167008,-10.422990664962228,5.49455781776752,11.782567632510323,138.82890001467993,0.20042497460103464,0.003962276270182638,0.817365781776752,-0.5761190664962227,1136.006801746459,1135.635888671875,1136.0,120.40265300000002,13.920924092874728,134.659448,pipeline-0098-run-001,pipeline-0098,0.4334484484791756,0.0036232192802921528,4.530910310987779,2.641482278822131,0.006386523725814186,0.0034480373272999525,12.263367137908936,12.253654479980469,0.002914957728793296,pipeline-0098-family,train,8308422693346762502,d12a8f8997634cee977581cbaa5548c04facc1f5,6c58c27282539d3519962692d87bdfaba41ce01b094a18e3956a3473bb14fe20,2f5ce03671f92bfca42dabff69a505058fb52e27086fafbd86a866f5b4af27cf,1f7b0d964e66884844258a8ec58d118f52de824932b7c546476ca41f8e679146,58.61029074111015,1.0
4,12.274913787841797,0.29984812556313045,True,18.161587158203126,2.9393612711579147,32.69202278137207,32.511348724365234,32.510887145996094,32.56062984466553,33.35987014770508,0.35831177850525114,1760.7190924885513,100,10.0,405.481909,1301.5212490434337,-2.49,-2.5327,0.03480962510570887,1.81,1.7911000000000001,0.011126095451684756,0.9913444495315079,0.6036461497986721,1.2580074181088574,0.663,0.6463175,0.004549361905806136,0.0,0.0,44.41340637207031,144.47452694267446,193.88793331474477,0.3725057844477852,0.06067374175709874,0.092802804932418,0.0,data/raw/pipeline-0099-run-001/logs/00000001.BIN,46.62010955810547,1301.4601702801588,16.630927320207686,-0.32921824747155615,-11.372823432910664,11.377587507491654,129.44949749063016,0.09150331021216361,0.002256108830357878,-0.9581723432910664,-0.28619182474715565,1816.4585639458755,1816.1587158203124,1817.0,191.20265499999996,22.25875831496834,214.279254,pipeline-0099-run-001,pipeline-0099,0.42017303705215453,0.0044846689046720385,-2.339555562152184,1.7867150090619965,0.0014583477028099878,0.004301986254158539,12.273075981140137,12.262457847595215,0.00354834165820531,pipeline-0099-family,test,4213366366327360477,d12a8f8997634cee977581cbaa5548c04facc1f5,6c58c27282539d3519962692d87bdfaba41ce01b094a18e3956a3473bb14fe20,2f5ce03671f92bfca42dabff69a505058fb52e27086fafbd86a866f5b4af27cf,1157ea90ab457436d02c0dfd00e2e4f1dbaab97c9b931b88700b5696cc5fd523,46.616823823665726,2.0
4,12.232934951782227,0.394788751472106,True,13.961941833496095,3.6872512079335285,36.95780982971191,36.707082748413086,36.7052116394043,36.785301208496094,37.86977195739746,0.4907012777924917,1470.4364805429088,100,10.0,277.87214,645.0701694124109,-3.29,-3.3526,0.03129281067593648,3.19,3.1992000000000003,0.012859237924542787,2.8069531398996914,0.5715078879249711,1.2269501797483342,0.712,0.68892,0.006277626940174098,0.0,0.0,48.55313618977864,89.67968400019784,143.23282018997648,0.7846727018644485,0.08332460697459793,0.08176830336530051,0.0,data/raw/pipeline-0100-run-001/logs/00000001.BIN,52.82970428466797,645.0086142308919,260.94106909729135,13.227820189983472,-1.6243901069199567,13.327185381692333,177.6138701979938,0.13957126166056674,0.0027739054180623344,0.15748098930800436,0.9875220189983474,1396.5889721010815,1396.1941833496094,1397.0,131.835578,17.05460518358789,146.036562,pipeline-0100-run-001,pipeline-0100,0.4739358106255531,0.006139974489699519,-3.185710528923699,3.2894756938952625,0.004636239938845392,0.004741385746975028,12.230395231246948,12.216190338134766,0.004902901614941709,pipeline-0100-family,train,6665028478080748747,d12a8f8997634cee977581cbaa5548c04facc1f5,6c58c27282539d3519962692d87bdfaba41ce01b094a18e3956a3473bb14fe20,2f5ce03671f92bfca42dabff69a505058fb52e27086fafbd86a866f5b4af27cf,f3edcfc91fb7bad3b0da60b9f01055e61d94474f49e6dd93c7c5b2b47356dc81,52.83378084472527,1.0
4,12.255475044250488,0.3644697933602856,True,14.218775024414063,2.284200985352066,34.65938484191894,34.465829849243164,34.44146728515625,34.51665019989014,35.50922317504883,0.44092131313201366,1468.0658428782071,100,10.0,297.446807,678.7832246115026,-0.72,-0.71,0.004690415759823434,3.36,3.3459,0.01849837830730031,2.5458932948017776,0.4749620178194057,1.052253738150569,0.684,0.6666475,0.005289919068379029,0.0,0.0,56.42337544759115,91.06164580903355,152.4850212566247,0.5662256488015028,0.09512302945570726,0.08108476461977426,0.0,data/raw/pipeline-0101-run-001/logs/00000001.BIN,64.63506317138672,678.7361176293614,306.1219098378768,8.787761968181282,-9.240792839179015,12.752137573992664,162.61701270603552,0.07665236254436328,0.0025642732342884963,-0.5894892839179015,0.8077761968181284,1422.2419722347665,1421.8775024414062,1422.0,143.78746199999998,17.40529265340249,153.659345,pipeline-0101-run-001,pipeline-0101,0.4444717887043953,0.005578704621915811,-0.7181596292450183,3.1962687721036582,0.0033247243682853877,0.005857618987585535,12.253404150009155,12.240137100219727,0.004423498133745276,pipeline-0101-family,train,314158627692081031,d12a8f8997634cee977581cbaa5548c04facc1f5,6c58c27282539d3519962692d87bdfaba41ce01b094a18e3956a3473bb14fe20,2f5ce03671f92bfca42dabff69a505058fb52e27086fafbd86a866f5b4af27cf,9c0291ae1e050f5a113f39398349c4d8e529388da1187b7f0c68bd0f274e383f,64.63431622450588,1.0
4,12.299928665161133,0.33970611124823336,True,9.298018325805664,3.560556638020727,30.231435832977294,30.01704978942871,29.992384433746338,30.068073272705078,31.04175148010254,0.44178312890026356,874.4772911869504,100,10.0,230.177059,334.55423477878406,3.38,3.1825,0.1530841271980867,-3.7,-3.6547,0.0429756908030575,3.287487607192846,0.5785976739675323,1.2038886511525264,0.651,0.62146,0.007735205233217805,0.0,0.0,49.293540954589844,49.84038988699348,104.13393084158332,0.10447808358914928,0.09945169729694978,0.07549720138307117,0.0,data/raw/pipeline-0102-run-001/logs/00000001.BIN,53.940311431884766,334.47650689107945,91.6704449734989,-13.17826639277552,3.9456539844365808,13.756267316530925,189.23489048385693,0.15863558138386466,0.0032276894296930556,0.029095398443658084,-0.9995766392775518,930.1415386918146,929.8018325805664,930.0,109.91018500000001,11.430780025769362,120.266874,pipeline-0102-run-001,pipeline-0102,0.3895583471655846,0.005639070552531435,3.3535093473601405,-3.401616244844311,0.006980036002059933,0.0064551633023009645,12.297687339782716,12.284822463989258,0.004421345299581262,pipeline-0102-family,test,2635662113864072467,d12a8f8997634cee977581cbaa5548c04facc1f5,6c58c27282539d3519962692d87bdfaba41ce01b094a18e3956a3473bb14fe20,2f5ce03671f92bfca42dabff69a505058fb52e27086fafbd86a866f5b4af27cf,5138f81dba3671dca9fb9aa11af758df5dbae307c521bf72e714a6b0dd2eb2fa,53.94830914379091,2.0
4,12.225794792175293,0.34339089614968543,True,21.497408203125,3.4187044128222706,37.542756996154786,37.4182014465332,37.39181995391846,37.444570541381836,38.05408821105957,0.3008541756957607,2035.36526679472,100,10.0,412.381648,1056.3219744490661,-1.77,-1.7059,0.03414952415481074,2.88,2.9637000000000002,0.05780406560095921,0.07792713102337445,0.6071814632619104,1.2395565772170025,0.711,0.6961999999999999,0.0038091993909481793,0.0,0.0,83.71070861816406,106.46182389487092,195.17253251303498,0.8630812299732189,0.04171055488878764,0.09278804097645496,0.0,data/raw/pipeline-0103-run-001/logs/00000001.BIN,105.5660629272461,1056.2673016559334,58.77051081468855,-6.8449891075949285,-8.148513928157346,10.641999582807147,113.25215512046749,0.1071750091323252,0.002365467756708295,-0.5184813928157347,-0.8550889107594928,2150.08421120865,2149.7408203125,2151.0,206.14251,26.275703286877896,206.239138,pipeline-0103-run-001,pipeline-0103,0.481912944316864,0.003756938991075867,-2.086326985483567,2.7465337498100117,0.0035797443269984797,0.006225778168932368,12.224566688537598,12.21446418762207,0.0030055992285268423,pipeline-0103-family,train,1171603856883675042,d12a8f8997634cee977581cbaa5548c04facc1f5,6c58c27282539d3519962692d87bdfaba41ce01b094a18e3956a3473bb14fe20,2f5ce03671f92bfca42dabff69a505058fb52e27086fafbd86a866f5b4af27cf,bf5e86282855cb8aa2ad2783f4852f81c21d76ac2d7181a82893776019fbffdc,105.56668048223304,1.0
4,12.285651206970215,0.29483071670938443,True,17.007686157226566,1.6825529460148037,31.685217914581298,31.45225715637207,31.431126594543457,31.52232789993286,32.55127487182617,0.4779571145348732,1793.8407215137715,100,10.0,351.866697,725.0169215228965,-4.47,-4.329,0.1177752096156063,-1.94,-1.9857,0.03873641697421174,4.455587623855791,0.573650015262958,1.170534913215944,0.654,0.63739,0.007850343941509831,0.0,0.0,68.04663594563803,130.76533135277003,203.81196729840806,0.24911351591253503,0.14858161384728616,0.06819097352682409,0.0,data/raw/pipeline-0104-run-001/logs/00000001.BIN,82.06995391845703,724.9452655693359,266.051335043971,14.305210952065714,2.6750584262806307,14.553178277170794,211.79499796711588,0.10182821423418187,0.003199596604084017,0.06893584262806308,0.9976210952065713,1701.0634464393659,1700.7686157226565,1701.0,187.604928,20.870723268970654,164.261769,pipeline-0104-run-001,pipeline-0104,0.40761699855327604,0.00611823344862234,-4.349683467637014,-1.8754028140650085,0.004381210546562216,0.007229780163211846,12.283138475418092,12.269145011901855,0.004798570603589322,pipeline-0104-family,train,8756726858935556234,d12a8f8997634cee977581cbaa5548c04facc1f5,6c58c27282539d3519962692d87bdfaba41ce01b094a18e3956a3473bb14fe20,2f5ce03671f92bfca42dabff69a505058fb52e27086fafbd86a866f5b4af27cf,6cb7aa1f5d177653b7240195e6a3378fa010fe649bd74d96eb6da19506b9893f,82.07054679599767,1.0
4,12.23160457611084,0.3777636608931516,True,16.494016845703126,1.1136378293099498,37.01153854370117,36.8541202545166,36.828521728515625,36.88041877746582,37.658650970458986,0.38879079960583496,1650.7134447051435,100,10.0,325.6197,558.9082593328047,0.48,0.5001,0.02156362678215334,-1.82,-1.919,0.06516901104052442,1.6408753137060181,0.5648216125983947,1.1874171763610977,0.706,0.6912599999999999,0.003844138395011295,0.0,0.0,88.69783020019531,66.86205557493565,160.55988577513097,0.81340233697775,0.0742299483248007,0.08970627241166394,0.0,data/raw/pipeline-0105-run-001/logs/00000001.BIN,113.04674530029297,558.853179048168,199.55997598556763,2.847427912306415,11.342059846797614,11.694022716076807,136.75016728412038,0.028032752672550277,0.0033191146615712554,0.9423059846797613,0.3347527912306415,1649.7794482312056,1649.4016845703125,1650.0,161.53536000000003,20.172167036672246,164.08434,pipeline-0105-run-001,pipeline-0105,0.47377038419246675,0.004856530275176333,0.5288461782668912,-1.60982397553631,0.009407122833508766,0.014439529824476894,12.229866008758545,12.216827392578125,0.003873114062759266,pipeline-0105-family,test,3477574511087490881,d12a8f8997634cee977581cbaa5548c04facc1f5,6c58c27282539d3519962692d87bdfaba41ce01b094a18e3956a3473bb14fe20,2f5ce03671f92bfca42dabff69a505058fb52e27086fafbd86a866f5b4af27cf,1db00351d176bfd3943b2976ae72f36fccbd762994279af0e07052b937b568fc,113.04162150692592,2.0
4,12.212445259094238,0.37825510541188123,True,20.29081005859375,3.8009284974883846,38.8842741394043,38.75557518005371,38.72878837585449,38.78195762634277,39.46146850585937,0.327888022203826,1948.9875630784127,100,10.0,378.569345,935.3559892810636,-2.66,-2.6207,0.01872191229548953,2.68,2.7916000000000003,0.07516275673496813,0.46264630872913703,0.4559282034177387,0.9883076429197394,0.726,0.70868,0.004127057062847573,0.0,0.0,77.36906941731772,98.07290570938514,180.44197512670286,0.9938583048613644,0.03847599100147564,0.08797193252821031,0.0,data/raw/pipeline-0106-run-001/logs/00000001.BIN,96.05360412597656,935.3024997442905,39.86959181243512,-3.7896071538160876,-10.466752258667857,11.131667674907598,123.91402522458274,0.12407239931521401,0.0020487769316786426,-0.7675152258667857,-0.6410307153816087,2029.4592609647868,2029.081005859375,2030.0,187.709886,24.77260023418153,190.859459,pipeline-0106-run-001,pipeline-0106,0.49793523490428926,0.004025526987893944,-3.0573063914587473,2.4538803109329717,0.0024125708749488696,0.005170564254150564,12.211156911849976,12.200372695922852,0.003256884732223911,pipeline-0106-family,train,4737641344805237708,d12a8f8997634cee977581cbaa5548c04facc1f5,6c58c27282539d3519962692d87bdfaba41ce01b094a18e3956a3473bb14fe20,2f5ce03671f92bfca42dabff69a505058fb52e27086fafbd86a866f5b4af27cf,c0fb3c2037da362c98829b7c2fa57b95dc5e0d6787b19aa8146a45529afeffd1,96.0529764599637,1.0
4,12.221165657043457,0.3566238465182323,True,20.8442470703125,0.6022603700613793,38.09310592651367,37.884721755981445,37.87764549255371,37.93686485290527,38.86669578552246,0.43999147767140373,2184.3405864634183,100,10.0,391.236776,1014.003764228018,-1.76,-1.8677000000000001,0.06716926380421327,0.76,0.8217,0.030888671062381412,1.9495580593184525,0.5361940497276295,1.1678574938213506,0.716,0.701,0.004223742416388579,0.0,0.0,75.47545369466147,125.9562855927103,206.43173928737176,0.918306031821033,0.08157354888859182,0.08857850413712143,0.0,data/raw/pipeline-0107-run-001/logs/00000001.BIN,93.21318054199219,1013.9494812427309,310.9152993416643,9.42460318104309,-7.370991130522513,11.96472546138728,143.15465536636907,0.014651202794217626,0.0021176645659866634,-0.6549291130522513,0.7556903181043089,2084.781330877768,2084.42470703125,2084.0,193.77745800000002,25.450932872862822,197.459318,pipeline-0107-run-001,pipeline-0107,0.48760677486658094,0.005505864565962345,-1.6103111863394504,0.6155401583117942,0.0042963238060110594,0.008606785560420745,12.219033842086793,12.20552921295166,0.004397998383460655,pipeline-0107-family,train,2379649441160747309,d12a8f8997634cee977581cbaa5548c04facc1f5,6c58c27282539d3519962692d87bdfaba41ce01b094a18e3956a3473bb14fe20,2f5ce03671f92bfca42dabff69a505058fb52e27086fafbd86a866f5b4af27cf,42ca8b6b7ebbed966bbc654dec37636eb45d0fdd828f3a929e9c7a70a766d35b,93.19897376746871,1.0
4,12.256867408752441,0.38450679603488425,True,11.528441955566407,4.10509783188027,34.48132526397705,34.332685470581055,34.307437896728516,34.356855392456055,35.11164588928223,0.3522711714630414,1085.850274073143,100,10.0,258.004257,475.67714369068335,-0.8,-0.7975,0.0051720402163943045,-4.17,-4.1478,0.026099042128016905,0.9941945889472055,0.5204909505452151,1.0916368749213936,0.687,0.6649349999999999,0.00510889175849323,0.0,0.0,55.548535664876304,52.81894533351636,113.36748099839267,0.5471973789598906,0.05014737006674978,0.08984642200872898,0.0,data/raw/pipeline-0108-run-001/logs/00000001.BIN,63.32280349731445,475.61559286904304,114.50048591688902,-8.302290423626594,8.29434244474523,11.735592991789726,137.72414286894414,0.14144051928296467,0.0034000556889100465,0.4146542444745229,-0.9099790423626594,1153.2287023526756,1152.8441955566407,1153.0,119.924511,14.12432325992027,138.079746,pipeline-0108-run-001,pipeline-0108,0.4425083461403847,0.0044613195936177245,-0.8636218621583434,-4.096334687121553,0.0056386088071303676,0.004617796546907291,12.255180110931397,12.243959426879883,0.0035257144011682337,pipeline-0108-family,validation,4798959656880688889,d12a8f8997634cee977581cbaa5548c04facc1f5,6c58c27282539d3519962692d87bdfaba41ce01b094a18e3956a3473bb14fe20,2f5ce03671f92bfca42dabff69a505058fb52e27086fafbd86a866f5b4af27cf,e411bbf3d27b4a17931960d4c91a1f32453a218cca083adccf8c9d9abb9b7564,63.32891058856242,2.0
4,12.266934394836426,0.33736648072454045,True,17.776675781250002,0.1354343837114893,33.19486106872559,33.28315353393555,33.14762878417969,33.30860710144043,33.33273010253906,0.19234187475987222,1367.9270794902163,100,10.0,463.387071,1109.733197964398,4.48,4.4406,0.020775947631816963,1.76,1.7077,0.031332251754382444,-4.75571500173304,0.5883918005861655,1.1103301146057047,0.655,0.6529250000000001,0.001843739406749231,0.0,0.0,68.14539591471353,75.2070094762647,148.35240539097822,0.43928093797661194,0.15565523213573595,0.09357134659701881,0.0,data/raw/pipeline-0109-run-001/logs/00000001.BIN,82.21809387207031,1109.6883626974227,250.59730899177083,4.991408485150252,1.6145305663595444,5.2460335126016115,27.520867615339203,0.0030030906393963964,0.002148421407671442,0.3322230566359544,0.9432008485150252,1778.0049446057246,1777.667578125,1777.0,195.927431,21.81679371752925,267.45964,pipeline-0109-run-001,pipeline-0109,0.4262510445713997,0.00226107913313726,4.44944603939607,1.729991832115323,-0.0026869736470325734,0.008793776129936542,12.268050327301026,12.266514778137207,0.0019367329079837568,pipeline-0109-family,train,4351500866198802132,d12a8f8997634cee977581cbaa5548c04facc1f5,6c58c27282539d3519962692d87bdfaba41ce01b094a18e3956a3473bb14fe20,2f5ce03671f92bfca42dabff69a505058fb52e27086fafbd86a866f5b4af27cf,0cdc61a6c3a973f0da6c6a2f8a0353254ff29377e4fc392628bc0df6b94a027c,82.21580267174241,1.0
4,12.224739074707031,0.394622122899591,True,15.67630651855469,1.6983590323042956,37.684872474670414,37.527442932128906,37.50157928466797,37.57926845550537,38.31394386291504,0.34912333753934116,1508.1404289199247,100,10.0,307.157088,602.8117733366297,-1.45,-1.4632999999999998,0.01555988431833606,1.02,1.1252,0.06264950119514118,0.7231172293552527,0.538901858919825,1.1454658022337432,0.709,0.6970274999999999,0.003539314022519056,0.0,0.0,74.09122721354166,64.9799925513917,144.07121976493335,0.8825522517663176,0.04562245449855474,0.09239610628104254,0.0,data/raw/pipeline-0110-run-001/logs/00000001.BIN,91.1368408203125,602.7568937722884,14.49694793683784,-1.0397101615119544,-10.806880646012235,10.856779748945128,117.86966651710503,0.04411993726326378,0.0020282916605294846,-0.9681680646012236,-0.25030101615119543,1568.0252739783684,1567.6306518554688,1567.0,151.29779,19.164188097645734,155.859298,pipeline-0110-run-001,pipeline-0110,0.48240941286087036,0.004340941835792634,-1.4977267926246904,0.7046756806440774,0.0046639482257887725,0.009656081078416732,12.223147144317627,12.211606979370117,0.0034719326875806947,pipeline-0110-family,train,4754237340099449227,d12a8f8997634cee977581cbaa5548c04facc1f5,6c58c27282539d3519962692d87bdfaba41ce01b094a18e3956a3473bb14fe20,2f5ce03671f92bfca42dabff69a505058fb52e27086fafbd86a866f5b4af27cf,830cd83ade08e2e6661e66b8c5a68f22668194ce5955bca60e3f065006ae8870,91.12223848709354,1.0
4,12.238094329833984,0.35809655250682226,True,18.016048278808594,2.015440733541828,36.33975414276123,36.187862396240234,36.16239643096924,36.23918342590332,36.86474266052246,0.34027482947234255,1752.3729581637126,100,10.0,355.97422,740.0505251857176,-1.24,-1.2829,0.022418519130397548,1.78,1.7371,0.03326544753945153,0.7754659693244943,0.6783957167146489,1.3666979217883217,0.699,0.68473,0.00367995923890466,0.0,0.0,88.37260437011719,80.22633151167683,173.59893588179403,0.7463918099713626,0.05079662398143534,0.09482625395290975,0.0,data/raw/pipeline-0111-run-001/logs/00000001.BIN,112.55890655517578,739.9910125075158,254.59944236163386,10.923755882365462,0.9188175166897168,10.96232950638184,120.17266820648992,0.053890956459200855,0.0030213843965611084,0.2655917516689717,0.9640855882365462,1801.9629244333662,1801.6048278808594,1802.0,179.312413,22.04512185432434,176.661807,pipeline-0111-run-001,pipeline-0111,0.46654213428497315,0.004283309212960268,-0.9977632384863708,1.7694303571874235,0.008925569695056765,0.013031106518034878,12.236588973999023,12.22533893585205,0.00337881551589118,pipeline-0111-family,train,5429315683012410770,d12a8f8997634cee977581cbaa5548c04facc1f5,6c58c27282539d3519962692d87bdfaba41ce01b094a18e3956a3473bb14fe20,2f5ce03671f92bfca42dabff69a505058fb52e27086fafbd86a866f5b4af27cf,8e4938b8ae0818a0855740e3b65119981e4db7b634afe5ff27528d3667e51758,112.55460110267211,1.0
4,12.22979736328125,0.3768776469328259,True,17.095832214355468,0.04076970293556484,37.16654762268067,37.009918212890625,37.00924301147461,37.09391403198242,37.765020751953124,0.3191777580032138,1592.560330676326,100,10.0,350.582211,1126.586077521973,-0.07,-0.09820000000000001,0.014098226838861687,-0.09,-0.16820000000000002,0.04881352271655878,0.19045291103720574,0.5608500002921751,1.1639535376887309,0.702,0.6900049999999999,0.00311046218430638,0.0,0.0,34.41157786051432,114.84588098767074,154.25745884818505,0.8336896921070844,0.03994028426534921,0.09225004145729973,0.0,data/raw/pipeline-0112-run-001/logs/00000001.BIN,31.617366790771484,1126.5263963017624,222.36159138971908,6.8361175614416245,7.557412876566525,10.19053446590237,103.84699270074411,0.0024640342017758572,0.002380625587059246,0.7389212876566525,0.6737917561441624,1709.9600990824797,1709.5832214355469,1711.0,163.94772799999998,20.89545167294962,186.634483,pipeline-0112-run-001,pipeline-0112,0.47713966846466066,0.0040450668839819995,0.1712313120758034,0.17354537088901933,0.0071177408934454435,0.005452167884027187,12.228317565917969,12.21874713897705,0.0032030709202538125,pipeline-0112-family,train,7867521130487197768,d12a8f8997634cee977581cbaa5548c04facc1f5,6c58c27282539d3519962692d87bdfaba41ce01b094a18e3956a3473bb14fe20,2f5ce03671f92bfca42dabff69a505058fb52e27086fafbd86a866f5b4af27cf,bf00f31040ffe4457bef47a0de3338ec4e34d57acaf0b903d84f318b116da176,31.615346412909474,1.0
4,12.21713924407959,0.31423388837902166,True,26.473147216796875,0.11388057773099208,38.42740604400635,38.270294189453125,38.2701530456543,38.349337577819824,38.99126091003418,0.3327586522445552,2582.7468038818874,100,10.0,500.031574,1485.0191625548453,0.13,0.2242,0.053780665670852386,-0.34,-0.3957,0.026990924400620297,0.4403127797550912,0.5370498994323148,1.1247321580457545,0.717,0.7044825,0.003211649692914845,0.0,0.0,81.61801147460938,155.3418148880399,241.95982636264927,0.9598137678496291,0.039112317628494125,0.09234858074094263,0.0,data/raw/pipeline-0113-run-001/logs/00000001.BIN,102.42701721191406,1484.9629559933107,135.96451069151323,-7.175360268809417,7.584675651462827,10.440933853113993,109.01309972510181,0.002105784941061884,0.0019555586582229137,0.7188975651462827,-0.6951160268809418,2647.6289555680664,2647.3147216796874,2648.0,246.95201299999997,32.32903251057255,253.079561,pipeline-0113-run-001,pipeline-0113,0.4922406736016274,0.004245231769284479,-0.18119452272243933,-0.05540206206261536,0.0074283174544689246,0.006166601551774661,12.21573721885681,12.205023765563965,0.003349011191298441,pipeline-0113-family,validation,7236948303448645461,d12a8f8997634cee977581cbaa5548c04facc1f5,6c58c27282539d3519962692d87bdfaba41ce01b094a18e3956a3473bb14fe20,2f5ce03671f92bfca42dabff69a505058fb52e27086fafbd86a866f5b4af27cf,3dd3231773f919ac0cb7bcbd1b3020731dcccc37f53e348b4e8f52e94be51b90,102.41832172427141,2.0
4,12.228897094726562,0.4440299463996098,True,9.131190338134767,0.4637106458383031,37.287404174804685,37.111324310302734,37.08552551269531,37.16341495513916,37.9717830657959,0.38846524063504934,849.3699781777545,100,10.0,202.719713,282.4499889089415,0.32,0.4267,0.07078213051328704,-1.23,-1.2671000000000001,0.0145117194019179,1.2540286029179017,0.5442024459464049,1.1318687930418514,0.706,0.69168,0.003777247675225974,0.0,0.0,44.70955149332683,32.29486766937916,82.00441916270599,0.8419001144192576,0.06232530853483411,0.09123875399751505,0.0,data/raw/pipeline-0114-run-001/logs/00000001.BIN,47.064327239990234,282.3951675399447,141.1018477787846,-6.7069201581446665,9.049055715964556,11.263577911052868,126.8681873583581,0.010291518616387812,0.0037265134221517804,0.7781955715964555,-0.6280220158144666,913.5630637598762,913.1190338134766,913.0,89.83488500000001,11.168861906640295,112.884828,pipeline-0114-run-001,pipeline-0114,0.4770720946788788,0.0048668278697975974,0.17198839589363854,-1.03454646356647,0.006620513743691845,0.005890660389590678,12.227120504379272,12.215002059936523,0.0038651332842169752,pipeline-0114-family,test,4195292692731393812,d12a8f8997634cee977581cbaa5548c04facc1f5,6c58c27282539d3519962692d87bdfaba41ce01b094a18e3956a3473bb14fe20,2f5ce03671f92bfca42dabff69a505058fb52e27086fafbd86a866f5b4af27cf,3541007075f4b300fc77735dd8526a8ea928e8e80c172268ca8a08c55a1e2170,47.05860947583184,2.0
4,12.263983726501465,0.29590465941282673,True,20.843603515625002,4.143484826378948,33.59582599639893,33.607322692871094,33.57543468475342,33.635212898254395,33.663509368896484,0.1377772644583537,1665.1867319960093,100,10.0,500.604678,1426.6816934486137,2.6,2.6916,0.06416728138233688,4.51,4.4992,0.009453041838476978,-3.212326990449044,0.6120311173504873,1.1917163959536134,0.664,0.6568025,0.004139866392771635,0.0,0.0,65.45392354329428,107.98110692234127,178.43503046563555,0.4666386040214989,0.0482728951921422,0.09978549024432504,0.0,data/raw/pipeline-0115-run-001/logs/00000001.BIN,78.1808853149414,1426.6544291560556,158.67649281934084,-6.3281851861304625,4.816123300026492,7.952419216252316,63.24097139101911,0.16636401935701062,0.005182081014074729,0.9315323300026492,-0.3636585186130462,2084.656256221913,2084.3603515625,2084.0,224.74506599999995,25.564909075265792,275.859612,pipeline-0115-run-001,pipeline-0115,0.43197685718536377,0.0016520446228171122,2.5220947549072115,4.4847845880739605,0.0012087669172615278,0.0073391553691049185,12.264057006835937,12.259647369384766,0.0013877394934460122,pipeline-0115-family,train,5023592892318431697,d12a8f8997634cee977581cbaa5548c04facc1f5,6c58c27282539d3519962692d87bdfaba41ce01b094a18e3956a3473bb14fe20,2f5ce03671f92bfca42dabff69a505058fb52e27086fafbd86a866f5b4af27cf,9b5e7483dde81df96b9e0cbc0842297f066992e4fd803fb010b3bf0268f0a9f6,78.18388401981832,1.0
4,12.214824676513672,0.3559600724242955,True,22.3340771484375,3.085370889340257,38.77538520812988,38.53688430786133,38.510704040527344,38.59028148651123,39.68949089050293,0.4960741729865131,2490.356136332202,100,10.0,405.614356,1134.3364645280753,2.27,2.386,0.07295203903935797,-3.36,-3.3998000000000004,0.015425952158618948,2.780669436522744,0.594744794578402,1.259132255996004,0.725,0.7072425,0.00581194405943485,0.0,0.0,69.08576965332031,157.124882224774,231.21065187809432,0.9708440469801276,0.08813640044004063,0.08340504070645817,0.0,data/raw/pipeline-0116-run-001/logs/00000001.BIN,83.62865447998047,1134.2759823858191,96.96615784701142,-12.312201309497524,4.61245310923182,13.14781444843419,172.86502477045482,0.10852157536804247,0.002096189390583555,0.12126531092318195,-0.9926201309497525,2233.7636749161743,2233.40771484375,2235.0,199.57513799999998,27.233493826109545,206.039218,pipeline-0116-run-001,pipeline-0116,0.49630225121974947,0.006203984422416992,2.0797927318621396,-3.48508458490868,0.005101118378806859,0.006788998429987796,12.212235746383667,12.197758674621582,0.004947606382176563,pipeline-0116-family,train,3222339446616711806,d12a8f8997634cee977581cbaa5548c04facc1f5,6c58c27282539d3519962692d87bdfaba41ce01b094a18e3956a3473bb14fe20,2f5ce03671f92bfca42dabff69a505058fb52e27086fafbd86a866f5b4af27cf,db8593f39ee1038660b53aac33b1946e10ce4e92832dcd0313a6408be67a77a3,83.63332859983743,1.0
4,12.272793769836426,0.3239057920952746,True,17.44807653808594,3.525642352841568,32.62928497314453,32.69160079956055,32.578715324401855,32.71831798553467,32.733327102661136,0.1503396193578012,1314.7648599528122,100,10.0,476.866677,1231.557298085273,-5.65,-5.6514999999999995,0.003570714214271349,-0.81,-0.8392000000000001,0.019477166118303763,-4.495948719664156,0.5440643943916629,1.0307399476150847,0.659,0.6467875000000001,0.005682195328392017,0.0,0.0,55.09972635904948,84.95872342695525,145.05844978600473,0.3688130490736337,0.06578505803751022,0.09144927959468814,0.0,data/raw/pipeline-0117-run-001/logs/00000001.BIN,62.64958953857422,1231.5241240050962,119.65715818198132,-3.0385582734876317,5.78721851283816,6.536416028430018,42.724734496716856,0.1688649755442478,0.004350565499697962,0.494801851283816,-0.8690058273487632,1745.1315596006891,1744.8076538085938,1746.0,194.95948499999997,21.421249184293483,281.907192,pipeline-0117-run-001,pipeline-0117,0.4189996498823166,0.0018115873141832974,-5.502127099110716,-0.8030470865471988,-0.0014236196001002099,0.007686005320879011,12.27370150566101,12.272490501403809,0.0015048338876086382,pipeline-0117-family,validation,2681682300647201843,d12a8f8997634cee977581cbaa5548c04facc1f5,6c58c27282539d3519962692d87bdfaba41ce01b094a18e3956a3473bb14fe20,2f5ce03671f92bfca42dabff69a505058fb52e27086fafbd86a866f5b4af27cf,32d8cd86f98b509b7ae6d92f4cb4ad7dd311c80c962ad74db77957e488a56c9d,62.646325129066796,2.0
4,12.277554512023926,0.3136584001210849,True,17.26649365234375,1.8554238897639252,32.44975540161133,32.26500701904297,32.241214752197266,32.29149055480957,33.21120185852051,0.42464393373783543,1779.7383478324386,100,10.0,367.337173,920.5239130960581,-0.67,-0.7364,0.05046820781442512,3.3,3.2319,0.04953170701681898,2.7467917211345507,0.47355035376012694,1.0430307818549374,0.659,0.644875,0.005293805342095613,0.0,0.0,65.53284200032553,126.91265405659176,197.44549605691728,0.3434726848932983,0.11027179638922847,0.0785189362534809,0.0,data/raw/pipeline-0118-run-001/logs/00000001.BIN,78.29926300048828,920.4785936009238,21.204272995424233,-2.8802740232950312,-12.554971865497066,12.881121728820476,165.923296992691,0.06552921031540469,0.0017621158453448597,-0.9323071865497066,-0.3616674023295031,1726.963023634496,1726.649365234375,1727.0,184.67776600000002,21.170248082320335,182.659407,pipeline-0118-run-001,pipeline-0118,0.4172212067246437,0.0053820587813094055,-0.5670266877244386,3.196049111003832,0.0018230234377915621,0.005622883629041218,12.275495023727418,12.26265811920166,0.004274949539949659,pipeline-0118-family,train,958191625438288489,d12a8f8997634cee977581cbaa5548c04facc1f5,6c58c27282539d3519962692d87bdfaba41ce01b094a18e3956a3473bb14fe20,2f5ce03671f92bfca42dabff69a505058fb52e27086fafbd86a866f5b4af27cf,e9c644ec61a0666c35fb915dd8d66e94f8a7f4a8f81dde5588cc9bf3776dc2db,78.29477690485697,1.0
4,12.296960830688477,0.2983284694832946,True,15.763279571533205,0.2441686378192656,30.425661125183105,30.318195343017578,30.31796932220459,30.34181833267212,30.85142822265625,0.2582830404863887,1447.5075256902621,100,10.0,378.189497,879.3223506070489,0.11,0.0555,0.0367525509318741,-0.38,-0.41659999999999997,0.021317598363793232,-0.3420781874155151,0.5557793617655045,1.1328175567932472,0.637,0.6246225,0.0027649581823239234,0.0,0.0,81.24703470865884,85.02375776630939,171.27079247496823,0.1565735733201403,0.03780937014494407,0.09431214863408663,0.0,data/raw/pipeline-0119-run-001/logs/00000001.BIN,101.87055206298828,879.2605770917205,27.93146850147548,-4.739449144510672,-8.418592154765946,9.661007818115545,93.33507206168967,0.004786252476224662,0.0018328274483064794,-0.8835192154765947,-0.46839491445106723,1576.6262856228038,1576.3279571533205,1577.0,185.90227600000003,19.37798465373586,192.287221,pipeline-0119-run-001,pipeline-0119,0.39136032193899156,0.003280047793203872,0.23775861478169483,-0.16601762343167764,0.004121541356289527,0.005469621776679506,12.295736598968507,12.287016868591309,0.0025723505704246872,pipeline-0119-family,train,353981084669165861,d12a8f8997634cee977581cbaa5548c04facc1f5,6c58c27282539d3519962692d87bdfaba41ce01b094a18e3956a3473bb14fe20,2f5ce03671f92bfca42dabff69a505058fb52e27086fafbd86a866f5b4af27cf,fc99fface842147211ca5650f8d7be0dfe245f314642d6a7c09a5d7b499e494f,101.87169625450674,2.0
4,12.261578559875488,0.3316595557992059,True,18.162896118164063,0.966796326355906,33.86068759918213,33.828922271728516,33.82810115814209,33.85402584075928,34.014154052734376,0.19313357960237945,1468.2396815136844,100,10.0,432.471942,1286.6814156035189,-1.95,-1.8947,0.03485555909750977,2.06,2.0101999999999998,0.029630389805063304,-2.5876817797682783,0.6265850154731637,1.249925015618957,0.668,0.6583,0.0021621748310439674,0.0,0.0,48.88277689615886,102.21750423271384,156.1002811288727,0.5066461881582688,0.073927183017578,0.10312488996800917,0.0,data/raw/pipeline-0120-run-001/logs/00000001.BIN,53.32416534423828,1286.6252070801684,157.1818091996223,-1.9835693100124006,7.207122125162815,7.4751024430862785,55.87715653463445,0.024014298542368598,0.002571773402384598,0.9217322125162815,-0.38782693100124005,1816.6212713722055,1816.2896118164062,1816.0,194.192292,22.272041768346835,238.27965,pipeline-0120-run-001,pipeline-0120,0.4339235481619835,0.0024243937530984364,-1.9019582860827182,2.107139618569596,0.0020277799843097456,0.009218583462213258,12.261397514343262,12.254633903503418,0.0019451773220451913,pipeline-0120-family,train,7623692579941503572,d12a8f8997634cee977581cbaa5548c04facc1f5,6c58c27282539d3519962692d87bdfaba41ce01b094a18e3956a3473bb14fe20,2f5ce03671f92bfca42dabff69a505058fb52e27086fafbd86a866f5b4af27cf,3159711ced6fe76255194199e46856f322481fc2116d62db4a2465bb67d29699,53.31918117858997,2.0
4,12.276335716247559,0.2989215226232318,True,20.04694058227539,0.8087749893518363,32.47650230407715,32.36706733703613,32.36674499511719,32.398136138916016,32.91036796569824,0.2463683332349445,1818.249730324739,100,10.0,450.999528,1280.7375706179912,-0.88,-0.9092,0.027154373496731596,-0.52,-0.512,0.005291502622129186,-0.6592963344346282,0.5533127720782219,1.1314355802408822,0.657,0.6456075,0.002615997658638098,0.0,0.0,76.39967854817709,120.15216862679723,201.55184717497434,0.36435782638569436,0.04207025707119751,0.0937212867362681,0.0,data/raw/pipeline-0121-run-001/logs/00000001.BIN,94.59951782226562,1280.6754597284892,9.801757263909112,-0.7930535495945636,-9.34205159581036,9.37565261468808,87.90286195130744,0.018744312247731276,0.0020644160808735725,-0.985405159581036,-0.17022535495945637,2004.9929797501622,2004.694058227539,2005.0,221.10735499999998,24.601911145918628,229.892173,pipeline-0121-run-001,pipeline-0121,0.41692451924085616,0.0031472008301865976,-0.7482247597582643,-0.470717430392076,0.0023856197139321012,0.004908718921140788,12.275242700576783,12.267043113708496,0.0024762197715026578,pipeline-0121-family,validation,5077086812487799751,d12a8f8997634cee977581cbaa5548c04facc1f5,6c58c27282539d3519962692d87bdfaba41ce01b094a18e3956a3473bb14fe20,2f5ce03671f92bfca42dabff69a505058fb52e27086fafbd86a866f5b4af27cf,4a3ec668c22bba91f1540e57b2d2997f7e7695ba9de0d3f5046f996f30072614,94.5934732646226,2.0
4,12.261822700500488,0.33130735236431974,True,17.444651000976563,1.2251352766798291,34.08753875732422,33.83398628234863,33.816569328308105,33.90859508514404,35.09189338684082,0.5294032332482922,1940.0466750007772,100,10.0,344.727054,661.5577504475768,-0.92,-0.8409,0.05605524061138263,-4.93,-4.9264,0.020519259245889144,4.845159783106707,0.5498041597684713,1.1230513261966901,0.68,0.66199,0.007800634589570268,0.0,0.0,71.55198669433594,128.3371981695066,204.88918486384253,0.4885393799479199,0.16733978264700478,0.06707612927330481,0.0,data/raw/pipeline-0122-run-001/logs/00000001.BIN,87.3279800415039,661.5042582948943,203.88299281627988,4.888620552753931,14.070576197275148,14.895627728703953,221.8797254321341,0.08284552258291923,0.0035026796797355967,0.9144176197275149,0.40477205527539306,1744.7964074500205,1744.4651000976562,1744.0,179.64478,21.365758164569026,165.082274,pipeline-0122-run-001,pipeline-0122,0.4375499561429024,0.006678472186620677,-0.8933038154982722,-4.862653784444065,0.006828168113861466,0.0073183346425534914,12.259118509292602,12.243395805358887,0.005261185938593522,pipeline-0122-family,train,1606154214003650491,d12a8f8997634cee977581cbaa5548c04facc1f5,6c58c27282539d3519962692d87bdfaba41ce01b094a18e3956a3473bb14fe20,2f5ce03671f92bfca42dabff69a505058fb52e27086fafbd86a866f5b4af27cf,10fa9b4179c6add907c81c55fdfeb1f18985d87291ad3e671edbf58b5e8fdbb0,87.33416821585908,2.0
4,12.307222366333008,0.2965242272659907,True,13.92381884765625,0.10989704105411727,29.421234760284424,29.2823429107666,29.258609294891357,29.306457042694092,29.997070121765137,0.31478007282229126,1251.8633957201978,100,10.0,348.091541,1010.7648595027935,-0.15,-0.1159,0.02738959656511939,-0.72,-0.5772999999999999,0.08453230151841365,0.5784727654501546,0.5844680219082116,1.1958145874621005,0.625,0.6122124999999999,0.0033811749067446987,0.0,0.0,40.89627329508464,107.28248556096088,153.17875885604553,0.05009715948812359,0.06596034139157057,0.0946924882907104,0.0,data/raw/pipeline-0123-run-001/logs/00000001.BIN,41.34440994262695,1010.7051612290925,180.5965590149379,0.21977503825641903,10.5767604842675,10.579043596138693,111.91616340900308,0.0025551367583153957,0.0022673080590491185,0.9999460484267501,0.010387503825641903,1392.678408992891,1392.381884765625,1392.0,164.83237400000002,17.118377387015627,183.259167,pipeline-0123-run-001,pipeline-0123,0.3790934109687805,0.0040402239251133955,-0.13637005072172925,-0.9377892887441872,0.004879146971943555,0.002760365435526299,12.305771036148071,12.296034812927246,0.003144531834636246,pipeline-0123-family,test,1968607382832243753,d12a8f8997634cee977581cbaa5548c04facc1f5,6c58c27282539d3519962692d87bdfaba41ce01b094a18e3956a3473bb14fe20,2f5ce03671f92bfca42dabff69a505058fb52e27086fafbd86a866f5b4af27cf,e861a6c0bb14eaf10e393eb804c4c754ca521a5ea49b887dcb7f561fc3ea190a,41.35036747037185,2.0
4,12.234521865844727,0.40968416000828256,True,11.90652572631836,0.5423025927130156,36.61979648590088,36.56044006347656,36.53422737121582,36.58687400817871,36.95942726135254,0.21661519847694075,1014.1867450349769,100,10.0,263.022249,518.0789205752345,2.06,1.9291999999999998,0.07578495892985622,0.03,-0.055600000000000004,0.06459597510681296,-1.852245096615656,0.6207114440005543,1.2450124565655436,0.695,0.6855625000000001,0.002187714275219657,0.0,0.0,50.99068705240886,43.71145857616201,99.70214562857086,0.7827766236965092,0.064456402418369,0.09816545005161507,0.0,data/raw/pipeline-0124-run-001/logs/00000001.BIN,56.48603057861328,518.0210425460065,255.33448822125467,7.744883585901187,2.5878138087051887,8.165782391644225,66.68000206768687,0.01287297654837336,0.002992980194531936,0.2532213808705189,0.9674083585901188,1191.0622567918442,1190.652572631836,1191.0,119.53549999999998,14.573733878819802,143.486749,pipeline-0124-run-001,pipeline-0124,0.4680919277667999,0.0026959989906899583,2.292347498924139,0.14430518892400604,0.003250113813992357,0.007451756646152735,12.233822183609009,12.226366996765137,0.0021515599919546564,pipeline-0124-family,train,4129154059974415295,d12a8f8997634cee977581cbaa5548c04facc1f5,6c58c27282539d3519962692d87bdfaba41ce01b094a18e3956a3473bb14fe20,2f5ce03671f92bfca42dabff69a505058fb52e27086fafbd86a866f5b4af27cf,86dd041534c66937fe68824e9d14b9c683e8795e1aa24078cbe3d09d1eb8a76d,56.47509671316507,2.0
4,12.282045364379883,0.32821460797526925,True,14.029373626708985,0.8431445534727258,31.96396883010864,31.787689208984375,31.78731346130371,31.83610963821411,32.60415191650391,0.37428896893246405,1352.550089857325,100,10.0,317.821987,596.9312994574392,0.04,0.0626,0.008200000000000002,2.03,1.9343000000000001,0.0678123145158753,1.7419938323511017,0.5599202094639906,1.192705289063565,0.655,0.6402925,0.003941058709281051,0.0,0.0,75.04824829101562,72.2851602843243,152.33340857533994,0.3028402552451026,0.09167851204852746,0.08807972618017922,0.0,data/raw/pipeline-0125-run-001/logs/00000001.BIN,92.57237243652344,596.8729737865755,336.02772293238445,4.000601188372205,-11.071607924263617,11.772226293145321,138.58531189702202,0.02114652595350073,0.0025129427801865245,-0.9137307924263617,0.40632011883722047,1403.2655772788737,1402.9373626708984,1404.0,157.33537399999997,17.224063780949823,160.486613,pipeline-0125-run-001,pipeline-0125,0.41078573584556577,0.0047752843601220705,-0.07012238297299724,1.9688115791976162,0.005063814769473538,0.010954379187478673,12.28036045074463,12.26848030090332,0.003731401813654938,pipeline-0125-family,validation,103779089093082932,d12a8f8997634cee977581cbaa5548c04facc1f5,6c58c27282539d3519962692d87bdfaba41ce01b094a18e3956a3473bb14fe20,2f5ce03671f92bfca42dabff69a505058fb52e27086fafbd86a866f5b4af27cf,bade12e302f9e2d3e19f267d4f64cc45e4fa6d409600c7426ba0f768e4b699a6,92.57111035192762,2.0
4,12.274140357971191,0.3184877983342176,True,18.516558654785158,1.4676084197901074,32.60565116882324,32.59420585632324,32.56941890716553,32.59457969665527,32.677267456054686,0.16733569028826684,1565.7702199388746,100,10.0,440.48207,1058.0855900230197,-0.66,-0.6396000000000001,0.017828067758453258,3.08,3.0393,0.021178054679313694,-2.737253765393553,0.5419238905882426,1.094783197749594,0.657,0.647345,0.0023186148882468624,0.0,0.0,84.80702209472656,83.07015071787157,172.87717281259813,0.37920694137861616,0.07063331650555936,0.09869266591977822,0.0,data/raw/pipeline-0126-run-001/logs/00000001.BIN,107.21053314208984,1058.024495500712,196.3154106907092,3.4486744633171273,6.558048626549918,7.409545015864938,54.90135734212895,0.040813958994018025,0.002260749796119818,0.9597348626549917,0.2809074463317127,1851.9743532768498,1851.6558654785156,1852.0,207.197921,22.733683707161944,233.284149,pipeline-0126-run-001,pipeline-0126,0.4181556695699692,0.0021425897594840406,-0.5743970579517256,2.942462450300615,0.0017863947528530843,0.007222939091831999,12.273946046829224,12.26769733428955,0.0016983420395367311,pipeline-0126-family,train,3744249297877798177,d12a8f8997634cee977581cbaa5548c04facc1f5,6c58c27282539d3519962692d87bdfaba41ce01b094a18e3956a3473bb14fe20,2f5ce03671f92bfca42dabff69a505058fb52e27086fafbd86a866f5b4af27cf,add2736ca742198f102f5c7e395ec89ee78ff5ca01cdb371553000330c36a3a5,107.20912148528896,2.0
4,12.308144569396973,0.3152486133508319,True,11.06980258178711,1.8040364923787635,29.28273447036743,29.184690475463867,29.18463706970215,29.20849084854126,29.68462314605713,0.22666455100784377,961.1873206617768,100,10.0,292.836985,613.6695122992302,1.3,1.3974000000000002,0.057889895491354926,1.73,1.6871,0.03876325579721084,-1.242773311656526,0.613867621623098,1.2280139034309965,0.623,0.6115425,0.002813928526100124,0.0,0.0,58.584269205729164,54.58346399842258,118.16773320415174,0.0396730193283769,0.04369108085956396,0.10017416126434897,0.0,data/raw/pipeline-0127-run-001/logs/00000001.BIN,67.87640380859375,613.6037471456309,275.07409281104646,8.563442575299476,-2.5711900350650403,8.941116649326833,79.9435669368695,0.04630473245339809,0.002957606994825035,-0.08840900350650405,0.9960842575299477,1107.2955067920618,1106.980258178711,1107.0,136.76027400000004,13.624533377396283,156.076711,pipeline-0127-run-001,pipeline-0127,0.37697971165180205,0.0028507298205679007,0.9089585857520387,1.5049155901060727,0.0022308083230018383,0.003908910452234658,12.307172269821168,12.299428939819336,0.00225847739520981,pipeline-0127-family,train,550961426573046435,d12a8f8997634cee977581cbaa5548c04facc1f5,6c58c27282539d3519962692d87bdfaba41ce01b094a18e3956a3473bb14fe20,2f5ce03671f92bfca42dabff69a505058fb52e27086fafbd86a866f5b4af27cf,a9b40fe268ee99dd1c987a72d20aa1169abc8b875aa1e18fe8d7f089be234a51,67.87763299070639,2.0
4,12.25101375579834,0.3499604799942517,True,16.66877325389011,3.862050008185071,35.053287239074706,34.91218376159668,34.88656520843506,34.93845272064209,35.616503143310545,0.31695792797284966,1555.0059196432755,100,10.0,357.589407,1042.3839988489622,3.11,3.1310000000000002,0.02360084744241193,-2.22,-2.289,0.0473814309619285,0.35672361048533485,0.5819647259587378,1.1994464060206604,0.688,0.670115,0.004409849770683806,0.0,0.0,46.60594177246094,108.09438169607667,159.7003234685376,0.6087606182049556,0.04004861847128278,0.0926590310324534,0.0,data/raw/pipeline-0128-run-001/logs/00000001.BIN,49.908912658691406,1042.3281770306503,210.89380252808957,2.003277813162602,10.870328063724532,11.053377502361288,122.17715420970666,0.12796939395015827,0.00293888916097493,0.8581328063724533,0.5134277813162602,1667.227285869005,1666.8773253890108,1667.0,167.704558,20.403063088815358,189.884849,pipeline-0128-run-001,pipeline-0128,0.4498582190275192,0.003948927738839789,3.1878862638553698,-2.091731434994938,0.005598509770061355,0.0025951845481176636,12.249456920623778,12.239779472351074,0.0031429974952725567,pipeline-0128-family,test,7064212924092617853,d12a8f8997634cee977581cbaa5548c04facc1f5,6c58c27282539d3519962692d87bdfaba41ce01b094a18e3956a3473bb14fe20,2f5ce03671f92bfca42dabff69a505058fb52e27086fafbd86a866f5b4af27cf,9ad1cd02157fa9be691ba818be04a54b8a113f884ffa28b01b6984f12650a3ec,49.913881065415225,2.0
4,12.253222465515137,0.3995033379916322,True,10.064940551757813,5.795404647339676,34.79576515197754,34.66554641723633,34.65322303771973,34.708810806274414,35.29727745056152,0.2942822880791767,896.8326126204985,100,10.0,231.286615,432.6544961256612,5.3,5.2999,0.010908253755757475,-2.36,-2.3515,0.007399324293474319,0.17826169973859596,0.5426961753898861,1.1219594377039859,0.696,0.6680775,0.005558461455294981,0.0,0.0,43.73637390136719,44.05070496677214,92.78707886813933,0.5638324031345802,0.039872866385591205,0.09013846114962518,0.0,data/raw/pipeline-0129-run-001/logs/00000001.BIN,45.60456085205078,432.5984607893257,25.690768602701173,-9.634616470316754,-6.6601720491795895,11.71254567780941,137.1837262547719,0.22337420919346737,0.003955750372586127,-0.901167204917959,-0.43347164703167546,1006.8935585137729,1006.4940551757812,1007.0,103.82678600000001,12.328397440950507,127.459829,pipeline-0129-run-001,pipeline-0129,0.4472019872069359,0.0035488565391747326,5.319882489295201,-2.436279473048213,-0.0005169039740576408,0.0031949410648652084,12.252033805847168,12.242470741271973,0.002933485765249912,pipeline-0129-family,validation,5466547014820836704,d12a8f8997634cee977581cbaa5548c04facc1f5,6c58c27282539d3519962692d87bdfaba41ce01b094a18e3956a3473bb14fe20,2f5ce03671f92bfca42dabff69a505058fb52e27086fafbd86a866f5b4af27cf,b46204c01c41102f0a258d32b9264e2b55096ad35cbe4461c23db605ffaadaf8,45.601980151695955,2.0
4,12.242691993713379,0.36999770120360154,True,18.581702514648438,0.8880217386512474,35.729819755554196,35.73141098022461,35.70534706115723,35.75674819946289,35.78683166503906,0.16973775054180573,1478.0380294926058,100,10.0,426.871683,1209.2069347435108,-1.46,-1.4782,0.015772127313713913,-2.99,-2.8456,0.08908782183890233,-3.081222483314507,0.5511553987511113,1.1201045639467684,0.684,0.6769825,0.0021580532315028764,0.0,0.0,51.48308563232422,92.43837388179054,148.92145951411476,0.6946264057204511,0.08848063430193223,0.09861577108394516,0.0,data/raw/pipeline-0130-run-001/logs/00000001.BIN,57.22462844848633,1209.1521826136077,11.374034725812473,-0.4937966313780038,-6.958033473658316,6.975533308192992,48.65806493370987,0.02723369806875425,0.002104425036366141,-0.9803633473658316,-0.19719966313780038,1858.5402491660473,1858.1702514648437,1859.0,189.20762000000002,22.754181779044252,237.664063,pipeline-0130-run-001,pipeline-0130,0.4575697818398476,0.0021208086541309634,-1.4193893266995528,-3.1638758667881564,-0.0018858423435813166,0.008752893694055778,12.242710971832276,12.236960411071777,0.0017075827424889104,pipeline-0130-family,train,4858475773960242485,d12a8f8997634cee977581cbaa5548c04facc1f5,6c58c27282539d3519962692d87bdfaba41ce01b094a18e3956a3473bb14fe20,2f5ce03671f92bfca42dabff69a505058fb52e27086fafbd86a866f5b4af27cf,745c0b1dbb28bc6a3d8be0e25789d374362019507bb68be9a5a7c2e9c5ab980c,57.22158823124015,2.0
4,12.247143745422363,0.40811134437876717,True,10.34484033203125,2.8147245423363554,35.27518081665039,35.29555892944336,35.265235900878906,35.31277561187744,35.33889389038086,0.16756449963186204,852.0018564314173,100,10.0,246.644636,395.20261823016386,-4.29,-4.2409,0.03140366220681906,0.43,0.5602,0.09109313914889529,-3.2212392957943052,0.5707047546583986,1.1362703273195536,0.68,0.6726350000000001,0.003858986265847551,0.0,0.0,52.059346516927086,29.89149575077114,86.95084226769822,0.6431483706800638,0.06464934624951942,0.09811848542116808,0.0,data/raw/pipeline-0131-run-001/logs/00000001.BIN,58.089019775390625,395.1581200368628,56.38373653409506,-4.0861752930367,-6.097330760971585,7.339909463618327,53.87427093411388,0.10781228427326325,0.0037057315636415894,-0.5537130760971585,-0.8327075293036699,1034.8921445475037,1034.484033203125,1035.0,108.367469,12.677982400856305,138.277167,pipeline-0131-run-001,pipeline-0131,0.45186639577150345,0.0020819040379295864,-4.371659276323172,0.32082591343466166,0.00035205871546168055,0.007972482961677197,12.247264652252197,12.2421293258667,0.0016925153112287974,pipeline-0131-family,train,1539884693641688105,d12a8f8997634cee977581cbaa5548c04facc1f5,6c58c27282539d3519962692d87bdfaba41ce01b094a18e3956a3473bb14fe20,2f5ce03671f92bfca42dabff69a505058fb52e27086fafbd86a866f5b4af27cf,5af445585d52414cda45e22211cc8f724b20ab43fad2c3ea607c536805239298,58.09042202881305,2.0
4,12.239178657531738,0.39805135360848,True,12.764441680908204,2.1176266533295798,36.17829109191894,36.08640098571777,36.08599281311035,36.13739776611328,36.504949951171874,0.25355108079218486,1166.9334467561291,100,10.0,268.439248,353.8976760565337,0.56,0.4729,0.05125026829198069,2.25,2.1949,0.04670107065153863,-0.7462424385601252,0.605275247840036,1.204154983911408,0.696,0.6826375,0.002888095176755755,0.0,0.0,78.18604024251303,32.932225201495825,116.11826544400886,0.7364720320474655,0.04591881098403571,0.09365578633799637,0.0,data/raw/pipeline-0132-run-001/logs/00000001.BIN,97.27906036376953,353.834265558465,262.7503613907919,9.447072494652751,-0.9323051697662916,9.492964323581834,90.11637164879751,0.05706558496032281,0.003493304562831747,0.12625948302337084,0.991997249465275,1276.8422194444288,1276.4441680908203,1276.0,130.37699500000002,15.631655275173074,138.062253,pipeline-0132-run-001,pipeline-0132,0.46365212500095365,0.0032349483791474926,0.773144488272088,2.1946458414316794,0.007806469958050002,0.013598687568611755,12.238233852386475,12.228939056396484,0.0025455481516944247,pipeline-0132-family,train,4103015107452560563,d12a8f8997634cee977581cbaa5548c04facc1f5,6c58c27282539d3519962692d87bdfaba41ce01b094a18e3956a3473bb14fe20,2f5ce03671f92bfca42dabff69a505058fb52e27086fafbd86a866f5b4af27cf,844e3ca82c8d30ef2cbbe589fa403b7b3d9da37ed043f95f85b0ce085fd38f94,97.2701775080382,2.0
4,12.222872734069824,0.3811325982217113,True,17.48019778442383,2.1513535356854456,37.894796485900876,37.74180030822754,37.71522808074951,37.793766021728516,38.50533866882324,0.3405770652438204,1682.7929500298899,100,10.0,348.004076,903.8375897300695,2.17,2.2445,0.04992744736114589,0.03,-0.047400000000000005,0.044308464202678026,0.6416424039086963,0.5344788442293715,1.1202422952127644,0.71,0.6981975,0.003590054839414019,0.0,0.0,58.28428649902344,96.5807921368141,159.86507863583753,0.9020349394707967,0.0420714007431662,0.09125244831027807,0.0,data/raw/pipeline-0133-run-001/logs/00000001.BIN,67.42642974853516,903.7815741538715,164.604058989018,-4.899629060472195,9.688473056057402,10.856927516022841,117.8728750881739,0.059545300482107634,0.0025811835108740556,0.9641073056057402,-0.26551290604721955,1748.4009110406046,1748.0197784423829,1749.0,165.502106,21.356936328633076,182.50197,pipeline-0133-run-001,pipeline-0133,0.48555948048830033,0.004310745943841767,2.0760173570091642,0.3940794962545623,0.006447556604252895,0.0054913291715314415,12.221052875518799,12.210393905639648,0.0034195405558783386,pipeline-0133-family,train,829060792384675304,d12a8f8997634cee977581cbaa5548c04facc1f5,6c58c27282539d3519962692d87bdfaba41ce01b094a18e3956a3473bb14fe20,2f5ce03671f92bfca42dabff69a505058fb52e27086fafbd86a866f5b4af27cf,7898862563ab8ca140bea825a55c34759306b4c7217e795e75059fcfbfb7a44d,67.41802887081272,2.0
4,12.30778694152832,0.28372220645314883,True,15.21497869873047,3.9251323848798854,29.341717319488524,29.22556209564209,29.225365161895752,29.27234697341919,29.78305473327637,0.2480007194915756,1326.1907340499733,100,10.0,382.174569,1077.3573091519838,3.94,3.9728000000000003,0.011142710621747253,0.57,0.47230000000000005,0.06676608420448216,-0.7743015505390296,0.6118428112919763,1.2263892369363694,0.633,0.612225,0.004517673626989896,0.0,0.0,57.72002665201823,99.99323892118878,162.713265573207,0.03575303290575853,0.04004334476864046,0.09671824949452276,0.0,data/raw/pipeline-0134-run-001/logs/00000001.BIN,66.58003997802734,1077.2938534657883,342.0618299941422,-0.8927541244720696,-9.986148716720452,10.025975070745957,100.5201761192194,0.1277772910693384,0.0033459878508458893,-0.9513848716720451,0.3080045875527931,1521.7815920795001,1521.497869873047,1522.0,182.10796100000002,18.711167930653957,200.066608,pipeline-0134-run-001,pipeline-0134,0.3780137002468109,0.0031206642531407865,3.474161329649139,0.8499859875195349,0.0010137914091046696,0.0037190501806298208,12.306570663452149,12.298648834228516,0.0024622499933057464,pipeline-0134-family,test,1602462760273065468,d12a8f8997634cee977581cbaa5548c04facc1f5,6c58c27282539d3519962692d87bdfaba41ce01b094a18e3956a3473bb14fe20,2f5ce03671f92bfca42dabff69a505058fb52e27086fafbd86a866f5b4af27cf,5c35ab2d2474b35ad7f2aa2fdbb9c7246575dbfab61a21b21a433a820ad52a32,66.57769681799779,2.0
4,12.279541969299316,0.32648450451756617,True,15.142837524414062,2.528627945504345,32.152804641723634,32.05542182922363,32.030961990356445,32.06197261810303,32.57695350646973,0.24068777598973362,1322.4446115030905,100,10.0,357.659379,1032.6736761288614,-0.13,-0.1453,0.015129771974487916,-2.63,-2.6696,0.036903116399567185,-0.8682839185511122,0.6135967683893921,1.2298945943360688,0.651,0.6410075000000001,0.003110859005162403,0.0,0.0,48.05079396565755,95.0171787807445,148.06797274640206,0.32717070482418187,0.04252955988590873,0.0960209106009947,0.0,data/raw/pipeline-0135-run-001/logs/00000001.BIN,52.07619094848633,1032.613665498869,292.06812258464674,9.412756903654317,-1.0872926706668022,9.475346847423463,89.78219787897775,0.07278514766801152,0.002270837918264072,-0.3756892670666802,0.9267456903654318,1514.6102369459238,1514.2837524414062,1514.0,167.997774,18.586859722082018,189.661605,pipeline-0135-run-001,pipeline-0135,0.41343321740627287,0.0030551193310210095,-0.19200393184491255,-2.4760076505556303,0.002531500816112384,0.00481767393798991,12.278461866378784,12.270625114440918,0.002410847835764566,pipeline-0135-family,train,264573702488010999,d12a8f8997634cee977581cbaa5548c04facc1f5,6c58c27282539d3519962692d87bdfaba41ce01b094a18e3956a3473bb14fe20,2f5ce03671f92bfca42dabff69a505058fb52e27086fafbd86a866f5b4af27cf,3674fb8f51c5e57b69789b6ecc37ee22c5893de5c0f1f2fe5dd51c375ba4167b,52.073073906317234,2.0
4,12.292503356933594,0.29877026572285104,True,15.550775299072269,0.988380314980351,30.83181245803833,30.7489652633667,30.748767852783203,30.773155689239502,31.155722427368165,0.21426790184875982,1395.5538762890442,100,10.0,372.85913,754.7638736662989,1.03,1.0066,0.023841979783566652,-1.37,-1.4098,0.029999333325925748,-1.4226327540723018,0.5817525446207358,1.1747733889476475,0.641,0.629345,0.0023634667334235973,0.0,0.0,91.87220764160156,66.0761743738296,162.94838201543115,0.19969171246777961,0.047604760534233466,0.09741625996643827,0.0,data/raw/pipeline-0136-run-001/logs/00000001.BIN,117.80831146240234,754.6989612116794,359.26438652358956,-0.877954889943,-8.589372487544077,8.634125579267073,74.54812451855396,0.022523251011340988,0.0024350374735264708,-0.9999172487544078,0.012864511005699996,1555.3763001729496,1555.0775299072268,1555.0,183.972215,19.119022293491515,188.886915,pipeline-0136-run-001,pipeline-0136,0.39617934823036194,0.002733392465426422,0.905982270533917,-1.1378938996857972,0.002427557874179911,0.005635892975172306,12.29170207977295,12.284109115600586,0.0021552991993606897,pipeline-0136-family,train,5806059266913603943,d12a8f8997634cee977581cbaa5548c04facc1f5,6c58c27282539d3519962692d87bdfaba41ce01b094a18e3956a3473bb14fe20,2f5ce03671f92bfca42dabff69a505058fb52e27086fafbd86a866f5b4af27cf,111ea45da156741f04dc687404267c6217f831a753798f7b03269f66622e9e2a,117.8062727838682,2.0
4,12.303695678710938,0.29188835812897196,True,14.817417846679687,2.4613521685111848,29.72316375732422,29.638513565063477,29.63835620880127,29.66255521774292,30.05280933380127,0.21033889336286454,1239.7151636245808,100,10.0,386.434531,1151.6058063875312,-2.69,-2.7725,0.05393282859261133,0.92,0.9117000000000001,0.004255584566190646,-1.5683426419520985,0.5461485442483816,1.1119692766795615,0.625,0.6156425,0.0029731622475068554,0.0,0.0,45.60336049397786,99.54803743548209,150.15139792945996,0.08298609113734542,0.045894099500577525,0.09672592494821683,0.0,data/raw/pipeline-0137-run-001/logs/00000001.BIN,48.4050407409668,1151.5476615415453,50.708488567233765,-4.966735751235701,-7.244490063376108,8.783569906419487,77.15110030095803,0.07087258534020133,0.0019794012335315634,-0.6332790063376108,-0.7739235751235701,1482.0336730260976,1481.7417846679687,1482.0,177.369857,18.223043841694633,209.064674,pipeline-0137-run-001,pipeline-0137,0.38243977159261705,0.0027165549514798167,-2.256860018083298,0.9329518453354279,0.00014333996190543985,0.00526619933467842,12.302771263122558,12.29556655883789,0.002111594194472748,pipeline-0137-family,train,2917413493295692931,d12a8f8997634cee977581cbaa5548c04facc1f5,6c58c27282539d3519962692d87bdfaba41ce01b094a18e3956a3473bb14fe20,2f5ce03671f92bfca42dabff69a505058fb52e27086fafbd86a866f5b4af27cf,1d962eead8ad11de122d5996c58dacfba791bc190fd030ceb4e8a482e981a8c4,48.404160362811346,2.0
4,12.249686241149902,0.3916974456203661,True,12.033740661621094,0.7252974554348668,35.14759040832519,35.03693771362305,35.01180458068848,35.062156677246094,35.53226852416992,0.2983425133524533,1127.8315805246477,100,10.0,260.084258,300.34288921256984,-0.65,-0.7172,0.045608771086272426,-0.28,-0.27090000000000003,0.006495382975621997,0.24840742971921617,0.6071520119370115,1.248116532069256,0.686,0.6726075,0.0029947360067291433,0.0,0.0,79.71903991699219,30.799368108128608,115.51840802512079,0.6339791621744739,0.040502946873349745,0.09475672928837431,0.0,data/raw/pipeline-0138-run-001/logs/00000001.BIN,99.57855987548828,300.285465931862,320.406118104835,7.091216608097287,-7.434417143356264,10.27404064837123,105.55591124438432,0.01644834085956619,0.002547146011940237,-0.7705317143356264,0.6374016608097287,1203.7657636077297,1203.3740661621093,1204.0,126.60517099999998,14.748692692356892,133.479087,pipeline-0138-run-001,pipeline-0138,0.45111682325601576,0.003812262692771051,-0.5384958400658253,-0.3730119046973637,0.00963715020530799,0.02137417397715362,12.248512525558471,12.237455368041992,0.0029942676090278803,pipeline-0138-family,train,251430523035796414,d12a8f8997634cee977581cbaa5548c04facc1f5,6c58c27282539d3519962692d87bdfaba41ce01b094a18e3956a3473bb14fe20,2f5ce03671f92bfca42dabff69a505058fb52e27086fafbd86a866f5b4af27cf,8e1aa3c6277d315f71a65f24cf03e7286529389e48e95184a29879fabd79a214,99.56934686959484,2.0
4,12.277483940124512,0.2758617851081908,True,21.482653839111325,1.4046440338645763,32.35393733978272,32.261444091796875,32.2368803024292,32.26202869415283,32.78112373352051,0.2435070855652954,1951.2728220615259,100,10.0,480.659326,1375.7255590588982,1.52,1.5593000000000001,0.032411572007540794,-0.09,-0.1076,0.015107613974417006,-0.6855431336747906,0.540332460098096,1.1036154243431728,0.655,0.6446900000000001,0.002665314240385177,0.0,0.0,83.37033081054688,128.74643261917018,217.11676342971705,0.35130041769713194,0.04188324192817408,0.093111160244523,0.0,data/raw/pipeline-0139-run-001/logs/00000001.BIN,105.05549621582031,1375.6640816292188,209.96358227606058,3.4350101846552823,8.77113656305833,9.419773435518723,88.7321315765042,0.035503695675232726,0.002149578325154992,0.8663536563058329,0.49943101846552823,2148.541245696241,2148.2653839111326,2149.0,237.60242100000002,26.3658634601745,243.056905,pipeline-0139-run-001,pipeline-0139,0.4161105340719223,0.0031276714606240765,1.3738859354983854,-0.09592399688654436,0.006500853204634041,0.0035679121322514514,12.276453828811645,12.268340110778809,0.0024483102520944495,pipeline-0139-family,train,1939380094898420583,d12a8f8997634cee977581cbaa5548c04facc1f5,6c58c27282539d3519962692d87bdfaba41ce01b094a18e3956a3473bb14fe20,2f5ce03671f92bfca42dabff69a505058fb52e27086fafbd86a866f5b4af27cf,cb2491d8dff2d618fef36b94aa4a80fe5a51327fb481d04fdd8b1bb26ae10430,105.0559038575964,2.0
4,12.223430633544922,0.36948321554314134,True,19.708828582763672,1.9595144905868762,37.75462760925293,37.67550849914551,37.64938545227051,37.70198440551758,38.145394515991214,0.23418686222619184,1744.6646787800723,100,10.0,394.347198,1117.0352038167741,-1.95,-1.9265999999999999,0.01981009843488923,1.3,1.1529,0.08606154774346089,-1.09602414717015,0.532387818635974,1.0782644175136875,0.708,0.6970125,0.0026119616670234676,0.0,0.0,60.68836466471354,100.66986057358704,166.35822523830058,0.8928578203132514,0.05172713224264511,0.09107044163343025,0.0,data/raw/pipeline-0140-run-001/logs/00000001.BIN,71.03254699707031,1116.9716561152154,181.67803284547995,2.2192505259855957,8.842816866220268,9.117043546380426,83.12048302659697,0.05216491352853764,0.0024896209928595525,0.9995716866220269,0.029265052598559587,1971.2523414919103,1970.8828582763672,1971.0,189.08516899999998,24.09070563757655,205.262029,pipeline-0140-run-001,pipeline-0140,0.48344378024339674,0.0029800004089170573,-1.9235228702586382,1.651513188631562,0.005109307954007818,0.004842644641008155,12.222447185516357,12.214437484741211,0.002359856131576932,pipeline-0140-family,validation,1088350850014137210,d12a8f8997634cee977581cbaa5548c04facc1f5,6c58c27282539d3519962692d87bdfaba41ce01b094a18e3956a3473bb14fe20,2f5ce03671f92bfca42dabff69a505058fb52e27086fafbd86a866f5b4af27cf,fd3efb192e7e3af8217442e21a52edac166cd49f20b4d5345ce7fc9ea2d855b9,71.02320025767392,2.0
4,12.265035629272461,0.29054923239777963,True,20.410894165039064,0.9707463604235225,33.69066566467285,33.52126502990723,33.49635887145996,33.54611015319824,34.42614402770996,0.400107707742948,2059.555943213115,100,10.0,423.529687,1019.2319215178919,-0.65,-0.6297,0.018732591918899012,-2.18,-2.1448,0.028088431782497234,2.0135393300664592,0.46073250545039807,1.007051799416485,0.674,0.6584425,0.004166736582746746,0.0,0.0,87.45289103190105,127.61997631253263,220.0728673444337,0.4764849223457176,0.09238928856301659,0.08443336565699884,0.0,data/raw/pipeline-0141-run-001/logs/00000001.BIN,111.17933654785156,1019.1800409983291,170.62411489048614,-0.9996410626758795,12.01116952994759,12.052695786890549,145.2674757313292,0.024758790156109454,0.0024440761646942507,0.9866369529947591,-0.16293410626758795,2041.379965736304,2041.0894165039062,2041.0,213.86775200000002,25.011750880459452,209.661935,pipeline-0141-run-001,pipeline-0141,0.4332625088095665,0.005078531880223519,-0.5874788397489944,-2.093266179126459,0.006023298866930418,0.006264686446721315,12.263076400756836,12.250406265258789,0.003989338623396248,pipeline-0141-family,train,7049044868579396233,d12a8f8997634cee977581cbaa5548c04facc1f5,6c58c27282539d3519962692d87bdfaba41ce01b094a18e3956a3473bb14fe20,2f5ce03671f92bfca42dabff69a505058fb52e27086fafbd86a866f5b4af27cf,c70f4483892ab78ae44fd674276cafe54ab586638c7cbcd592709701ce6267be,111.17861606470909,2.0
4,12.302597999572754,0.2233145675254491,True,21.591549377441407,0.7206183782828195,29.954162063598634,29.748787879943848,29.726016998291016,29.79420566558838,30.79185085296631,0.43961361301986307,2149.649647162404,100,10.0,464.974769,1306.4839126378577,-2.15,-2.0474,0.07789249001026995,-3.2,-2.9918,0.14839393518604463,3.552945700806732,0.537554984864712,1.125013050090808,0.635,0.6183825000000001,0.005099626824582368,0.0,0.0,50.70450846354167,202.64819435464355,258.3527028181852,0.08577008243566213,0.16273154702563258,0.07225992238839,0.0,data/raw/pipeline-0142-run-001/logs/00000001.BIN,56.0567626953125,1306.4423863329162,202.92120287896296,5.941842931410639,12.202300217359843,13.572090038609922,184.20162801613466,0.027284661401283203,0.0022569760274495565,0.9210500217359843,0.3894442931410638,2159.378252311666,2159.1549377441406,2159.0,246.68795199999997,26.521161675445267,218.286817,pipeline-0142-run-001,pipeline-0142,0.3853357979655266,0.00560475912011204,-1.9998243293582316,-3.1324941358043725,0.0065660708790528585,0.0034516079442693326,12.300457115173339,12.288247108459473,0.0044031183968620755,pipeline-0142-family,validation,8184965811226271285,d12a8f8997634cee977581cbaa5548c04facc1f5,6c58c27282539d3519962692d87bdfaba41ce01b094a18e3956a3473bb14fe20,2f5ce03671f92bfca42dabff69a505058fb52e27086fafbd86a866f5b4af27cf,6b1d90433139af08226011fdf0e05723f0ccb565621f350cb5ffc7cef2a5d6a7,56.064991147978134,2.0
4,12.241464614868164,0.4044204546294168,True,11.864815368652344,3.245953237282648,36.05605171203613,35.83753776550293,35.8308687210083,35.892723083496094,36.88506927490234,0.4502498477309101,1200.2974409206201,100,10.0,256.674789,627.5268445641938,-1.17,-1.1994999999999998,0.019918584287042105,3.69,3.698,0.01326649916142159,2.139577488985687,0.5245452818011388,1.136534048190644,0.699,0.679355,0.005584709034497657,0.0,0.0,35.009419759114586,79.83372950816322,119.8431492672778,0.7027334127789564,0.07490184458071573,0.08576191172639691,0.0,data/raw/pipeline-0143-run-001/logs/00000001.BIN,32.514129638671875,627.4736796195459,285.42193483714743,10.839538489144639,-6.35688283453972,12.566047669403208,157.90555402971378,0.1114863127367385,0.002645766325905375,-0.2658882834539719,0.9640038489144638,1186.8859573198638,1186.4815368652344,1187.0,114.81572199999997,14.504574768882934,141.859067,pipeline-0143-run-001,pipeline-0143,0.4623924243450165,0.005662682574724418,-1.0349260236599942,3.642016296655625,0.0017863073992521095,0.0034507091563154846,12.239433851242065,12.226462364196777,0.0044948067575500145,pipeline-0143-family,train,3480209282325652001,d12a8f8997634cee977581cbaa5548c04facc1f5,6c58c27282539d3519962692d87bdfaba41ce01b094a18e3956a3473bb14fe20,2f5ce03671f92bfca42dabff69a505058fb52e27086fafbd86a866f5b4af27cf,d38d47d6c162cb11bbc8c75ef74a7d6b0c2a8f1fb0dde67799b58f8909f3f7b5,32.516231185893034,2.0
4,12.29613208770752,0.28308808311771827,True,17.015347473144534,0.3764447516385334,30.52477487564087,30.409902572631836,30.409714221954346,30.43387460708618,30.945526123046875,0.26185361829865,1557.3542439214991,100,10.0,405.551881,1052.331368332223,-0.4,-0.44339999999999996,0.023418795869984434,-0.25,-0.1996,0.03616407056734626,-0.3077873762255412,0.5490650627002551,1.1147830444520241,0.637,0.6254225,0.002802497769847465,0.0,0.0,76.5787607828776,102.09090757531332,183.6696683581909,0.1660495643359324,0.03809833003081207,0.09427902853054562,0.0,data/raw/pipeline-0144-run-001/logs/00000001.BIN,94.8681411743164,1052.2732005876862,116.49606932016903,-8.506353245527361,4.660756446950999,9.699520410591916,94.08069619548917,0.007283374424095733,0.0018807460777943421,0.44611564469509984,-0.8949753245527361,1701.817835397571,1701.5347473144532,1702.0,198.66966699999998,20.911807972449875,206.882214,pipeline-0144-run-001,pipeline-0144,0.39269430249929427,0.0032847911572078388,-0.183442442136189,-0.336715305845272,0.006051873279939173,0.003539620480989111,12.294771718978883,12.286072731018066,0.0026150038443341493,pipeline-0144-family,train,5520932129945969672,d12a8f8997634cee977581cbaa5548c04facc1f5,6c58c27282539d3519962692d87bdfaba41ce01b094a18e3956a3473bb14fe20,2f5ce03671f92bfca42dabff69a505058fb52e27086fafbd86a866f5b4af27cf,f9e6113213a92fe01174bc15296d33fd11810e0886f4a67d32641911e6d5e76b,94.87353487919943,2.0
4,12.257279396057129,0.3369524753395581,True,17.415088653564453,5.465423982953678,34.380757865905764,34.26777267456055,34.26715564727783,34.31718635559082,34.759779357910155,0.2547209773898746,1597.0358914572412,100,10.0,368.849068,834.5977182566314,1.02,1.0317,0.006489221833163055,-5.37,-5.3735,0.00517204021639419,-0.26085978332189574,0.5332356028641355,1.1004561957052412,0.689,0.665565,0.00500807098591863,0.0,0.0,80.88721211751303,81.33799076108562,167.22520287859865,0.5301991260477963,0.03955013934108901,0.08978800493779582,0.0,data/raw/pipeline-0145-run-001/logs/00000001.BIN,101.33081817626953,834.538695737802,76.40027293838227,-10.75126878648724,3.0219084953498014,11.167887511681075,124.72171147356211,0.20334328716304192,0.0034205750379206674,-0.23515915046501987,-0.9719568786487238,1741.8458178317849,1741.5088653564453,1741.0,181.16750399999998,21.337003602463994,187.681564,pipeline-0145-run-001,pipeline-0145,0.4418594017624855,0.0031148433891672028,0.9844165624866948,-5.376867395498348,0.004691442006296711,0.004294769362870669,12.256166973114013,12.247167587280273,0.0025641358343102064,pipeline-0145-family,train,3245836704747265166,d12a8f8997634cee977581cbaa5548c04facc1f5,6c58c27282539d3519962692d87bdfaba41ce01b094a18e3956a3473bb14fe20,2f5ce03671f92bfca42dabff69a505058fb52e27086fafbd86a866f5b4af27cf,00819d7d6f9b5ab84db342e8dd22d4e56aeabda602812122bc286f34515e0163,101.33439638557572,2.0
4,12.23096752166748,0.35891252606620583,True,18.33378121948242,1.1431278083778411,37.11182090759277,36.91485786437988,36.888845443725586,36.966973304748535,37.89022216796875,0.4382955479722679,1916.6510078429053,100,10.0,369.119793,1169.4350850187063,1.41,1.4826,0.04453358283363246,1.53,1.5798,0.030788959060026697,1.840415608962626,0.5232661264439143,1.1362890128587884,0.704,0.6896450000000001,0.004343843344320765,0.0,0.0,37.60264587402344,143.32042282732363,185.92306870134706,0.8189503310230355,0.07908738647798629,0.08857860626816862,0.0,data/raw/pipeline-0146-run-001/logs/00000001.BIN,36.403968811035156,1169.37768225062,75.0283044593532,-11.14309916312844,-4.1633548995898435,11.895469010478422,141.5021829792525,0.03022401603598806,0.001956589833824791,-0.25835548995898433,-0.9660499163128441,1833.7370344743083,1833.378121948242,1833.0,171.45305800000003,22.390034607022937,197.666735,pipeline-0146-run-001,pipeline-0146,0.4761293244361877,0.00549985062253656,1.220815426898493,1.4254717313335399,0.004740704995006126,0.005346696990351295,12.228866806030274,12.216178894042969,0.0043721180097784085,pipeline-0146-family,train,3745735011565277306,d12a8f8997634cee977581cbaa5548c04facc1f5,6c58c27282539d3519962692d87bdfaba41ce01b094a18e3956a3473bb14fe20,2f5ce03671f92bfca42dabff69a505058fb52e27086fafbd86a866f5b4af27cf,361d4418dcf8b1b7efb6c01c3fbb449bc1457a231b640de800068350e11ae802,36.395639922729295,2.0
4,12.264589309692383,0.33295931287239,True,18.474301147460938,1.3849647236988465,33.51886257171631,33.560726165771484,33.51304626464844,33.56215953826904,33.58663902282715,0.1703158633898174,1467.9596419846034,100,10.0,454.091624,1220.1857533368543,-3.78,-3.7068,0.040789214260635094,0.08,0.0645,0.006837397165588674,-3.438953213422622,0.6001513789414428,1.1808505330937642,0.664,0.6555775,0.0027738049228451544,0.0,0.0,61.867411295572914,90.794702084248,157.6621133798209,0.47194917494690686,0.09130595099776524,0.101450340261643,0.0,data/raw/pipeline-0147-run-001/logs/00000001.BIN,72.80111694335938,1220.1206969793027,112.93388171745065,-5.502816319664426,3.83203272083922,6.705629144349363,44.96546222154757,0.04429057421265383,0.002163505502941098,0.389653272083922,-0.9209616319664425,1847.7630740589661,1847.4301147460938,1848.0,200.61222300000003,22.6637060365707,253.479401,pipeline-0147-run-001,pipeline-0147,0.4293692961335182,0.0020744755190081005,-3.71866568814166,0.14383112410207127,-0.0005550424542161637,0.008759535421135995,12.264824743270873,12.260180473327637,0.0017047238175305292,pipeline-0147-family,train,5278920303279697690,d12a8f8997634cee977581cbaa5548c04facc1f5,6c58c27282539d3519962692d87bdfaba41ce01b094a18e3956a3473bb14fe20,2f5ce03671f92bfca42dabff69a505058fb52e27086fafbd86a866f5b4af27cf,3b7493ed60c0cee051e8b1fca45e829d370872aafb4b4356130811fedf9f217e,72.79952709442182,2.0
4,12.244837760925293,0.37988032571797703,True,14.33958605957031,3.826426352573859,35.68220306396484,35.537315368652344,35.511963844299316,35.58778190612793,36.243901062011716,0.3408171468818972,1360.2564344786097,100,10.0,301.706769,593.804226145724,1.22,1.1835,0.020118399538730725,3.7,3.6984000000000004,0.013093509842666322,0.6612837351155072,0.5746102545093829,1.201359230577053,0.697,0.6773775000000001,0.004669046342669982,0.0,0.0,68.65192159016928,63.58520906974665,137.23713065991592,0.6711442004548527,0.043867243177718604,0.0922571073501068,0.0,data/raw/pipeline-0148-run-001/logs/00000001.BIN,82.9778823852539,593.7434160796465,297.5518721454456,7.6825868630140235,-8.323603102296175,11.327158050998943,128.30450951231018,0.1257763091717884,0.0032621394544371683,-0.46252031022961737,0.8866086863014024,1434.338486282749,1433.958605957031,1434.0,144.829545,17.553871990468284,156.877224,pipeline-0148-run-001,pipeline-0148,0.45762061566114426,0.00425865924648696,1.3549520528729206,3.597145963705502,0.004143806332394888,0.008075723791219477,12.243161659240723,12.232227325439453,0.0034099073437227744,pipeline-0148-family,train,739808490239270910,d12a8f8997634cee977581cbaa5548c04facc1f5,6c58c27282539d3519962692d87bdfaba41ce01b094a18e3956a3473bb14fe20,2f5ce03671f92bfca42dabff69a505058fb52e27086fafbd86a866f5b4af27cf,edf68f4c57cd6e893f4ce966d2de2a28435a38c57ddf3c2a28fef2e2bee4a84e,82.97719105033636,2.0
4,12.290356636047363,0.36509217337027167,True,8.181109954833985,3.6562539014361577,31.169434185028077,30.967548370361328,30.94380760192871,31.018020153045654,32.01295013427735,0.4410149074810102,763.0037055513427,100,10.0,207.419499,340.75414638104144,0.4,0.48719999999999997,0.060184383356482095,4.6,4.4872,0.09051055187103872,2.6465326539139604,0.49668320539287025,1.0881220196842807,0.657,0.6305425,0.006905301857992892,0.0,0.0,36.78597513834636,46.33924791444289,88.12522305278925,0.20457015319638033,0.08585593299786254,0.07976954381352785,0.0,data/raw/pipeline-0149-run-001/logs/00000001.BIN,35.17896270751953,340.6928012295263,312.09921449094344,6.933136073024253,-11.190826821607466,13.164458999832815,173.3029807582792,0.14621545842721476,0.002513321980738212,-0.6703626821607467,0.7420336073024252,818.4760876567688,818.1109954833985,819.0,93.135231,10.047866451081058,114.284268,pipeline-0149-run-001,pipeline-0149,0.40094248443841934,0.005607654218434563,0.20698803498896323,4.400242412455264,0.0029653780656553864,0.0033633765207436526,12.28829116821289,12.275578498840332,0.004413292549437545,pipeline-0149-family,validation,8900325040006839808,d12a8f8997634cee977581cbaa5548c04facc1f5,6c58c27282539d3519962692d87bdfaba41ce01b094a18e3956a3473bb14fe20,2f5ce03671f92bfca42dabff69a505058fb52e27086fafbd86a866f5b4af27cf,e5723b68d0c0f0c9f2947c245364320b79911d7622e00edfd33a6e3db33ffd71,35.18063184302106,2.0
4,12.24235725402832,0.3318767537516578,True,20.56034912109375,0.13299380418215312,35.92304122924805,35.782291412353516,35.75693321228027,35.833457946777344,36.508771133422854,0.31727346620994207,1931.994865003474,100,10.0,429.91963,1434.6430122238219,-0.12,-0.0752,0.030413155048432578,-0.16,-0.2007,0.022638683707318318,0.1680719430754554,0.5369514838763689,1.1165777919315805,0.69,0.6783750000000001,0.0031055394056427603,0.0,0.0,42.69662984212239,145.9167524332539,193.6133822753763,0.7090736731321486,0.0390773076855952,0.09226379424420811,0.0,data/raw/pipeline-0150-run-001/logs/00000001.BIN,44.044944763183594,1434.5840557604333,162.18705758143432,-2.984054215654828,9.721254797069243,10.16894165542851,103.40737439150912,0.0025420950839128644,0.002173749862053353,0.9520554797069243,-0.30592542156548286,2056.3667888631267,2056.034912109375,2057.0,202.8355,25.15186177040468,227.08413,pipeline-0150-run-001,pipeline-0150,0.4601901200413704,0.0040450921951283485,-0.22628065667430022,0.07712537085398194,0.006881532926927321,0.004723627088467003,12.240766725540162,12.231144905090332,0.0031717103253344247,pipeline-0150-family,train,3421035031035151573,d12a8f8997634cee977581cbaa5548c04facc1f5,6c58c27282539d3519962692d87bdfaba41ce01b094a18e3956a3473bb14fe20,2f5ce03671f92bfca42dabff69a505058fb52e27086fafbd86a866f5b4af27cf,d370863fa5fd955b7c865b6e5602507c5ce79e4c279d8ab960cc5dbd6e90de37,44.04013994766851,2.0
4,12.308869361877441,0.3240485988524142,True,10.036436401367187,2.3976392863133005,29.074623146057128,29.12127113342285,29.05959987640381,29.14555025100708,29.147146224975586,0.1687088923602138,890.0122184604875,100,10.0,268.996525,238.1638788581775,-0.4,-0.3398,0.038755128692858194,4.37,4.4781,0.08311070929789975,-3.7973898275956675,0.5689314684257839,1.0902149994602135,0.617,0.6107524999999999,0.004241608627631743,0.0,0.0,87.93918863932292,17.261516985033968,110.20070562435689,0.02170809785835949,0.07380061850260523,0.09819405101513906,0.0,data/raw/pipeline-0151-run-001/logs/00000001.BIN,111.90878295898438,238.11950186864078,143.40579400304193,-5.623467780826193,3.5493178522212387,6.649890758357362,44.22104709808665,0.09189197040200979,0.00472212709122684,0.8027417852221239,-0.5963267780826194,1003.9676887355711,1003.6436401367187,1004.0,128.514407,12.363815649619992,140.482118,pipeline-0151-run-001,pipeline-0151,0.3742631819844246,0.002030351760781024,-0.35753800796869545,3.8840557467163612,0.00015307662666600664,0.007917890225654147,12.309272165298461,12.305901527404785,0.0017101615266933,pipeline-0151-family,train,8149248311782640596,d12a8f8997634cee977581cbaa5548c04facc1f5,6c58c27282539d3519962692d87bdfaba41ce01b094a18e3956a3473bb14fe20,2f5ce03671f92bfca42dabff69a505058fb52e27086fafbd86a866f5b4af27cf,2431f5ceb8863320d6eaf12c9462457d1ec9c8538a24bc5b782b5f1b2b54d100,111.90945635985328,2.0
4,12.252840995788574,0.41293540044773636,True,8.601742372118737,4.268284588215056,34.94480644226074,34.71554756164551,34.691073417663574,34.76981544494629,35.82058753967285,0.48342697413225705,823.0979338031975,100,10.0,198.889579,291.79814700408906,4.38,4.3879,0.01282926342390717,2.68,2.6756,0.012595237195067058,2.8625597712547144,0.5132290203642411,1.1179432191793022,0.697,0.6689525000000001,0.006921722599902427,0.0,0.0,38.9124755859375,40.88274474494412,84.79522033088162,0.5776717524389726,0.07824578479649624,0.07865850104949605,0.0,data/raw/pipeline-0152-run-001/logs/00000001.BIN,38.36871337890625,291.7331155830845,2.478950293437692,-4.819666663374409,-12.666274529199644,13.552258010940253,183.66369719509427,0.1728669533209435,0.0027613619886970335,-0.9990674529199645,-0.04317666633744096,860.5871726123214,860.1742372118737,861.0,88.228028,10.53387703052171,110.661551,pipeline-0152-run-001,pipeline-0152,0.44860284477472306,0.006043902769062557,4.394989334364146,2.6371674654410593,0.0006733794112005853,0.003750506715593323,12.250525970458984,12.236577987670898,0.00483002899607059,pipeline-0152-family,validation,387727769708132849,d12a8f8997634cee977581cbaa5548c04facc1f5,6c58c27282539d3519962692d87bdfaba41ce01b094a18e3956a3473bb14fe20,2f5ce03671f92bfca42dabff69a505058fb52e27086fafbd86a866f5b4af27cf,62a9cb521f31217a4f86dbfb840aba1b7868c48109ffd56811929bb5d4f6af8f,38.36798636781344,2.0
4,12.283329010009766,0.2949995521726123,True,18.120783203125,3.772420551925964,31.80539026260376,31.67011070251465,31.669825077056885,31.695091247558594,32.347665786743164,0.306007157542694,1725.9347986440214,100,10.0,405.644344,962.2780659849797,0.15,0.1968,0.030426304409178578,-3.78,-3.8106999999999998,0.03403689174998217,0.573592110655823,0.5573988334212024,1.1624919363176012,0.661,0.6393425,0.004690436413597357,0.0,0.0,88.2725118001302,102.08321953400302,195.35573133413322,0.28252842071003725,0.0495310580659516,0.09210478484575964,0.0,data/raw/pipeline-0153-run-001/logs/00000001.BIN,112.40876770019531,962.2197559048773,258.39940817605395,9.598885924116058,5.8218034971066395,11.226397772354073,126.03200694311649,0.12494897695709035,0.002568730534686569,0.20111034971066397,0.9795685924116057,1812.3733198646726,1812.0783203125,1812.0,201.360257,22.24136350723406,204.284087,pipeline-0153-run-001,pipeline-0153,0.40915733873844146,0.003850690531119583,0.011497421740503014,-3.6245794737141788,0.004693603238847572,0.00685133827371181,12.281953916549682,12.271897315979004,0.0030619178235390602,pipeline-0153-family,test,4319936203390453447,d12a8f8997634cee977581cbaa5548c04facc1f5,6c58c27282539d3519962692d87bdfaba41ce01b094a18e3956a3473bb14fe20,2f5ce03671f92bfca42dabff69a505058fb52e27086fafbd86a866f5b4af27cf,87db6ba75997c9b9f392497123ec27b4876686eeb2b52752903c2eef87037ac5,112.41105925336828,2.0
4,12.284890174865723,0.33881843327390015,True,12.184499008178712,0.8034231295928309,31.697512836456298,31.500781059265137,31.491755962371826,31.562854290008545,32.43826751708985,0.46252210832735663,1234.5647336395552,100,10.0,274.209439,241.99468298205133,3.61,3.4877999999999996,0.10375528902181323,-3.0,-2.8863,0.10456246936640319,4.455332513386095,0.5588075943492492,1.128635176969939,0.658,0.638595,0.006287366300765374,0.0,0.0,91.56935628255208,43.64457987179246,140.21393615434454,0.2582090062141612,0.18416630806904555,0.06951342145240508,0.0,data/raw/pipeline-0154-run-001/logs/00000001.BIN,117.35403442382812,241.9661838044259,119.39142403616891,-12.201053821150268,7.793356943648634,14.477642307976874,209.60212679772195,0.04390168008075067,0.0038679848678260737,0.49070569436486344,-0.8713253821150267,1218.788719251145,1218.4499008178711,1219.0,140.35216999999997,14.969555507154675,133.857269,pipeline-0154-run-001,pipeline-0154,0.40766747027635575,0.0059368243370630895,3.505380957737187,-2.818907805843866,0.012898198182228952,0.030081646502914876,12.283011932373046,12.267298698425293,0.004618393535506783,pipeline-0154-family,validation,8686255613892386789,d12a8f8997634cee977581cbaa5548c04facc1f5,6c58c27282539d3519962692d87bdfaba41ce01b094a18e3956a3473bb14fe20,2f5ce03671f92bfca42dabff69a505058fb52e27086fafbd86a866f5b4af27cf,996a7c25046ce9d2373677f27b5df27fc26cc8311d181b7deb61c441ac39d6a9,117.36410951042232,2.0
4,12.244959831237793,0.4174306482036627,True,9.634808776855468,1.927093027886565,35.619171142578125,35.50752830505371,35.507240295410156,35.55845069885254,36.099317169189455,0.2560501531439114,828.0754540916901,100,10.0,224.436856,455.8352581664833,-0.26,-0.36950000000000005,0.07628073151196178,-2.04,-2.0395999999999996,0.017431006855600728,-0.7634205078925964,0.6046112915389563,1.2150900306900745,0.685,0.6750849999999999,0.002746411294762679,0.0,0.0,36.34248860677083,42.35040876013611,83.69289736690695,0.6778698378435346,0.046320095576940196,0.09348827507149153,0.0,data/raw/pipeline-0155-run-001/logs/00000001.BIN,34.51373291015625,455.7791412184967,301.8824466048342,8.861101098977537,-3.24175501323699,9.435469689005846,89.02808825214807,0.05087576167535921,0.0027178339221132094,-0.528135501323699,0.8491601098977537,963.8983083337505,963.4808776855468,964.0,98.77714,11.800224505730187,125.659716,pipeline-0155-run-001,pipeline-0155,0.45659072071313855,0.0032015222749735514,-0.06841106046621726,-2.1104413862859124,0.0019185912545071915,0.006451423137168187,12.243814344406127,12.235827445983887,0.002541664094320845,pipeline-0155-family,train,4120548631131779649,d12a8f8997634cee977581cbaa5548c04facc1f5,6c58c27282539d3519962692d87bdfaba41ce01b094a18e3956a3473bb14fe20,2f5ce03671f92bfca42dabff69a505058fb52e27086fafbd86a866f5b4af27cf,2d1a939905e726916677739675aaa8daef51aca0b40018ee85329fb01bd817d9,34.503482664654,2.0
4,12.221004486083984,0.34235407617961755,True,23.571250610351562,3.2543117607553476,37.96244037628174,37.895538330078125,37.89449214935303,37.92255878448486,38.249215316772464,0.21437433917656085,2072.242250834476,100,10.0,461.387038,1184.3186376282063,-3.44,-3.4632,0.025568730903195027,-1.5,-1.3327,0.11093110474524266,-1.78305874659514,0.5829655684339149,1.184586997698171,0.71,0.7006025,0.0032053851172675054,0.0,0.0,91.00163269042969,100.51028880513981,196.51192149556948,0.908524110999255,0.05147283639574141,0.09441565251059661,0.0,data/raw/pipeline-0156-run-001/logs/00000001.BIN,116.50244903564453,1184.2686855243614,7.6723109859395295,2.128349851815609,-8.577808316019524,8.837910872943743,78.10866859809724,0.10755085556419833,0.002364654156000387,-0.9910508316019523,-0.13348501481843908,2357.467415111336,2357.1250610351562,2357.0,226.10535500000003,28.811821114344276,235.281683,pipeline-0156-run-001,pipeline-0156,0.4854202416539192,0.0026614466187841346,-3.5436994919725158,-1.8524962715798983,-9.39700592061854e-05,0.005551504502529835,12.22039207458496,12.212884902954102,0.0021298367736795145,pipeline-0156-family,validation,68995500195420522,d12a8f8997634cee977581cbaa5548c04facc1f5,6c58c27282539d3519962692d87bdfaba41ce01b094a18e3956a3473bb14fe20,2f5ce03671f92bfca42dabff69a505058fb52e27086fafbd86a866f5b4af27cf,c45b0ff5bad818e6946ae5b9ce28477090cf381c88135f3ac911469c7112431c,116.49954948913178,2.0
4,12.232878684997559,0.3489425036091234,True,21.342702880859374,0.5725342875521868,36.784568519592284,36.708669662475586,36.68252754211426,36.73436641693115,37.10026206970215,0.2205406891704366,1919.532888280621,100,10.0,426.002031,1030.425753691197,1.58,1.4365,0.08657222418304845,0.2,0.2107,0.008031811750782008,-1.3342155858695062,0.6041482071954044,1.2161763340719929,0.699,0.689245,0.002190884524569925,0.0,0.0,91.94632466634114,90.91284225931263,187.85916692565377,0.7999953137734745,0.055862069124788256,0.09462777128948205,0.0,data/raw/pipeline-0157-run-001/logs/00000001.BIN,117.91948699951172,1030.3640176282556,284.8817004327556,8.228132194422427,-2.7787507289641926,8.68467702465727,75.42361502260987,0.012173270269185578,0.002400106172861724,-0.25680507289641924,0.9664632194422427,2134.6192305895465,2134.2702880859374,2135.0,211.71278099999998,26.114321143080605,214.28925,pipeline-0157-run-001,pipeline-0157,0.47048775881528854,0.002744553851210215,1.8275516513428536,0.09243114439102476,0.00434503548025532,0.006417793732897739,12.232147607803345,12.224238395690918,0.002186153987809481,pipeline-0157-family,test,3593473566088172007,d12a8f8997634cee977581cbaa5548c04facc1f5,6c58c27282539d3519962692d87bdfaba41ce01b094a18e3956a3473bb14fe20,2f5ce03671f92bfca42dabff69a505058fb52e27086fafbd86a866f5b4af27cf,126a3c0bdf2ee3e35236ac67bb6654e92746c60fb9a0ef27c2862e6bce8d8119,117.90706929929044,2.0
4,12.269335746765137,0.3638061313390608,True,12.131280044555666,0.30570995203106854,33.17089653015137,33.06746292114258,33.042569160461426,33.09230327606201,33.62029037475586,0.2628071726433289,1105.1890583825386,100,10.0,281.339086,534.2423526176246,0.47,0.4371,0.027974810097657496,-0.1,-0.11440000000000002,0.015447977213862017,-0.33269384609451647,0.5279355920999643,1.0941469976504983,0.664,0.65207,0.002706492194705171,0.0,0.0,63.24084981282552,51.70407258505526,119.94492239788079,0.43497326629595834,0.03955572170863671,0.09272940627858993,0.0,data/raw/pipeline-0158-run-001/logs/00000001.BIN,74.86127471923828,534.1857406238382,327.2484388178451,4.9731685384696735,-8.295653171154463,9.672138690491865,93.55026684810969,0.006299143933307088,0.002319398988856114,-0.8410053171154463,0.5410268538469674,1213.4918105869056,1213.1280044555665,1213.0,133.272503,14.885968857575065,148.066583,pipeline-0158-run-001,pipeline-0158,0.42592125326395036,0.003404554085054236,0.4484636366540568,-0.12446750325798711,0.0038453640577790793,0.006597312816078614,12.26826554298401,12.259182929992676,0.0026484205311514885,pipeline-0158-family,train,7627936625644381869,d12a8f8997634cee977581cbaa5548c04facc1f5,6c58c27282539d3519962692d87bdfaba41ce01b094a18e3956a3473bb14fe20,2f5ce03671f92bfca42dabff69a505058fb52e27086fafbd86a866f5b4af27cf,f1ed1c1bca81f99055c1656eed02b29d270e7bcc7f592dcfa57c5e1a4317f69e,74.8557905950203,2.0
4,12.294456481933594,0.3187675660080913,True,13.479894165039063,0.26369161154949683,30.6755375289917,30.566906929016113,30.542837619781494,30.591103553771973,31.148413276672365,0.26086070748266077,1212.3071151765168,100,10.0,330.654352,833.1357837016748,-0.41,-0.4421,0.01996471888106617,-0.16,-0.1056,0.03723761539089204,-0.3702303391112474,0.6425367917425789,1.280264170480097,0.638,0.6261225,0.002742716490999391,0.0,0.0,56.933980305989586,80.33917824944633,142.2731585554359,0.18092637103654707,0.03846550354200229,0.0975025845315912,0.0,data/raw/pipeline-0159-run-001/logs/00000001.BIN,65.40097045898438,833.0703304506176,112.0275621449471,-8.828043865269706,3.855857686773326,9.633379312981246,92.80199698777503,0.0051969442246981145,0.0021223405900901216,0.3750257686773326,-0.9270143865269707,1348.3081840699144,1347.9894165039063,1348.0,156.97718400000002,16.565818540551458,173.677168,pipeline-0159-run-001,pipeline-0159,0.39432520359754564,0.0033616536111623213,-0.20324757254312953,-0.23969575826174208,0.006902376081707189,0.002844201147137919,12.293251628875732,12.28474235534668,0.0026070184397067233,pipeline-0159-family,train,3821661791493122115,d12a8f8997634cee977581cbaa5548c04facc1f5,6c58c27282539d3519962692d87bdfaba41ce01b094a18e3956a3473bb14fe20,2f5ce03671f92bfca42dabff69a505058fb52e27086fafbd86a866f5b4af27cf,06cc4736b5547dbf0139a04ba89169e98f4396af72028a99d76afd3381934a28,65.40647850984064,2.0
4,12.305692672729492,0.2977715956637894,True,13.786760711669922,1.4113835657708709,29.53154644012451,29.430166244506836,29.429828643798828,29.45401620864868,29.88769760131836,0.23164489337241254,1240.574841008071,100,10.0,344.83701,732.1432267876985,1.34,1.4057,0.035334260994111605,0.91,0.8456,0.050800000000000005,-0.8360791112519808,0.5475242354364243,1.1097675038969075,0.627,0.615065,0.0027019946335994104,0.0,0.0,78.6651357014974,67.56532683740328,151.23046253890067,0.06587288428072918,0.03968880680749733,0.09431183999614708,0.0,data/raw/pipeline-0160-run-001/logs/00000001.BIN,97.9977035522461,732.0808932790864,298.3309601380733,7.396657169807403,-5.590967030603663,9.271971183354724,85.9694496249604,0.033953311770791125,0.0023197384598080935,-0.47453670306036627,0.8802357169807402,1378.973842762656,1378.6760711669922,1378.0,168.57004500000002,16.963747491946236,176.266965,pipeline-0160-run-001,pipeline-0160,0.3803445491194725,0.0029596671432546877,0.9277960600697452,0.8703822653067801,0.002903837550435355,0.005843787165107417,12.304696197509765,12.296697616577148,0.002308514890352848,pipeline-0160-family,train,621106493916861465,d12a8f8997634cee977581cbaa5548c04facc1f5,6c58c27282539d3519962692d87bdfaba41ce01b094a18e3956a3473bb14fe20,2f5ce03671f92bfca42dabff69a505058fb52e27086fafbd86a866f5b4af27cf,23328cba8df4b6e4be648847b1ec0245d9617a9b0f6fc9390be6d255215cdf7b,97.99815405667381,2.0
4,12.297616958618164,0.2667596336236784,True,19.05176599121094,3.775526979358971,30.357138500213622,30.257670402526855,30.23378324508667,30.282148361206055,30.753293609619142,0.2533487302766148,1718.710000816613,100,10.0,449.389339,1228.7904952178344,-2.26,-2.2539,0.01190756062340215,-3.0,-3.0756,0.051113990257071557,-0.533644636563062,0.6020466124119852,1.2220123264407787,0.643,0.6240125,0.004283963556100826,0.0,0.0,82.16493733723959,116.65387789451444,203.81881523175403,0.13913084338075546,0.04043135448529148,0.09538762397628288,0.0,data/raw/pipeline-0161-run-001/logs/00000001.BIN,103.24740600585938,1228.7327511344586,314.28109100395255,9.413234664397581,-3.9060851234608944,10.191490952688854,103.86648783873876,0.12236271955369041,0.0026319918954502194,-0.6981685123460895,0.7159334664397582,1905.4433587547173,1905.1765991210937,1906.0,221.70461600000002,23.41288126804228,227.684723,pipeline-0161-run-001,pipeline-0161,0.3906928798556328,0.003136490736090592,-2.308030838107132,-2.6226849199994464,0.0012928222713526338,0.004967421907104277,12.296434135437012,12.288232803344727,0.00251332119337376,pipeline-0161-family,train,8110344665893925598,d12a8f8997634cee977581cbaa5548c04facc1f5,6c58c27282539d3519962692d87bdfaba41ce01b094a18e3956a3473bb14fe20,2f5ce03671f92bfca42dabff69a505058fb52e27086fafbd86a866f5b4af27cf,a2a6a8745d8480ae8bc56cf9444cd6aadc6431fc9598a9b2945d96c97a4adb86,103.24327693873661,2.0
4,12.273181915283203,0.34695082455050397,True,14.278025512695313,2.619582960508608,32.564748001098636,32.66084671020508,32.49671173095703,32.688358306884766,32.6981086730957,0.19253595807199858,999.971052308002,100,10.0,429.924628,1097.9027353975125,-3.74,-3.7657,0.016867424225411484,4.49,4.464600000000001,0.022379454863780828,-5.220242787745889,0.47867636129331914,0.8856208620358353,0.658,0.6451675,0.006824180811643261,0.0,0.0,33.41141255696615,72.1343772703452,110.54578982731135,0.3627789779823731,0.09162840022014519,0.08202360780235922,0.0,data/raw/pipeline-0162-run-001/logs/00000001.BIN,30.11711883544922,1097.8809834952267,166.5018014387888,1.4315625011109296,5.25917509696105,5.450531524088476,29.70829389508225,0.1557261290755803,0.005008075471756804,0.972377509696105,-0.23341374988890704,1428.1495020940818,1427.8025512695312,1428.0,160.062616,17.531022904923024,269.862012,pipeline-0162-run-001,pipeline-0162,0.41918632000684736,0.0023784640743387798,-3.6624750630074168,4.377054666530527,-0.002017056691838661,0.007081853295246489,12.27434564590454,12.272923469543457,0.0019194655235190172,pipeline-0162-family,train,8015349905872499931,d12a8f8997634cee977581cbaa5548c04facc1f5,6c58c27282539d3519962692d87bdfaba41ce01b094a18e3956a3473bb14fe20,2f5ce03671f92bfca42dabff69a505058fb52e27086fafbd86a866f5b4af27cf,5cf936711dda75cf0a42713d977b20a4d45bd7bd792a4379db54cb15018bb2b4,30.11344240392101,2.0
4,12.244384765625,0.31788984864942904,True,21.20773303222656,0.525808931393464,35.661358757019045,35.57163047790527,35.54603958129883,35.597469329833984,36.06004638671875,0.22766259252835452,1866.0332536940289,100,10.0,445.559205,1385.5600242686246,-0.35,-0.3078,0.022475764725588314,-1.32,-1.2235,0.0570854622474059,-1.1468295678377254,0.555269182908154,1.1249931243035505,0.686,0.6766225,0.0022923773140563074,0.0,0.0,59.07449849446615,124.30081718181299,188.37531567627914,0.6859530822787856,0.05178222281427489,0.09265509319123816,0.0,data/raw/pipeline-0163-run-001/logs/00000001.BIN,68.61174774169922,1385.4975599611764,38.75260913494221,-5.951706778033163,-6.57512647494781,8.86877115125007,78.6551017332455,0.0109691547620742,0.0019068953575972392,-0.779862647494781,-0.6259506778033164,2121.0911930713055,2120.773303222656,2122.0,214.275089,25.96305352454515,231.284116,pipeline-0163-run-001,pipeline-0163,0.4569489035010338,0.0028936970684394687,-0.47837693630532163,-1.470941901935198,0.0028759053821522684,0.0055358631336144,12.243399343490601,12.23585319519043,0.0022737455263792394,pipeline-0163-family,train,1608051320744977720,d12a8f8997634cee977581cbaa5548c04facc1f5,6c58c27282539d3519962692d87bdfaba41ce01b094a18e3956a3473bb14fe20,2f5ce03671f92bfca42dabff69a505058fb52e27086fafbd86a866f5b4af27cf,1fd97691c2b030524eb08d7efe316c527d19befb8cfcb4c557f7fdb56c1ef342,68.60145695952268,2.0
4,12.296963691711426,0.31477702157167187,True,13.73692123413086,1.0488256792017192,30.4367183303833,30.316423416137695,30.292155742645264,30.34018850326538,30.940853309631347,0.28177424940428025,1232.5194401311128,100,10.0,341.114333,988.7275534712535,0.87,0.8194,0.03802157282385881,-0.62,-0.6654000000000001,0.02393407612589212,-0.11890422468126566,0.5681836749192337,1.1609036659083727,0.636,0.6229875,0.0030793414474526884,0.0,0.0,43.06923929850261,97.71093109663238,145.78017039513497,0.1549374116097393,0.04223357536913063,0.09495572852722464,0.0,data/raw/pipeline-0164-run-001/logs/00000001.BIN,44.603858947753906,988.667764615403,32.6119434227075,-6.208672626376858,-7.758123049092054,9.936603495479464,98.7360890263747,0.024283607898800148,0.0022635248181724814,-0.8423523049092054,-0.5389272626376858,1374.0069004346576,1373.692123413086,1374.0,158.627357,16.87817590611944,182.486976,pipeline-0164-run-001,pipeline-0164,0.3914185777306557,0.003593171037759154,0.9172094762407331,-0.370002365910883,0.0009257589226490382,0.0038657342452668507,12.2956351852417,12.286550521850586,0.002819443039086995,pipeline-0164-family,train,6500557709151726006,d12a8f8997634cee977581cbaa5548c04facc1f5,6c58c27282539d3519962692d87bdfaba41ce01b094a18e3956a3473bb14fe20,2f5ce03671f92bfca42dabff69a505058fb52e27086fafbd86a866f5b4af27cf,1f4d03ce11de5eed6bb7abf72528508a440bcbb88825281a33c5b31731a6bb1f,44.6023437124332,2.0
4,12.214717864990234,0.4275400354604244,True,13.311150054931641,0.8491592518230467,38.59759780883789,38.51249694824219,38.51191520690918,38.564910888671875,38.937578964233396,0.23067042847707936,1195.1399684439127,100,10.0,266.391734,399.7216159964859,1.61,1.4154,0.12096627629219643,0.38,0.4042,0.008964373932405973,-1.202357419839593,0.5582073021210621,1.125907845974107,0.717,0.7055899999999999,0.002289519600265525,0.0,0.0,70.78884887695312,35.681919529595724,111.47076840654884,0.981720865460731,0.05560386173532644,0.09190147213870903,0.0,data/raw/pipeline-0165-run-001/logs/00000001.BIN,86.18327331542969,399.66039516033254,289.2967533205082,8.022981022116022,-3.7082828805222348,8.838528520246351,78.11958640320815,0.019697528664579255,0.0024757070346489267,-0.3304082880522235,0.9438381022116022,1331.5425455286245,1331.115005493164,1331.0,127.52980099999999,16.269568236548217,138.861933,pipeline-0165-run-001,pipeline-0165,0.4937926059961319,0.0028647664585922526,1.953102975697361,0.22647924983331144,0.005210510600736597,0.008469764550185322,12.214031763076783,12.205617904663086,0.0022966669628124436,pipeline-0165-family,validation,8669630204359495264,d12a8f8997634cee977581cbaa5548c04facc1f5,6c58c27282539d3519962692d87bdfaba41ce01b094a18e3956a3473bb14fe20,2f5ce03671f92bfca42dabff69a505058fb52e27086fafbd86a866f5b4af27cf,e111ff7b9b78b0637449fdc46810601c108ff19f84f1f69451525041424cd5c4,86.16781495758639,2.0
4,12.215338706970215,0.3643361151816862,True,20.908112976074218,0.09860299229001399,38.65397598266602,38.47247886657715,38.47231388092041,38.52521228790283,39.328779220581055,0.38548479401695024,2106.9879776691073,100,10.0,399.809179,1120.6533564059546,0.19,0.19699999999999998,0.004582575694955844,1.08,1.1975,0.07242064622743986,1.2095836886761722,0.5146978302848462,1.1043542958578751,0.719,0.7057049999999999,0.0036630554186361996,0.0,0.0,63.746439615885414,127.4858114469877,196.2322510628731,0.9795902955268428,0.057298489601652174,0.09017371580984362,0.0,data/raw/pipeline-0166-run-001/logs/00000001.BIN,75.61965942382812,1120.6003578071184,14.003349348437927,-2.6166182782361718,-10.900357691815612,11.210017351615626,125.66448902352342,0.002805890556208056,0.0021354467005608173,-0.9702857691815613,-0.24196182782361716,2091.1756337226034,2090.8112976074217,2092.0,192.70205499999997,25.52247041500099,207.107124,pipeline-0166-run-001,pipeline-0166,0.4941860193014145,0.004903753636113012,0.156259299842363,0.7349082734300383,0.0037077412675716914,0.006657654825771251,12.213457336425781,12.201509475708008,0.003879328851270619,pipeline-0166-family,train,872857792998588848,d12a8f8997634cee977581cbaa5548c04facc1f5,6c58c27282539d3519962692d87bdfaba41ce01b094a18e3956a3473bb14fe20,2f5ce03671f92bfca42dabff69a505058fb52e27086fafbd86a866f5b4af27cf,431167084503f908c1e2167820802ab66d8f829d5167948d30a8538097da5957,75.6070309354427,2.0
4,12.307167053222656,0.3309308094927701,True,9.610677795410158,0.07462049651745528,29.293150081634522,29.284812927246094,29.26103973388672,29.285131454467773,29.38376750946045,0.17641313153287014,841.5262641543087,100,10.0,259.357049,312.0456900259282,-1.99,-2.0739,0.06401398284749985,-1.64,-1.6573,0.010849423947841665,-2.6537023724410935,0.5498949808021716,1.1022092496083107,0.621,0.6123425,0.0019118561007565413,0.0,0.0,73.75947062174478,24.660425924474293,103.41989654621908,0.047131741853548584,0.06560974205452504,0.10035424980236814,0.0,data/raw/pipeline-0167-run-001/logs/00000001.BIN,90.63920593261719,311.9889606187033,49.76381891819406,-5.5595710136147245,-4.802585469906087,7.3466765990601575,53.97365705117812,0.003272401017676226,0.0026555399976219904,-0.6459885469906087,-0.7633471013614724,961.3987103505085,961.0677795410157,962.0,121.67047900000003,11.83610563964914,137.68657,pipeline-0167-run-001,pipeline-0167,0.37689964890480043,0.002260773457146355,-1.671349228953914,-1.455540035718786,0.0009913058480015024,0.0063671796717863416,12.307067165374756,12.300809860229492,0.0017784722800489143,pipeline-0167-family,test,5243734599794944553,d12a8f8997634cee977581cbaa5548c04facc1f5,6c58c27282539d3519962692d87bdfaba41ce01b094a18e3956a3473bb14fe20,2f5ce03671f92bfca42dabff69a505058fb52e27086fafbd86a866f5b4af27cf,eb7d40679859da741d503d296695bad1a6a303f26b13dd6d6bc8cf16dd9b13e0,90.64190409427576,2.0
4,12.251168251037598,0.37502926996307906,True,13.723665649414063,1.6550469697068138,35.02112995147705,34.89425277709961,34.86916732788086,34.9199161529541,35.56058311462402,0.3086616127278955,1266.2476303303893,100,10.0,303.069557,766.0944096761826,0.37,0.3285,0.02303801206701654,1.65,1.6312,0.020556264252047277,0.1718872248431877,0.6025604648913133,1.2313226358098242,0.682,0.6697625,0.0032796484186571003,0.0,0.0,47.21474202473958,77.94928967570371,130.16403170044327,0.6163741937826624,0.038850052500098826,0.09368590146992478,0.0,data/raw/pipeline-0168-run-001/logs/00000001.BIN,50.822113037109375,766.0352361607219,287.31720663003915,9.218302246143667,-4.607534469280329,10.305652341645517,106.20647018686374,0.0418940523271182,0.0026305495928338695,-0.29763344692803284,0.9546802246143667,1372.7415942113694,1372.3665649414063,1372.0,140.60290299999997,16.807227680891415,162.466654,pipeline-0168-run-001,pipeline-0168,0.44932829082012177,0.0038774294860770084,0.4976320739425171,1.4800313584809848,0.004014924431685358,0.004734076096847535,12.249766912460327,12.240226745605469,0.003097656948420799,pipeline-0168-family,train,2757031018623498007,d12a8f8997634cee977581cbaa5548c04facc1f5,6c58c27282539d3519962692d87bdfaba41ce01b094a18e3956a3473bb14fe20,2f5ce03671f92bfca42dabff69a505058fb52e27086fafbd86a866f5b4af27cf,e524edcf829f3abbde2cc02c100395fe75d741b32fe07cb3423d32221738e044,50.81583509973797,2.0
4,12.240822792053223,0.37579566842464374,True,15.491643646240234,0.23411283634953983,35.98119075775146,35.92927932739258,35.903072357177734,35.95542335510254,36.240623474121094,0.21767920668102872,1381.6922316828995,100,10.0,324.994117,577.4838196154155,-1.86,-1.7301,0.07961777439742966,-0.16,-0.1293,0.02808042022477584,-1.7190566249709092,0.6263914205366584,1.2428092454044561,0.691,0.6810250000000001,0.002198721219254488,0.0,0.0,83.96412150065103,49.27732991620809,138.24145141685912,0.7206677444917955,0.06039172431609398,0.09692501698745037,0.0,data/raw/pipeline-0169-run-001/logs/00000001.BIN,105.94618225097656,577.4220293282442,93.48356876642755,-8.2514484754128,0.7364985120077009,8.284252048349433,68.62883200058178,0.004755189692313441,0.0021899908956326715,0.06071985120077009,-0.9981548475412801,1549.540160292448,1549.1643646240234,1549.0,158.537393,18.972671633456383,166.456724,pipeline-0169-run-001,pipeline-0169,0.46084207177162173,0.0027769103830342107,-2.0551864383159786,-0.1781163440448325,0.005144869240903063,0.006036271693518635,12.240204753875732,12.23239517211914,0.0021878107234376597,pipeline-0169-family,train,1890237002593509411,d12a8f8997634cee977581cbaa5548c04facc1f5,6c58c27282539d3519962692d87bdfaba41ce01b094a18e3956a3473bb14fe20,2f5ce03671f92bfca42dabff69a505058fb52e27086fafbd86a866f5b4af27cf,53fb87bb434a5ae81b1a786f401842342c141d4ccb0a05abc2025c98a98f648a,105.9377912576152,2.0
4,12.244093894958496,0.32073593836457803,True,21.448513366699217,0.3222322506746,35.738241310119626,35.59724044799805,35.57156562805176,35.6226282119751,36.29454574584961,0.32631238293764137,2087.478029776696,100,10.0,433.094193,1092.4100168753346,0.4,0.4374,0.02095805334471692,0.46,0.4999,0.026888473366853703,0.5808486434736521,0.6092849717683079,1.2541568143247492,0.692,0.6789125,0.0032418889169741633,0.0,0.0,89.29919942220052,115.97754144999749,210.276740872198,0.6900917007231774,0.048194423543363694,0.09378086156497381,0.0,data/raw/pipeline-0170-run-001/logs/00000001.BIN,113.94879913330078,1092.3505537667602,70.20580281360776,-9.84649877355417,-3.8864705764831493,10.585754183782704,112.05819163947302,0.0075234430805893645,0.002227745005593533,-0.33865705764831494,-0.940909877355417,2145.1720726082863,2144.8513366699217,2145.0,215.412134,26.251829696515152,217.682059,pipeline-0170-run-001,pipeline-0170,0.4590073519945145,0.004115224605439737,0.22920030108514197,0.323708148348141,0.007243227599719831,0.008340434280056052,12.242594900131225,12.231913566589355,0.0032465003146084563,pipeline-0170-family,train,7707108700164754551,d12a8f8997634cee977581cbaa5548c04facc1f5,6c58c27282539d3519962692d87bdfaba41ce01b094a18e3956a3473bb14fe20,2f5ce03671f92bfca42dabff69a505058fb52e27086fafbd86a866f5b4af27cf,6dfaf6a0b471bd516596785c07323e7f05943c41d6329e9cfc5f178efd3b8dad,113.94213096453667,2.0
4,12.303106307983398,0.26269680478276314,True,19.09275866699219,0.6353002248539223,29.781193523406984,29.702820777893066,29.678947925567627,29.72662878036499,30.13266658782959,0.21861049530899077,1696.1201292653395,100,10.0,466.799039,1217.0237371637334,-0.89,-0.8631,0.018798670165732487,1.06,1.1398000000000001,0.051691005020215994,-1.2808119589934177,0.5901055007155365,1.1746745039763933,0.63,0.61832,0.0024098962633275337,0.0,0.0,92.14540100097656,107.8844095254583,205.02981052643486,0.09282462594269278,0.04456667543869623,0.09727870428827656,0.0,data/raw/pipeline-0171-run-001/logs/00000001.BIN,118.21810150146484,1216.9612504101144,169.24880039863336,-1.0025439641788887,8.684627342034897,8.74230212644997,76.42784647013166,0.013165438745927328,0.0024506979879383856,0.9824427342034898,-0.18656439641788886,1909.5385635040016,1909.2758666992188,1910.0,230.519422,23.485207520493393,236.279617,pipeline-0171-run-001,pipeline-0171,0.38316241711378096,0.002735796010266215,-0.7494604073359834,0.7576938117722342,0.0044666132156271484,0.0030771460672632434,12.302206315994262,12.294855117797852,0.002157872042727525,pipeline-0171-family,test,7701818195367921788,d12a8f8997634cee977581cbaa5548c04facc1f5,6c58c27282539d3519962692d87bdfaba41ce01b094a18e3956a3473bb14fe20,2f5ce03671f92bfca42dabff69a505058fb52e27086fafbd86a866f5b4af27cf,263a40d19c22a633c3878ed41adb969458ed4a8ba1164799536452cf07a860a8,118.22311786982803,2.0
4,12.239437103271484,0.3414235303616806,True,19.635975059320117,0.5652898965887129,36.19763809204102,36.04531478881836,36.01925849914551,36.09635829925537,36.79430503845215,0.3225996215848585,1860.0821984369986,100,10.0,407.546916,1294.1814698454832,-0.57,-0.5387000000000001,0.023649735727910355,-0.3,-0.35479999999999995,0.030609802351534383,0.31068965675529414,0.6120939637528093,1.2486632877302029,0.694,0.6812075,0.0031803213281050486,0.0,0.0,46.42465464274089,133.56796552066,184.9926201634009,0.7355919431487998,0.039920218785396665,0.09429398622200082,0.0,data/raw/pipeline-0172-run-001/logs/00000001.BIN,49.63698196411133,1294.1213367619432,175.42501239631144,-0.25913404570546494,10.322922232171576,10.326174212413127,106.62987386510586,0.011376277940355714,0.0025339643502623405,0.9968122232171577,-0.0797834045705465,1963.9389294623734,1963.5975059320117,1963.0,192.667069,24.01706118238194,214.879847,pipeline-0172-run-001,pipeline-0172,0.4647277045249939,0.004089369926842194,-0.5673770962746489,-0.02604284395187255,0.007563325564551633,0.004340229687847807,12.238025331497193,12.228208541870117,0.0032159327845583813,pipeline-0172-family,train,4307080281702737295,d12a8f8997634cee977581cbaa5548c04facc1f5,6c58c27282539d3519962692d87bdfaba41ce01b094a18e3956a3473bb14fe20,2f5ce03671f92bfca42dabff69a505058fb52e27086fafbd86a866f5b4af27cf,91cf4678ac2d8b8e20fadacaeca088281edf33710ea04985554a243c6e44a286,49.63242979315821,2.0
4,12.234763145446777,0.3410200375039949,True,20.45770538330078,4.273571562443351,36.61352882385254,36.514108657836914,36.513503074645996,36.541802406311035,37.031637573242186,0.24406658749999569,1818.050709814151,100,10.0,417.659536,1269.008073780799,-1.12,-1.0235,0.059319052588523394,4.18,4.2229,0.03806034681922901,-0.785507963470452,0.5579659127579082,1.1378568283223012,0.701,0.6859225000000001,0.0038211900960302657,0.0,0.0,56.099955240885414,117.65862841869065,178.75858365957606,0.765839497241622,0.04215099221054647,0.09089418227595102,0.0,data/raw/pipeline-0173-run-001/logs/00000001.BIN,64.14993286132812,1268.9563867698917,86.79193866845637,-8.960820326442086,-4.782674614461379,10.157277065758862,103.17027739059095,0.147583181064303,0.0024151374160842243,-0.05597746144613786,-0.9984320326442087,2046.1115583675821,2045.7705383300781,2046.0,199.797549,25.019307470639962,217.861987,pipeline-0173-run-001,pipeline-0173,0.47034221470355986,0.002992307835117787,-1.3990149150782292,4.229039372780626,0.0034586033450977995,0.0034984801670267635,12.233851709365844,12.225898742675781,0.0024094477603453118,pipeline-0173-family,validation,8291511365783762445,d12a8f8997634cee977581cbaa5548c04facc1f5,6c58c27282539d3519962692d87bdfaba41ce01b094a18e3956a3473bb14fe20,2f5ce03671f92bfca42dabff69a505058fb52e27086fafbd86a866f5b4af27cf,9096015569a945d9009b1a230f56e87049b74307667f8b9a4721f24264be6b0a,64.15133726855336,2.0
4,12.252758979797363,0.3866374609599461,True,11.753966690063478,0.6296770955552207,34.84894416809082,34.74332809448242,34.718186378479004,34.76927661895752,35.282871627807616,0.269754610794228,1063.4733545250983,100,10.0,263.814432,490.1285548752218,0.71,0.6742999999999999,0.030862760731988945,-0.26,-0.2191,0.023920493305950027,-0.32587122507693334,0.6057733828082499,1.225602252670776,0.68,0.668555,0.0027389733478075345,0.0,0.0,57.393900553385414,47.466072759547714,109.85997331293314,0.6032799961498414,0.0421112866002497,0.0943807040359702,0.0,data/raw/pipeline-0174-run-001/logs/00000001.BIN,66.09085083007812,490.069387599771,350.63973803428013,0.9524178577377793,-9.647702370135779,9.694599568752768,93.98526079846135,0.013815086579588813,0.0022121134178187288,-0.9866802370135778,0.16267178577377792,1175.7833064673077,1175.3966690063478,1176.0,123.32231800000002,14.404670532476299,140.492114,pipeline-0174-run-001,pipeline-0174,0.4470163831114769,0.0033951463498882537,0.7091413882331105,-0.409721337806826,0.0035785549656429795,0.006745863148273737,12.251502523422241,12.242507934570312,0.002695180197032787,pipeline-0174-family,train,5546261828963491785,d12a8f8997634cee977581cbaa5548c04facc1f5,6c58c27282539d3519962692d87bdfaba41ce01b094a18e3956a3473bb14fe20,2f5ce03671f92bfca42dabff69a505058fb52e27086fafbd86a866f5b4af27cf,845f7e5019c52e030cf14e946722b216f4107aa66c0e96d78e6c45fc14011be2,66.08126666383424,2.0
4,12.279943466186523,0.3124965501765473,True,17.742530059814452,1.5052372875586941,32.21101472854614,32.009159088134766,32.00770664215088,32.05689334869385,33.00270919799805,0.4216539814301706,1809.5855701331207,100,10.0,381.802218,853.6861479165306,0.23,0.1382,0.0629663402144352,3.23,3.1502,0.05207648221606378,2.7707616260051933,0.5364230716499643,1.1566596021991171,0.658,0.6430800000000001,0.004987343982522164,0.0,0.0,79.15675354003906,118.08797880941805,202.2447323494571,0.31978403946998035,0.11838843715430337,0.07939306742034541,0.0,data/raw/pipeline-0175-run-001/logs/00000001.BIN,98.7351303100586,853.6374227698004,31.026936344603698,-5.29236905305062,-11.719595624696952,12.859163728645182,165.35809180010386,0.050802505687135485,0.0018184016489097865,-0.8569395624696953,-0.5154169053050619,1774.5655025316219,1774.2530059814453,1775.0,193.31514299999998,21.76524028402482,188.487075,pipeline-0175-run-001,pipeline-0175,0.4139914745092392,0.005364130304401365,0.31174582799612344,3.098462308378117,0.004797180418099742,0.008314942275017636,12.277896642684937,12.265167236328125,0.004232543533037279,pipeline-0175-family,validation,3838386590865410318,d12a8f8997634cee977581cbaa5548c04facc1f5,6c58c27282539d3519962692d87bdfaba41ce01b094a18e3956a3473bb14fe20,2f5ce03671f92bfca42dabff69a505058fb52e27086fafbd86a866f5b4af27cf,bd8f19b97f82a0e85e916d3bb97674875d542b6c716f40eec0f9c5d73073307b,98.73247586991555,2.0
4,12.300195693969727,0.34630942998080627,True,8.756713439941405,0.5605414421186053,30.08733139038086,29.971455574035645,29.97135066986084,30.01896333694458,30.5201696395874,0.25437738662090714,774.5235979525341,100,10.0,232.1571,380.68753701374163,0.71,0.7254999999999999,0.006383572667401858,0.06,-0.009800000000000001,0.049517269714716705,-0.46069467293164373,0.5704766309088191,1.1582755976466936,0.632,0.619715,0.002742950054229937,0.0,0.0,51.28087107340495,36.39218511929406,92.67305619269902,0.12219447708290462,0.03803741769693648,0.09501591955235154,0.0,data/raw/pipeline-0176-run-001/logs/00000001.BIN,56.92130661010742,380.6270274526337,321.36113510217046,5.519024566392996,-7.80082820391,9.555760191181397,91.31255283136713,0.012215763485486857,0.0025030884291136236,-0.7810628203910001,0.6244524566392997,876.0176534241214,875.6713439941406,876.0,106.09754400000001,10.772280067860617,126.059556,pipeline-0176-run-001,pipeline-0176,0.38721479624509814,0.003245469998223882,0.46226537603540463,0.22447952981570551,0.002856776413427724,0.005834130223705529,12.299114446640015,12.29056167602539,0.002542013406810238,pipeline-0176-family,test,2604993696061276551,d12a8f8997634cee977581cbaa5548c04facc1f5,6c58c27282539d3519962692d87bdfaba41ce01b094a18e3956a3473bb14fe20,2f5ce03671f92bfca42dabff69a505058fb52e27086fafbd86a866f5b4af27cf,9168f0ff1f689b9dff904c49383e7d9c2ec5fb3b495bcdcaa01b456f53bc7512,56.919649189765096,2.0
4,12.281462669372559,0.3306890268452207,True,14.23643640136719,0.5755706139094329,31.98225929260254,31.877089500427246,31.852637767791748,31.901614665985107,32.44548034667969,0.2577082700331735,1244.1089335106808,100,10.0,342.587077,1024.315757026567,-0.86,-0.8874,0.01900631474010679,0.16,0.1793,0.017219465729226325,-0.6988173712808794,0.6205355883147629,1.240161522218972,0.65,0.6388225,0.0027020351126512054,0.0,0.0,39.298866271972656,95.74102645925755,140.03989273123022,0.3137877011386084,0.042424076829289364,0.09743785305690768,0.0,data/raw/pipeline-0177-run-001/logs/00000001.BIN,38.948299407958984,1024.2505894926253,61.94797971992044,-7.937713444539744,-4.882211086869904,9.31897418305161,86.84327982438242,0.01327657036721876,0.001856414358020212,-0.4702911086869904,-0.8825113444539744,1423.974329163564,1423.643640136719,1424.0,158.50990400000003,17.47559877802533,184.077173,pipeline-0177-run-001,pipeline-0177,0.4111424621939659,0.003257784751021206,-0.7173251615328575,0.11872691293685385,0.002224278133980988,0.004838924778444307,12.280168161392211,12.271977424621582,0.0025546093864823325,pipeline-0177-family,train,4305717951910540106,d12a8f8997634cee977581cbaa5548c04facc1f5,6c58c27282539d3519962692d87bdfaba41ce01b094a18e3956a3473bb14fe20,2f5ce03671f92bfca42dabff69a505058fb52e27086fafbd86a866f5b4af27cf,20fd14ce4e3204bd742eba81fa1e9322a16ceac4dba3410e533e88d99c3db688,38.94583439107108,2.0
4,12.281518936157227,0.3313164262604005,True,14.821293731689453,0.5091244466634458,31.97082124710083,31.855417251586914,31.83091926574707,31.87955951690674,32.46998329162598,0.26610644338664663,1315.929724486977,100,10.0,353.64182,1086.6276612312217,-0.42,-0.43979999999999997,0.013189389675038049,0.45,0.4815,0.0201680440300987,-0.40750286846799005,0.6213591604106457,1.2450233918752542,0.65,0.6386550000000001,0.0027957065296629426,0.0,0.0,38.769101460774735,104.40810586018854,148.17720732096328,0.3119707382311362,0.03947835143081916,0.09625132235770621,0.0,data/raw/pipeline-0178-run-001/logs/00000001.BIN,38.15365219116211,1086.5628845175042,86.26633537927879,-9.538963720507244,-1.1328636544115984,9.605998590497514,92.27520892064022,0.011898265680345056,0.0017741655222452632,-0.06513636544115983,-0.9978763720507243,1482.4606895952056,1482.1293731689452,1483.0,164.175137,18.190935195164432,189.466683,pipeline-0178-run-001,pipeline-0178,0.4104419490695,0.0033637046088109777,-0.317640208468188,0.37101865619436947,0.004169911728136526,0.004203196462231649,12.280291719436645,12.271904945373535,0.002661462685495774,pipeline-0178-family,train,2480342348533733302,d12a8f8997634cee977581cbaa5548c04facc1f5,6c58c27282539d3519962692d87bdfaba41ce01b094a18e3956a3473bb14fe20,2f5ce03671f92bfca42dabff69a505058fb52e27086fafbd86a866f5b4af27cf,e5058fff1eb04ddf031f0a16f99e289e824d066c1424be6795e195387db5de7b,38.153643289671834,2.0
4,12.26898193359375,0.3407791927920698,True,14.906205479645532,5.589551215909621,33.304703903198245,33.11965751647949,33.09558391571045,33.14896774291992,34.05332870483399,0.4193329249853768,1414.0009602246535,100,10.0,319.004847,816.7915540761328,-6.01,-6.0339,0.028103202664465202,-0.03,-0.0512,0.02232845717912458,2.27321091294303,0.4977638268143875,1.0838262077751493,0.686,0.653275,0.007000669610830102,0.0,0.0,42.1343256632487,105.70905260560667,152.84337826885536,0.40445894431569834,0.06294818068162013,0.08161848250765591,0.0,data/raw/pipeline-0179-run-001/logs/00000001.BIN,43.20148849487305,816.7226432859688,337.3833871008817,9.879627243459591,-9.179746970322855,13.486096133012719,181.8747889088606,0.23134574375664335,0.004886207002220461,-0.9230946970322855,0.38457272434595907,1490.9613271573453,1490.6205479645532,1491.0,154.118328,18.25890266473713,164.886519,pipeline-0179-run-001,pipeline-0179,0.4285864028334618,0.0052144953094417305,-5.955698786695074,0.016716203225771515,-0.001995661883120192,0.0037328050294834804,12.266933059692382,12.254014015197754,0.004185605838375224,pipeline-0179-family,test,8543118473605925347,d12a8f8997634cee977581cbaa5548c04facc1f5,6c58c27282539d3519962692d87bdfaba41ce01b094a18e3956a3473bb14fe20,2f5ce03671f92bfca42dabff69a505058fb52e27086fafbd86a866f5b4af27cf,17efc7fd447e5a71bc9e6528f55494a758682347c934896ecf8c0b83aaaeb200,43.195895436077926,2.0
4,12.262184143066406,0.31639242715937144,True,20.42636102294922,2.9128788936333074,34.08963470458984,33.81960868835449,33.79642581939697,33.91373157501221,35.120360183715825,0.54370117020516,2226.129434635727,100,10.0,390.649511,1068.3408591818868,-0.42,-0.3556,0.05614837486517307,-5.34,-5.3652999999999995,0.017172943836162698,4.519738045620076,0.5592496129421365,1.152262936838117,0.684,0.6603875000000001,0.00844762355636188,0.0,0.0,35.14466349283854,194.943392866111,235.08805635894953,0.48316352229225323,0.11905846023009263,0.06861576435477422,0.0,data/raw/pipeline-0180-run-001/logs/00000001.BIN,32.71699523925781,1068.2566913273658,216.59397785839542,6.316845910787287,13.394219428610665,14.80903968400387,219.30765636240147,0.15368813573033335,0.004371345650081668,0.8028919428610666,0.5961245910787287,2042.9524947220812,2042.6361022949218,2043.0,204.59479600000003,24.9988013024283,186.054715,pipeline-0180-run-001,pipeline-0180,0.43894039511680605,0.006869873007248391,-0.3949800196444115,-5.302527013917033,0.00446194058189576,0.0034447374379780334,12.259079580307008,12.244283676147461,0.005422783673901805,pipeline-0180-family,train,5850343473666651090,d12a8f8997634cee977581cbaa5548c04facc1f5,6c58c27282539d3519962692d87bdfaba41ce01b094a18e3956a3473bb14fe20,2f5ce03671f92bfca42dabff69a505058fb52e27086fafbd86a866f5b4af27cf,e4d3d3653baffb840263c062d54858e8db75c29313555747862732be9436d9ab,32.71826035231988,2.0
4,12.288226127624512,0.32919572592231816,True,12.986461872699834,0.0561815229173966,31.361743564605714,31.179238319396973,31.178344249725342,31.227081775665283,32.08928565979004,0.39956826167648296,1245.7682714164976,100,10.0,296.071524,422.17606843943827,-2.76,-2.6166,0.10534913383602164,0.08,0.0374,0.035060519106253976,2.6162641220799325,0.5338652315733605,1.137427509940618,0.65,0.6344,0.004158124577258362,0.0,0.0,80.82467651367188,57.176485646228386,143.00116215990028,0.2384127885011272,0.1243496243146134,0.08066549522859447,0.0,data/raw/pipeline-0181-run-001/logs/00000001.BIN,101.23701477050781,422.1205255226228,269.59203004013216,12.61634236367571,0.03438203193934666,12.616389212512377,159.1732767615987,0.0034923233131340077,0.003086629322836733,0.007178203193934666,0.9999742363675709,1298.9753829959056,1298.6461872699833,1299.0,150.007473,15.956287480631264,146.064051,pipeline-0181-run-001,pipeline-0181,0.4031001192331314,0.005050119655688159,-2.6985120336413897,0.036163001358557156,0.007953870103810913,0.014767615059371396,12.286365900039673,12.273687362670898,0.003969778939403858,pipeline-0181-family,train,5426807026696322763,d12a8f8997634cee977581cbaa5548c04facc1f5,6c58c27282539d3519962692d87bdfaba41ce01b094a18e3956a3473bb14fe20,2f5ce03671f92bfca42dabff69a505058fb52e27086fafbd86a866f5b4af27cf,833b6cdfbd304a0a919d8b7b312235585a3a001b16f98cb5034188f91b1ce266,101.2405242167517,2.0
4,12.21680736541748,0.42730438840521856,True,12.969454483032228,4.64106110340893,38.561342582702636,38.33120155334473,38.305158615112305,38.38596439361572,39.45760078430176,0.48547188509298916,1353.1013441061277,100,10.0,259.519484,619.3643655670245,1.14,1.2403,0.06240921406330965,5.08,5.1935,0.07732237709744832,2.6403291791791204,0.5243397150434911,1.1398063163872614,0.73,0.7039075,0.00635994840780961,0.0,0.0,37.165959676106766,84.15653099793697,126.32249067404373,0.9384376238606393,0.06941780093981327,0.0827024113907661,0.0,data/raw/pipeline-0182-run-001/logs/00000001.BIN,35.748939514160156,619.2981038390692,73.79727121496218,-10.843034486168557,-7.984107530296783,13.465413841526834,181.31736992358245,0.18176830194973895,0.0038858895553898526,-0.2790607530296783,-0.9602734486168557,1297.372752691628,1296.9454483032227,1297.0,117.03733299999999,15.818961337561385,142.482151,pipeline-0182-run-001,pipeline-0182,0.49401978969573973,0.006041767763178984,0.8725456808179937,5.318585977305374,0.0029449196491623296,0.002790612852088721,12.21434184074402,12.199954986572266,0.004855544800763421,pipeline-0182-family,train,373365134594685515,d12a8f8997634cee977581cbaa5548c04facc1f5,6c58c27282539d3519962692d87bdfaba41ce01b094a18e3956a3473bb14fe20,2f5ce03671f92bfca42dabff69a505058fb52e27086fafbd86a866f5b4af27cf,1e829188c8c1161a7d4d48120794860c2c8764d5ee1c2853fb4d16ea43c8d33a,35.74988932349598,2.0
4,12.285412788391113,0.3159899049667274,True,15.444384765625001,0.4431827385147077,31.580484466552733,31.45973777770996,31.43544340133667,31.484024047851562,32.049835205078125,0.2805680623023524,1425.5067819395651,100,10.0,360.852268,859.2711187815811,-0.37,-0.3953,0.022823452850083834,-0.19,-0.2359,0.028287629805270012,-0.12449883647088539,0.57665002250196,1.185451419360976,0.648,0.6362375,0.002923370272476618,0.0,0.0,72.62937927246094,84.87048422449114,162.49986349695206,0.27245811238767526,0.03957931072091788,0.09558375387779415,0.0,data/raw/pipeline-0183-run-001/logs/00000001.BIN,88.9440689086914,859.2135582243524,344.86508820757246,3.0064171232191716,-9.417185898759612,9.885440514746033,97.72193417058232,0.009864342102974558,0.0020535992651110747,-0.9653085898759611,0.26111171232191716,1544.7544664674667,1544.4384765625,1545.0,175.38315199999997,18.967671400106507,185.469116,pipeline-0183-run-001,pipeline-0183,0.4059577512741089,0.003608549695099319,-0.34232385960733136,-0.04531681218112855,0.002942366237148235,0.0062278513189113725,12.284179668426514,12.27493953704834,0.002788030496212977,pipeline-0183-family,validation,5283644255598247182,d12a8f8997634cee977581cbaa5548c04facc1f5,6c58c27282539d3519962692d87bdfaba41ce01b094a18e3956a3473bb14fe20,2f5ce03671f92bfca42dabff69a505058fb52e27086fafbd86a866f5b4af27cf,03abe0cf9a5ce7387cbe9c53c13410010ef713c21623a13dcc8b52596535d6f4,88.94014557497076,2.0
4,12.219400405883789,0.42079975603360253,True,13.634771667480468,1.681589663206778,38.32008815765381,38.082210540771484,38.05677795410156,38.135475158691406,39.232979202270506,0.5165093549475457,1457.944310030461,100,10.0,267.969436,502.345230977043,-3.49,-3.5585000000000004,0.035815499438092466,-0.9,-0.9953,0.07361324609063238,3.2902584312780228,0.5703661814694317,1.2020411901282755,0.72,0.7022475,0.005524150952861449,0.0,0.0,57.0992685953776,74.86804459336666,136.96731318874427,0.9279313705409723,0.1177860826299352,0.07882529977604434,0.0,data/raw/pipeline-0184-run-001/logs/00000001.BIN,65.6489028930664,502.30512094008606,227.30524830398397,10.908019059688453,7.7764923428904575,13.396220099922234,179.45871296556047,0.05738248327854056,0.0034222647635824234,0.6781192342890457,0.7349519059688452,1363.8979665040804,1363.4771667480468,1363.0,126.48521899999997,16.646011973628987,141.484217,pipeline-0184-run-001,pipeline-0184,0.4902664038538933,0.006485838388105197,-3.400206024534739,-0.8560002702283778,0.006980157534708269,0.008785986545923729,12.216776580810548,12.20167064666748,0.005169162952054464,pipeline-0184-family,train,2829909595385196718,d12a8f8997634cee977581cbaa5548c04facc1f5,6c58c27282539d3519962692d87bdfaba41ce01b094a18e3956a3473bb14fe20,2f5ce03671f92bfca42dabff69a505058fb52e27086fafbd86a866f5b4af27cf,6c3d08a1390a6c231a9d3ecec24de3962950b845adad8c8c7df5328f5369ea76,65.64118911249037,2.0
4,12.232645034790039,0.3279048850381514,True,23.431592346191405,1.2340311492450764,36.891791610717775,36.74937438964844,36.74259376525879,36.80119323730469,37.39985809326172,0.3088631450752777,2236.515568446087,100,10.0,464.294208,1364.006438539406,0.59,0.6455,0.0325384388070479,-1.11,-1.0677,0.029928414592156425,0.18390394963914108,0.5973180596819815,1.2232374439411626,0.702,0.689365,0.003073560638738067,0.0,0.0,74.2890879313151,138.95610144210667,218.24518937342177,0.8056629015228886,0.04023943779094956,0.09311602463980583,0.0,data/raw/pipeline-0185-run-001/logs/00000001.BIN,91.43363189697266,1363.9481389617124,67.32120379282286,-9.872248410189167,-2.788089643519429,10.258398146532569,105.23473253278284,0.02903872927544003,0.002292703182078911,-0.38557896435194294,-0.9226748410189166,2343.4871395041787,2343.1592346191405,2344.0,227.43732200000002,28.650550771146307,236.856886,pipeline-0185-run-001,pipeline-0185,0.47353856354951857,0.003947818868189582,0.2871224527636347,-1.2349859306865039,0.005706661128497217,0.005469787827730693,12.23106167793274,12.221141815185547,0.0030913850683942003,pipeline-0185-family,train,7363724771673142344,d12a8f8997634cee977581cbaa5548c04facc1f5,6c58c27282539d3519962692d87bdfaba41ce01b094a18e3956a3473bb14fe20,2f5ce03671f92bfca42dabff69a505058fb52e27086fafbd86a866f5b4af27cf,319e370e6c28259be1efde4ebd3d989d6099086670e08861941576ef6444af31,91.4257041645902,2.0
4,12.24017333984375,0.2894653393336739,True,25.842245788574218,0.14227657174495512,36.24561038970947,35.987464904785156,35.9846305847168,36.08062744140625,37.34195747375488,0.5506013512053636,2851.3523861346416,100,10.0,462.474103,1258.7346668159632,-4.3,-4.3656,0.04327401067615531,0.46,0.44480000000000003,0.014931845163944087,4.385894182163143,0.44041547635254275,0.9508365505628686,0.701,0.6822675000000001,0.005390820322548287,0.0,0.0,53.993794759114586,224.20928775812777,283.20308251724236,0.7137535164394928,0.17743839217036983,0.06899634142818015,0.0,data/raw/pipeline-0186-run-001/logs/00000001.BIN,60.990692138671875,1258.6834372755714,273.9609020091879,14.341729311232733,-1.1353388950400334,14.386597722994233,206.97419404326286,0.0034606201634099333,0.0022879888795412206,-0.06905388950400333,0.9976129311232734,2584.5140441967555,2584.224578857422,2584.0,246.812069,31.581569772019463,215.662034,pipeline-0186-run-001,pipeline-0186,0.46484022557735444,0.006964962261689627,-4.316151936470632,0.3933838008819385,0.004013501112422091,0.0031945304543653566,12.237547664642333,12.221747398376465,0.005508910959912933,pipeline-0186-family,test,1640918258389419251,d12a8f8997634cee977581cbaa5548c04facc1f5,6c58c27282539d3519962692d87bdfaba41ce01b094a18e3956a3473bb14fe20,2f5ce03671f92bfca42dabff69a505058fb52e27086fafbd86a866f5b4af27cf,d12c68386dc8d6901bf61ec1f771dda27cf92ae7203529152763f0ce2cbfaee8,60.99506160433589,2.0
4,12.26763916015625,0.31073040008232056,True,18.470870849609376,1.2482780529737636,33.44596969604492,33.25425148010254,33.22935104370117,33.30357074737549,34.169318771362306,0.41530533854942187,1868.5309246649826,100,10.0,388.04472,926.3650596070547,-2.17,-2.1278,0.036512463625452636,-1.57,-1.5319,0.022569669913403718,2.3056565989895437,0.5788261280511905,1.217863347101229,0.671,0.6554224999999999,0.004454098533934789,0.0,0.0,75.72613525390625,120.39559600178492,201.12173125569117,0.4481369870720948,0.10413896208843147,0.08415960984032644,0.0,data/raw/pipeline-0187-run-001/logs/00000001.BIN,93.58920288085938,926.3122258130155,205.81875417485443,6.482804205555883,10.53378526751983,12.368806831290998,152.98738242979087,0.034948587542749585,0.0024885930325251435,0.900188526751983,0.43550042055558835,1847.3978153610199,1847.0870849609375,1847.0,194.35556,22.63707683748489,193.68916,pipeline-0187-run-001,pipeline-0187,0.4290903371572494,0.005211512809276111,-2.0369950055305686,-1.5562861590070216,0.007420461802394129,0.008038976566225799,12.265515451431275,12.253053665161133,0.004143921700235076,pipeline-0187-family,test,253435952571700020,d12a8f8997634cee977581cbaa5548c04facc1f5,6c58c27282539d3519962692d87bdfaba41ce01b094a18e3956a3473bb14fe20,2f5ce03671f92bfca42dabff69a505058fb52e27086fafbd86a866f5b4af27cf,0a3c2e5128d36c38ce16626406c8f022d0e6b6ed56845e856a3f35205cad1c53,93.59059154903701,2.0
4,12.26513671875,0.3492999234729268,True,15.08733612060547,0.13739946295671812,33.54025417327881,33.49725532531738,33.47195243835449,33.521965980529785,33.77847747802734,0.19983006029846814,1286.9033872421674,100,10.0,350.979552,810.0648845883801,1.33,1.3318,0.00983666610188636,1.76,1.6907999999999999,0.04457981606063445,-2.147933254917202,0.5992733748850626,1.2101813472312148,0.666,0.65595,0.0020838665984174724,0.0,0.0,66.44476826985678,66.6833499649403,138.12811823479709,0.4745190463980394,0.06496841824554052,0.09964239407324763,0.0,data/raw/pipeline-0188-run-001/logs/00000001.BIN,79.66715240478516,810.0055354963711,214.56822034338506,4.341820797546204,6.543884392595212,7.853268795963625,61.67383078165596,0.004227754677702611,0.0026553049969080906,0.8234684392595212,0.5673620797546205,1509.0829119840198,1508.7336120605469,1509.0,164.29259000000002,18.509893128140668,186.686962,pipeline-0188-run-001,pipeline-0188,0.42978475749492645,0.0025469377233123835,1.3055647917619817,1.774650764072541,0.002712444238277385,0.007178292294321398,12.26457507133484,12.257553100585938,0.0020286117748975975,pipeline-0188-family,train,5958215757178076502,d12a8f8997634cee977581cbaa5548c04facc1f5,6c58c27282539d3519962692d87bdfaba41ce01b094a18e3956a3473bb14fe20,2f5ce03671f92bfca42dabff69a505058fb52e27086fafbd86a866f5b4af27cf,593103354fd8252de7675089bd7cd992c4d76c965b3a46588fb752f0092d8b86,79.66396927833138,2.0
4,12.25131893157959,0.3126374660291731,True,24.005534423828127,1.490988553816518,34.93460906982422,34.87037658691406,34.84452152252197,34.89520835876465,35.277356719970705,0.21152739982317634,2104.4029959639465,100,10.0,508.49652,1400.7501887295998,-1.88,-1.7866,0.05627112936488838,1.42,1.4554,0.028475252413279875,-1.7570093489757328,0.594927050267413,1.1986029392666049,0.68,0.67113,0.0023670868171657773,0.0,0.0,92.71632893880208,119.14170918403096,216.85803812283302,0.6125212613829374,0.05717810334733035,0.09627604865251721,0.0,data/raw/pipeline-0189-run-001/logs/00000001.BIN,119.07449340820312,1400.6868416543844,88.8503102878683,-8.21138295681353,-1.656240223227789,8.376750070312792,70.16994174048536,0.04028904871561259,0.0017588751615625997,-0.020084022322778894,-0.999798295681353,2400.8660798488418,2400.5534423828126,2401.0,249.41186199999999,29.412508243876548,259.084658,pipeline-0189-run-001,pipeline-0189,0.4475621998310089,0.002628693270647363,-1.9938934831693722,1.3126892914537907,0.0035789365373193505,0.0055194990017620035,12.25067569732666,12.243508338928223,0.0020782423723058495,pipeline-0189-family,train,4285935838136017496,d12a8f8997634cee977581cbaa5548c04facc1f5,6c58c27282539d3519962692d87bdfaba41ce01b094a18e3956a3473bb14fe20,2f5ce03671f92bfca42dabff69a505058fb52e27086fafbd86a866f5b4af27cf,232d40303cc71849e98177524b7bff146ae44e6f7daaa456ba6e9fdc2b0472d5,119.06736776778362,2.0
4,12.27357292175293,0.3707813540117968,True,10.14990510559082,1.283637697097891,32.760694885253905,32.66301727294922,32.63834762573242,32.687734603881836,33.230403137207034,0.25217443977170295,896.8300398205484,100,10.0,246.839558,466.22034339883913,-1.28,-1.3052000000000001,0.02312920232087568,0.5,0.5406,0.03078376195334156,-0.5899742897696671,0.5744206844825427,1.1638779638307954,0.658,0.6472249999999999,0.0027045101219999182,0.0,0.0,49.525970458984375,44.024690772783686,98.55066123176806,0.39220870750916104,0.04177277050035569,0.09442349127231399,0.0,data/raw/pipeline-0190-run-001/logs/00000001.BIN,54.28895568847656,466.16000882727127,47.18523248819644,-6.030065839667179,-7.337207614200761,9.497173769317198,90.19630960460664,0.031035585249865286,0.0020405163705095658,-0.6796607614200761,-0.7335265839667179,1015.3612919130939,1014.990510559082,1016.0,112.962297,12.459214578129444,133.877261,pipeline-0190-run-001,pipeline-0190,0.4213089072704315,0.003232111687182419,-1.149308021350823,0.41700695110540564,0.00507576984964544,0.003846829297838297,12.272380723953248,12.264067649841309,0.0025285826749040963,pipeline-0190-family,train,5800366477479925555,d12a8f8997634cee977581cbaa5548c04facc1f5,6c58c27282539d3519962692d87bdfaba41ce01b094a18e3956a3473bb14fe20,2f5ce03671f92bfca42dabff69a505058fb52e27086fafbd86a866f5b4af27cf,74747afcc48b9ed4c06ac759f4482ba3115fe01b512509202e665f70ec6b67da,54.28669138629559,2.0
4,12.237045288085938,0.34049355060869857,True,20.83108709716797,2.9750678844141465,36.450697593688965,36.27785301208496,36.27751159667969,36.32929706573486,37.10073013305664,0.3632767729786396,2054.2996990668967,100,10.0,418.666633,1242.4678644378782,-1.54,-1.5245,0.0071239034243875095,2.66,2.7314999999999996,0.04885437544376137,0.9665213826540684,0.5383606913866628,1.1466518437152218,0.699,0.6844325000000001,0.004267369652373662,0.0,0.0,60.34955851236979,137.54035594351356,202.88991445588334,0.7518474102541759,0.05073829295133285,0.09101356112311132,0.0,data/raw/pipeline-0191-run-001/logs/00000001.BIN,70.52433776855469,1242.4074639678545,42.83658461438981,-5.27448333979747,-10.064563857976177,11.362905445047115,129.11562015308138,0.09134848126685563,0.0023025035196275368,-0.7333063857976178,-0.679898333979747,2083.4492032674057,2083.108709716797,2083.0,201.409404,25.467229793222078,217.257229,pipeline-0191-run-001,pipeline-0191,0.46820337772369386,0.004520076682778307,-1.7012271020476846,2.4851653328088026,0.003219103327992343,0.004804969678673347,12.235481796264649,12.224411010742188,0.0036138721820331765,pipeline-0191-family,validation,2161574344636662738,d12a8f8997634cee977581cbaa5548c04facc1f5,6c58c27282539d3519962692d87bdfaba41ce01b094a18e3956a3473bb14fe20,2f5ce03671f92bfca42dabff69a505058fb52e27086fafbd86a866f5b4af27cf,6812e8565fb59154aa1274b5368e4c6dc6ccd8de84e21566febfc0c9a2845fa0,70.52377522358552,2.0
4,12.24443531036377,0.35098586497610995,True,18.05745544433594,3.7495170367576582,35.57452308654785,35.546133041381836,35.53867244720459,35.56775951385498,35.71298751831055,0.1869239978331976,1517.806555207156,100,10.0,398.001569,974.732683593401,-1.28,-1.3174000000000001,0.023816800792717755,4.39,4.3159,0.04913440749617315,-2.510708577486458,0.6027362785183206,1.213590918332038,0.688,0.6765574999999999,0.0037784512369488125,0.0,0.0,70.6841074625651,77.91186866485509,153.5959761274202,0.6669786209232644,0.050469276225330525,0.09985549225018657,0.0,data/raw/pipeline-0192-run-001/logs/00000001.BIN,86.02616119384766,974.6789731520605,219.2193232287447,7.640253583092214,3.4314558435622375,8.37546201831701,70.14836402027086,0.13575762338517547,0.0023070414648059985,0.7747355843562238,0.6322853583092214,1806.0965302985699,1805.7455444335938,1807.0,184.91433800000001,22.11546072422328,213.087231,pipeline-0192-run-001,pipeline-0192,0.4557527735829353,0.0022711418248100314,-1.1800663449227653,4.493701829633128,0.001083418729067489,0.006782301986688942,12.244269609451294,12.237361907958984,0.0018572248510443166,pipeline-0192-family,train,4755616199657991109,d12a8f8997634cee977581cbaa5548c04facc1f5,6c58c27282539d3519962692d87bdfaba41ce01b094a18e3956a3473bb14fe20,2f5ce03671f92bfca42dabff69a505058fb52e27086fafbd86a866f5b4af27cf,8bb4480410bd28a6879307c4d5dd8097067e91fec6dbf55b1b08f36cb25b172a,86.02665669893271,2.0
4,12.257502555847168,0.3619647364891989,True,13.827683105468752,4.812037206616783,34.44018955230713,34.24712944030762,34.24499797821045,34.29626655578613,35.15760345458985,0.39471845216564894,1348.540925821819,100,10.0,298.482226,655.933415539588,4.75,4.7468,0.007467261881037724,1.74,1.7301,0.011873921003611244,1.5393681080676416,0.5735961438555978,1.2178913391027908,0.693,0.66488,0.0059309021236233555,0.0,0.0,58.433980305989586,77.52770997696447,140.96169028295407,0.5324361759033542,0.05855680508187411,0.08903367445448665,0.0,data/raw/pipeline-0193-run-001/logs/00000001.BIN,67.65097045898438,655.8638192184001,357.7154718543561,-4.347889588791846,-11.72214035639517,12.502508484754282,156.31271841135282,0.17942023026731893,0.0030501085716628127,-0.9992040356395171,0.03989104112081546,1383.1302752833644,1382.7683105468752,1383.0,140.99274700000004,16.93053229036334,157.489479,pipeline-0193-run-001,pipeline-0193,0.4423134359717369,0.004933042098214876,4.724922897067272,1.6934043377416501,0.001483945699983451,0.006379918491833363,12.255611095428467,12.243228912353516,0.003939809356925391,pipeline-0193-family,train,764606474177846269,d12a8f8997634cee977581cbaa5548c04facc1f5,6c58c27282539d3519962692d87bdfaba41ce01b094a18e3956a3473bb14fe20,2f5ce03671f92bfca42dabff69a505058fb52e27086fafbd86a866f5b4af27cf,884d4a71c1145bf1e8dd290a3ef0acd91a3eba85bf3507febc425a1934bd97b4,67.64891137968438,2.0
4,12.214570999145508,0.43482793967928046,True,12.059787826538086,1.1644804873881975,38.71410423278809,38.54703903198242,38.52048587799072,38.59986686706543,39.35148544311524,0.38242462043815845,1155.2443427187245,100,10.0,245.529249,417.77881793877816,0.76,0.8828,0.07586936140498349,-1.44,-1.4304,0.019642810389554767,1.2121737476501238,0.5527848545482539,1.1641296205523315,0.72,0.7058225,0.0037048608273456134,0.0,0.0,54.884806315104164,47.540632454705566,107.42543876980973,0.9843264868948502,0.05720532304089604,0.09115830872016707,0.0,data/raw/pipeline-0194-run-001/logs/00000001.BIN,62.32720947265625,417.7202648953271,104.47188412831622,-10.565674068569916,3.9287894356597564,11.272482200163479,127.06885495300246,0.02862647601666118,0.00297636180847848,0.24983894356597564,-0.9682874068569917,1206.4136105934879,1205.9787826538086,1206.0,113.64702299999999,14.731511137808717,131.882226,pipeline-0194-run-001,pipeline-0194,0.4959056967496872,0.004795988632216656,0.41936612724801364,-1.3657121438347652,0.009397324498859234,0.008006262096360342,12.212859411239624,12.200654983520508,0.003809497911177512,pipeline-0194-family,train,8557158977927408021,d12a8f8997634cee977581cbaa5548c04facc1f5,6c58c27282539d3519962692d87bdfaba41ce01b094a18e3956a3473bb14fe20,2f5ce03671f92bfca42dabff69a505058fb52e27086fafbd86a866f5b4af27cf,2fd845993632c4004bf3f3cffb7220ca585ad22a48d9f4ed6462729426e2a48b,62.32004570588848,2.0
4,12.23702621459961,0.3186199482461234,True,23.2972216796875,0.2759369886124352,36.49604084014893,36.2930908203125,36.26745414733887,36.344369888305664,37.30977554321289,0.4392551655868541,2442.2762629652434,100,10.0,446.759558,1137.6851339713076,-1.67,-1.7372999999999998,0.04317070766156148,1.52,1.5595,0.020512191496766034,2.3182127422468155,0.49097195047919845,1.079300281512245,0.702,0.6862375000000001,0.004277393335899761,0.0,0.0,87.80655415852864,148.1016195577466,240.90817371627526,0.7573018114477288,0.09683139407338319,0.08381940564235064,0.0,data/raw/pipeline-0195-run-001/logs/00000001.BIN,111.70983123779297,1137.6338130590666,318.7018770587437,8.337192201240127,-9.072250690127401,12.321302949969873,151.8145063849363,0.007134325426507032,0.0023454573110847474,-0.7512750690127401,0.6599892201240127,2330.040787916996,2329.72216796875,2330.0,225.072435,28.48058883233505,221.687123,pipeline-0195-run-001,pipeline-0195,0.46720631152391434,0.005535958188196723,-1.606146906934072,1.4106278422246572,0.0022932402542210186,0.008084653146850793,12.235024614334106,12.221397399902344,0.004390196922881324,pipeline-0195-family,train,4839823273150397770,d12a8f8997634cee977581cbaa5548c04facc1f5,6c58c27282539d3519962692d87bdfaba41ce01b094a18e3956a3473bb14fe20,2f5ce03671f92bfca42dabff69a505058fb52e27086fafbd86a866f5b4af27cf,9e90dc3361f8436b049c139aeb0aa34b82d5bcb15a2d91ccfe5109c7b09ff92a,111.69881898685321,2.0
4,12.270182609558105,0.3256063804119549,True,16.3060048828125,0.8900500914917391,33.10512973785401,33.002288818359375,32.97753143310547,33.027034759521484,33.52736396789551,0.2661216582636974,1506.7269668029965,100,10.0,364.226751,841.615900403765,0.29,0.32159999999999994,0.022032702966272667,0.85,0.8809,0.02324198786678973,-0.2953340560036157,0.5506059140535406,1.1293921365135071,0.663,0.652035,0.002771962301330957,0.0,0.0,77.10092163085938,81.74731347478574,163.84823510564513,0.4270609951246762,0.039851635407582416,0.09354577111561388,0.0,data/raw/pipeline-0196-run-001/logs/00000001.BIN,95.65138244628906,841.5516499125797,128.41443849151747,-8.157133138311712,5.332345563988197,9.745395335743321,94.97273024992768,0.02101563461318848,0.0021431825624366363,0.6213245563988197,-0.7835533138311712,1630.9260946616619,1630.60048828125,1631.0,177.94212799999997,20.004967179711294,186.284623,pipeline-0196-run-001,pipeline-0196,0.4246757385134697,0.0034128024321085576,0.22295797302324627,0.768959604730136,0.007831560874255955,0.004862140487269527,12.268949604034423,12.260045051574707,0.0026760592068680983,pipeline-0196-family,validation,623143563271207071,d12a8f8997634cee977581cbaa5548c04facc1f5,6c58c27282539d3519962692d87bdfaba41ce01b094a18e3956a3473bb14fe20,2f5ce03671f92bfca42dabff69a505058fb52e27086fafbd86a866f5b4af27cf,cf1b3c6cfd0c9d251c247a92c4f2670e4a7b143fd82a57a9c60a90da76d2570f,95.65326796952472,2.0
4,12.30614185333252,0.2995123485352451,True,13.78396923828125,3.2754145619962305,29.512873458862305,29.37611484527588,29.375092029571533,29.421878337860107,29.988875007629396,0.28560745332361653,1275.075813385521,100,10.0,339.549126,701.5646988843201,2.11,2.0029999999999997,0.06957729514719584,-2.55,-2.5951999999999997,0.026171740484728947,0.13686302299393338,0.5918192999196303,1.209466938711468,0.635,0.6149475,0.004486618297782867,0.0,0.0,79.40462239583334,71.12997624588182,155.53459864171515,0.05439690118038078,0.04759445201761951,0.0953392584963635,0.0,data/raw/pipeline-0197-run-001/logs/00000001.BIN,99.10693359375,701.4978513366309,54.733064552668544,-10.167542373672847,-3.1789014736927315,10.65290253873932,113.48433249987866,0.10160865965529302,0.0028782534027828738,-0.5774101473692731,-0.8164542373672846,1378.6964361766602,1378.396923828125,1378.0,166.269299,16.954121631740716,173.279827,pipeline-0197-run-001,pipeline-0197,0.38012962162494657,0.0036192939847938125,2.179899165195489,-2.1146735815211715,0.005342216586577706,0.007760555556165839,12.304857635498047,12.295510292053223,0.0028468432310974874,pipeline-0197-family,train,370146617269291298,d12a8f8997634cee977581cbaa5548c04facc1f5,6c58c27282539d3519962692d87bdfaba41ce01b094a18e3956a3473bb14fe20,2f5ce03671f92bfca42dabff69a505058fb52e27086fafbd86a866f5b4af27cf,598c87d9f326998dc4388c00fff94d0df517e57e8d41790caa158fcb672f715b,99.10855401242006,2.0
4,12.310178756713867,0.2981981999034815,True,12.986196533203124,3.189064381055027,29.205632095336913,28.987013816833496,28.98356866836548,29.041933059692383,30.07078971862793,0.43859085009118637,1233.0812062561974,100,10.0,307.991754,743.9237452279285,3.83,3.5964,0.17120467283342475,-2.67,-2.6793,0.006364746656387845,3.153190419794865,0.557773388899259,1.1833739357352286,0.637,0.61004,0.007632391499392579,0.0,0.0,38.34178161621094,108.65261206893972,151.99439368515067,0.0035416018458522126,0.10428264214676071,0.07600667772380146,0.0,data/raw/pipeline-0198-run-001/logs/00000001.BIN,37.512672424316406,743.8497176826196,81.362964349839,-13.482965822637265,1.177362506406894,13.534273155433848,183.17654984589728,0.14016951058921945,0.0023507135409293893,-0.1501937493593106,-0.9886565822637264,1298.917851520216,1298.6196533203124,1299.0,152.70722600000002,15.96270695542791,155.284528,pipeline-0198-run-001,pipeline-0198,0.3765688472986221,0.00559462208897016,3.7663658971738196,-2.3431160401968785,0.0035064973778207785,0.0027742017936665366,12.307929458618164,12.295589447021484,0.004381223271328323,pipeline-0198-family,train,1208820240711127766,d12a8f8997634cee977581cbaa5548c04facc1f5,6c58c27282539d3519962692d87bdfaba41ce01b094a18e3956a3473bb14fe20,2f5ce03671f92bfca42dabff69a505058fb52e27086fafbd86a866f5b4af27cf,3ecc15ef2ef64aac01282396dec8b85fa94165d87ec766af618da96e803cb735,37.51608256424129,2.0
4,12.242734909057617,0.3884648073599237,True,13.640867767333985,2.4912367163655427,35.8723469543457,35.73663520812988,35.71157169342041,35.787245750427246,36.385718536376956,0.3030609614329874,1269.1676475242302,100,10.0,289.654092,549.4157769315912,-1.63,-1.5685,0.03845451859014753,-1.94,-1.9419,0.007706490770772395,0.1578210474943993,0.623287732440366,1.2542346761296999,0.693,0.6790575,0.003532590232393212,0.0,0.0,66.54582722981772,55.82257542591441,127.36840265573213,0.6993954854460417,0.03997873222675446,0.09412410023096461,0.0,data/raw/pipeline-0199-run-001/logs/00000001.BIN,79.81874084472656,549.3544953045737,132.5558445966666,-5.798000742150254,8.70464107266423,10.458852174588184,109.38758880988799,0.0702925717413227,0.002958049920326468,0.676274107266423,-0.7366500742150255,1364.4752415407584,1364.0867767333984,1364.0,138.367131,16.701150146218627,151.286961,pipeline-0199-run-001,pipeline-0199,0.4592950266599655,0.0037960567493515555,-1.769315605981069,-1.7617609812898127,0.007169738962111296,0.007430428434475089,12.241293201446533,12.231206893920898,0.003025173782681272,pipeline-0199-family,train,1504879257478597174,d12a8f8997634cee977581cbaa5548c04facc1f5,6c58c27282539d3519962692d87bdfaba41ce01b094a18e3956a3473bb14fe20,2f5ce03671f92bfca42dabff69a505058fb52e27086fafbd86a866f5b4af27cf,8639ede03f02b6c55e103bfe7d52bfce8f91a7d94a49b49849a49a1be0f64137,79.8141786652977,2.0
4,12.217041969299316,0.37726367868685884,True,20.326932495117187,4.861546589907008,38.38107627868652,38.285261154174805,38.282480239868164,38.31439971923828,38.79880638122559,0.23237719239055107,1766.919905612985,100,10.0,404.789686,1348.5987111977015,-2.15,-2.2721999999999998,0.09276400163856666,-4.45,-4.3954,0.02447120757134805,-0.9207598786673645,0.5250658722249932,1.0927351611745062,0.719,0.7020875,0.003926810887985311,0.0,0.0,37.240956624348954,123.48945734371992,165.7304139680689,0.9355964922190725,0.040993113237118343,0.08963136811473145,0.0,data/raw/pipeline-0200-run-001/logs/00000001.BIN,35.86143493652344,1348.5581152544514,308.06230387139453,10.145719146408922,-1.7696382197624771,10.298894912885203,106.06723642665271,0.17775907321763276,0.0032147048080508832,-0.6165038219762478,0.7873519146408923,2033.0705131904056,2032.6932495117187,2033.0,188.73031100000003,24.820421932398812,216.059375,pipeline-0200-run-001,pipeline-0200,0.49178741276264193,0.002732530967948756,-1.9714685133530279,-4.8980400468966705,3.404246868740301e-05,0.005460382321262599,12.216194849014283,12.208499908447266,0.0023007641226856215,pipeline-0200-family,train,4948609812845985737,d12a8f8997634cee977581cbaa5548c04facc1f5,6c58c27282539d3519962692d87bdfaba41ce01b094a18e3956a3473bb14fe20,2f5ce03671f92bfca42dabff69a505058fb52e27086fafbd86a866f5b4af27cf,34f9383135b9484b983958e5d989e2f1802bc691d8c4898862cfd347b8d7b7c1,35.858466923858884,2.0
4,12.28487491607666,0.3704915682154706,True,8.458184631347658,1.1253568227949544,31.656451416015624,31.513885498046875,31.51365613937378,31.56221342086792,32.17803840637207,0.3047817705999993,770.5681739849961,100,10.0,214.206783,259.3694989765387,1.22,1.2501,0.03584675717551034,-0.08,0.0054,0.0564875207457364,0.5443814759787895,0.555020851603164,1.1374884192841321,0.649,0.6361950000000001,0.0032422176052819187,0.0,0.0,55.199503580729164,27.43019912633236,87.62970270706153,0.2778119586772989,0.05643298061902675,0.0933785340507773,0.0,data/raw/pipeline-0201-run-001/logs/00000001.BIN,62.79925537109375,259.30908549974004,153.94420018105473,-5.6436075610470136,8.977755977217734,10.604263703321216,112.4504086895758,0.027196896220157477,0.003442270154251371,0.8983155977217734,-0.43935075610470137,846.1889547029812,845.8184631347657,846.0,98.12240200000001,10.393705938205935,116.084381,pipeline-0201-run-001,pipeline-0201,0.40695872992277143,0.0038430885041666725,1.130543180880515,-0.18422842011584903,0.00763739937581704,0.008506911060683107,12.283438014984132,12.273273468017578,0.003050292233874829,pipeline-0201-family,train,5671405348456215558,d12a8f8997634cee977581cbaa5548c04facc1f5,6c58c27282539d3519962692d87bdfaba41ce01b094a18e3956a3473bb14fe20,2f5ce03671f92bfca42dabff69a505058fb52e27086fafbd86a866f5b4af27cf,0f7d67e22e0442fbdefce14a2be68f6da0f182b08e76e982338666fa96e1f0e0,62.80188808069198,2.0
4,12.247654914855957,0.3807600111508691,True,14.069986724853516,0.10275928175139334,35.39426010131836,35.23173904418945,35.206199645996094,35.30793380737305,35.99749755859375,0.3346733418558731,1315.5062595827346,100,10.0,309.824354,890.0334477956789,0.28,0.2703,0.011615076409563574,0.32,0.3751,0.03167001736658823,0.4507800239739309,0.6045246705042464,1.2422411685801553,0.686,0.6728575000000001,0.0033063868119141806,0.0,0.0,35.59716033935547,93.20483243973487,133.80199277909034,0.654638629677647,0.04477198299520735,0.09414750185955137,0.0,data/raw/pipeline-0202-run-001/logs/00000001.BIN,33.3957405090332,889.9731415941231,22.93636645581992,-4.1671944399033265,-9.584563270150467,10.45128521185211,109.22936257947859,0.0022179811639147524,0.002124778194517825,-0.9209463270150468,-0.3896894439903327,1407.3794324965024,1406.9986724853516,1408.0,141.34260700000002,17.22095155963306,168.481747,pipeline-0202-run-001,pipeline-0202,0.4542095535993576,0.004143727185874854,0.24982573789715007,0.1294027188390053,0.0028152351085736884,0.005192480070554019,12.246020259857177,12.23583698272705,0.0033288117048313145,pipeline-0202-family,train,6413255215050971204,d12a8f8997634cee977581cbaa5548c04facc1f5,6c58c27282539d3519962692d87bdfaba41ce01b094a18e3956a3473bb14fe20,2f5ce03671f92bfca42dabff69a505058fb52e27086fafbd86a866f5b4af27cf,d34e709c95e56d0c277909766d2b740330433ef37fbc04425cc06ab2dad8e913,33.388803829445436,2.0
4,12.309345245361328,0.31285869207840733,True,11.234246704101563,0.27447651384706384,29.154023094177248,29.065885543823242,29.065667629241943,29.089313507080078,29.47894973754883,0.261802030711727,1046.1889382823506,100,10.0,285.186713,325.5149823200104,-0.17,-0.1728,0.012496399481450647,-0.33,-0.447,0.07168681887209113,-0.39285045926708884,0.5633864271962375,1.1541863397758634,0.625,0.6117125,0.0028168854698052623,0.0,0.0,92.86455790201823,31.321049369064617,129.18560727108286,0.030020929620694525,0.039134801372699625,0.09707570494894623,0.0,data/raw/pipeline-0203-run-001/logs/00000001.BIN,119.29683685302734,325.45230633453946,346.19736118420104,2.5591246894217154,-9.264099550342195,9.611069641546576,92.37265965465824,0.0062603527996035226,0.002154376720999905,-0.9711099550342194,0.23863246894217155,1123.7375291022347,1123.4246704101563,1123.0,142.107301,13.834149183272489,143.079412,pipeline-0203-run-001,pipeline-0203,0.37539300113916396,0.0033680657976252427,-0.19541344746283787,-0.005803522005168394,0.007526503054741625,0.01879546713191308,12.308443222045899,12.298946380615234,0.0026122015705434477,pipeline-0203-family,train,2949871659689111007,d12a8f8997634cee977581cbaa5548c04facc1f5,6c58c27282539d3519962692d87bdfaba41ce01b094a18e3956a3473bb14fe20,2f5ce03671f92bfca42dabff69a505058fb52e27086fafbd86a866f5b4af27cf,ed4b61efca018d7c4ed035357b0c99bfb1a836f1765b8261a8153d339a6a5435,119.29816101234064,2.0
4,12.26322078704834,0.32082141296586997,True,19.002503026536676,1.826375310917332,33.68557647705078,33.68454170227051,33.659366607666016,33.69206142425537,33.77241973876953,0.17378486515597522,1549.4497365921854,100,10.0,450.922059,1253.8878379606747,2.88,2.9041,0.01897867224017534,1.8,1.7019,0.059071058903662814,-2.827474782146009,0.6059016841716972,1.206324369667529,0.665,0.6572375000000001,0.002748834980496285,0.0,0.0,62.840555826822914,97.75016979225758,165.5907256190805,0.48774900704694385,0.07116827855292926,0.1014652741886581,0.0,data/raw/pipeline-0204-run-001/logs/00000001.BIN,74.26083374023438,1253.8295466918923,206.76986716460087,1.5997341432756023,7.226452480153599,7.401402892498139,54.780764777079824,0.0583913695097569,0.0026829158923970136,0.89283524801536,0.45038341432756024,1900.5711240666333,1900.2503026536674,1900.0,204.840531,23.306809704407154,246.081528,pipeline-0204-run-001,pipeline-0204,0.4314824768900871,0.0022136062613068623,2.787794387690067,1.844741100185895,0.001560021977056749,0.008516416139610225,12.263157596588135,12.257293701171875,0.0017690681119220686,pipeline-0204-family,test,4147385934457899231,d12a8f8997634cee977581cbaa5548c04facc1f5,6c58c27282539d3519962692d87bdfaba41ce01b094a18e3956a3473bb14fe20,2f5ce03671f92bfca42dabff69a505058fb52e27086fafbd86a866f5b4af27cf,4b72a83331f3973064f997b46765e30c46d47471bae1af8c775ae1ab6875e51c,74.25692476812952,2.0
4,12.271573066711426,0.2894498639516314,True,20.62128048706055,2.5049589404366057,33.07699867248535,32.85126304626465,32.84963130950928,32.90011787414551,33.96327171325684,0.4615795643211276,2217.7938842718067,100,10.0,427.892108,1337.5939855902056,0.44,0.38520000000000004,0.032633724886993815,-3.97,-3.9238,0.0430994199496931,3.0446290721082456,0.5128681431551866,1.1055780870016922,0.669,0.6502875,0.006256184440215942,0.0,0.0,44.06699625651042,192.3109492588405,241.37794551535092,0.40051342329400447,0.10674269627842559,0.07725411143420541,0.0,data/raw/pipeline-0205-run-001/logs/00000001.BIN,46.100494384765625,1337.5365782064796,134.9481270273823,-7.462744154018348,10.988385532635352,13.28296529100957,176.43716692216492,0.0971984205318449,0.002177579018326555,0.7064585532635351,-0.7077544154018348,2062.4174985700065,2062.128048706055,2062.0,210.035119,25.248592705295653,217.856989,pipeline-0205-run-001,pipeline-0205,0.4251846265792847,0.0058387796535046945,0.47228561003149083,-3.8456970520700424,0.0069233033334603535,0.0033375159366801016,12.2692125415802,12.256379127502441,0.00459257505076551,pipeline-0205-family,validation,2352782248436139522,d12a8f8997634cee977581cbaa5548c04facc1f5,6c58c27282539d3519962692d87bdfaba41ce01b094a18e3956a3473bb14fe20,2f5ce03671f92bfca42dabff69a505058fb52e27086fafbd86a866f5b4af27cf,b15050562bff3156d6c9873678db83034f3ec3ff3456dd6556c6004ec86543ad,46.10815011543196,2.0
4,12.28976821899414,0.3527378255118947,True,9.627394775390625,2.854051170930331,31.19182434082031,31.04701805114746,31.022563934326172,31.072150230407715,31.789668464660647,0.3724090923277784,919.2804247840654,100,10.0,234.796877,228.03073539249033,0.96,1.0861,0.10899444939995798,-3.56,-3.5008999999999997,0.03919425978379993,2.3000665063669796,0.46884800534320403,1.0015895967213482,0.65,0.6322,0.005418025470593513,0.0,0.0,71.4839833577474,29.614637007065856,106.09862036481326,0.2184679024886722,0.0885390838166958,0.08137971497401687,0.0,data/raw/pipeline-0206-run-001/logs/00000001.BIN,87.2259750366211,227.9713197932692,213.907864516939,4.4912246990046,11.801107780644605,12.626846167881336,159.43724414733958,0.10213027212883703,0.004447121146677374,0.8300207780644605,0.55773246990046,963.0922153645744,962.7394775390625,962.0,112.93730699999999,11.83366981102589,121.85957,pipeline-0206-run-001,pipeline-0206,0.4009533679485321,0.00471074825029541,0.8866346825245288,-3.4252605057815972,0.007007996547035873,0.013319120436050451,12.288102083206176,12.275572776794434,0.003694390758565233,pipeline-0206-family,validation,8310733865332636534,d12a8f8997634cee977581cbaa5548c04facc1f5,6c58c27282539d3519962692d87bdfaba41ce01b094a18e3956a3473bb14fe20,2f5ce03671f92bfca42dabff69a505058fb52e27086fafbd86a866f5b4af27cf,482736c7745b7d051428469866d68c4e7d0613514e121ff9b9c050aa9e970d5e,87.23102441841257,2.0
4,12.22829818725586,0.407100300142929,True,13.258602600097657,3.162476026298359,37.27196846008301,37.17483711242676,37.17451286315918,37.20155048370361,37.682704544067384,0.24466896703394408,1178.0947773089522,100,10.0,277.612244,567.899067382961,2.4,2.3159,0.0432919161045108,-2.17,-2.3001,0.09311815075483404,-0.8078355049687658,0.6288324912411952,1.2584113175520077,0.703,0.69214,0.00314966664902811,0.0,0.0,56.24390665690104,52.54512498102664,113.78903163792768,0.8391953691405242,0.04547808625495283,0.09384774779863315,0.0,data/raw/pipeline-0207-run-001/logs/00000001.BIN,64.36585998535156,567.8429846098569,239.13616122645195,6.267734022875511,7.43052171379059,9.720964083907763,94.4971427206247,0.09767260368762651,0.0029476275055808987,0.513042171379059,0.858363402287551,1326.2673603099086,1325.8602600097656,1326.0,129.92550899999998,16.216606668360544,147.686735,pipeline-0207-run-001,pipeline-0207,0.47712581485509875,0.0030129307092010824,2.7071478264487445,-2.045475074689648,0.004595486313739912,0.004446900887516565,12.227292385101318,12.218916893005371,0.0024423954577171784,pipeline-0207-family,train,7140095518013329531,d12a8f8997634cee977581cbaa5548c04facc1f5,6c58c27282539d3519962692d87bdfaba41ce01b094a18e3956a3473bb14fe20,2f5ce03671f92bfca42dabff69a505058fb52e27086fafbd86a866f5b4af27cf,355dd6c2f93f972c8553ecd2b1df5c6322f37b28ae1f46be528e16fc506a8245,64.36803871501579,2.0
4,12.21717643737793,0.39872939082965786,True,16.407293609619142,0.7495355036586445,38.46598068237304,38.30165672302246,38.27522373199463,38.33475589752197,39.12022590637207,0.38950850115946656,1631.102447799734,100,10.0,314.804028,529.03102187077,-1.32,-1.4082,0.062006128729344134,0.8,0.8967,0.05278361488189303,1.4917421555869441,0.5562264345682406,1.1936405376740222,0.719,0.7050675,0.0037393774548713354,0.0,0.0,85.47502136230469,62.178536610542196,152.6535579728469,0.9600193953878179,0.06678398845711023,0.09044559188140043,0.0,data/raw/pipeline-0208-run-001/logs/00000001.BIN,108.21253204345703,528.9761624365722,329.16730318503573,6.5338279855737555,-9.483197408926596,11.516160004174088,132.62194124173894,0.017484175388987642,0.0026337386903915183,-0.8586497408926597,0.5125627985573755,1641.1280903527438,1640.7293609619142,1641.0,155.32701100000003,20.04521128359752,159.477017,pipeline-0208-run-001,pipeline-0208,0.49227490812540053,0.004869611458484209,-1.1789065774339904,0.5762135834538957,0.006495796572053223,0.016153083932949373,12.215331869125366,12.202252388000488,0.0038932864185521345,pipeline-0208-family,validation,2915748589531179090,d12a8f8997634cee977581cbaa5548c04facc1f5,6c58c27282539d3519962692d87bdfaba41ce01b094a18e3956a3473bb14fe20,2f5ce03671f92bfca42dabff69a505058fb52e27086fafbd86a866f5b4af27cf,c3d5c8f3231bf046f5bf808b9563f8108c87368803c3f46ded06a62a39c1a316,108.19650127352449,2.0
4,12.22981071472168,0.341478639371644,True,19.830043090820315,0.6267103457791232,37.11115127563477,37.03588104248047,37.00965881347656,37.061699867248535,37.5332218170166,0.22187260297886416,1700.4726555401278,100,10.0,412.124251,1319.1523787088818,1.55,1.4675,0.048772430737046554,0.56,0.4286,0.0809446724621207,-1.3944491215148052,0.5553303719496278,1.1228452707231527,0.699,0.6899725,0.002178702308714983,0.0,0.0,44.18435923258464,115.77149229777864,164.95585153036328,0.8315964018261158,0.056899644622788986,0.09288044000046908,0.0,data/raw/pipeline-0209-run-001/logs/00000001.BIN,46.27653884887695,1319.0944774126158,229.51927325847976,6.138630407278394,6.063455162078877,8.62834119513733,74.44827177970387,0.015553350153121972,0.0020732401308705584,0.6492055162078877,0.7606130407278394,1983.345787721403,1983.0043090820313,1984.0,192.84449800000002,24.24883525271935,219.279753,pipeline-0209-run-001,pipeline-0209,0.4743929073214531,0.0027843111116380346,1.7766523597760036,0.7885193175810647,0.004489203705115869,0.006374816282303857,12.228877573013305,12.2217378616333,0.0022077767573223145,pipeline-0209-family,train,1782522733690383037,d12a8f8997634cee977581cbaa5548c04facc1f5,6c58c27282539d3519962692d87bdfaba41ce01b094a18e3956a3473bb14fe20,2f5ce03671f92bfca42dabff69a505058fb52e27086fafbd86a866f5b4af27cf,a05778d43b197323fca551639dca0dd0270e0c010cd242e8cf7bb6dbfa015ff3,46.268221172805774,2.0
4,12.286016464233398,0.33853323874132,True,11.890498138427734,1.8729875256354882,31.47923080444336,31.409750938415527,31.385180950164795,31.410225868225098,31.83293037414551,0.21249596416156882,1027.079241408335,100,10.0,295.421784,639.1858661967221,2.02,2.0887000000000002,0.0543811548240749,1.12,1.1182,0.0038418745424597125,-1.4508468764186844,0.5752080939662843,1.158624618970836,0.644,0.6344975,0.0025544067315132124,0.0,0.0,56.6379648844401,55.819964505248116,117.45792938968822,0.2629915397799191,0.04821009040315891,0.09711424729875442,0.0,data/raw/pipeline-0210-run-001/logs/00000001.BIN,64.95694732666016,639.1230375347548,189.60184252797686,-0.42113768432209486,8.741781537676982,8.751919869470145,76.59610140162631,0.05027407651988627,0.0030630691365716076,0.9859981537676982,0.16675623156779054,1189.3883470815147,1189.0498138427733,1189.0,137.337543,14.61038027160487,158.084241,pipeline-0210-run-001,pipeline-0210,0.4043425327539444,0.0027306847328603676,1.827506125143423,0.9814528942400298,0.004810331171320285,0.004044032567536019,12.28518928527832,12.277846336364746,0.002137055886917044,pipeline-0210-family,test,4024269678088386120,d12a8f8997634cee977581cbaa5548c04facc1f5,6c58c27282539d3519962692d87bdfaba41ce01b094a18e3956a3473bb14fe20,2f5ce03671f92bfca42dabff69a505058fb52e27086fafbd86a866f5b4af27cf,464d4aa25010038d386faa84c633b32d2a6a323c540406761ec53bdc9715ba83,64.95860593288361,2.0
4,12.250825881958008,0.29801277475871757,True,22.671717773437503,3.9847511051731948,34.99388134002685,34.91851043701172,34.89361381530762,34.92031192779541,35.393706512451175,0.22625951627720564,1985.061687731851,100,10.0,480.306967,1457.4909290351413,0.07,0.1219,0.03202171138462153,-4.2,-4.1738,0.016418282492392515,-1.2478880878592464,0.6464276738642873,1.2749690196880965,0.686,0.6706925000000001,0.0036990463297990775,0.0,0.0,69.6343994140625,129.57907454718801,204.21347396125051,0.6060219413139667,0.04358685682210272,0.09600692289066945,0.0,data/raw/pipeline-0211-run-001/logs/00000001.BIN,84.45159912109375,1457.4334119290945,70.93889466108563,-9.573575428464867,0.9079415225160927,9.616532862358195,92.4777042928151,0.13322861304289652,0.0030881757326337252,-0.3265858477483907,-0.9451675428464866,2267.469790118509,2267.1717773437504,2267.0,232.017156,27.76565303010188,248.289811,pipeline-0211-run-001,pipeline-0211,0.448644762635231,0.002797356126483923,-0.04256801341422536,-4.216843425934646,0.0015669391188930604,0.0036004100779193624,12.250046224594117,12.242131233215332,0.0022533930448258212,pipeline-0211-family,train,4231343518326914734,d12a8f8997634cee977581cbaa5548c04facc1f5,6c58c27282539d3519962692d87bdfaba41ce01b094a18e3956a3473bb14fe20,2f5ce03671f92bfca42dabff69a505058fb52e27086fafbd86a866f5b4af27cf,3bde7fc6132df132df6bcfb2b95dbea34844e3b3a017ffd419488cbda04f0592,84.45282910463501,2.0
4,12.291997909545898,0.23950436414816068,True,22.903942443847654,0.3968764316061124,31.01099702835083,30.808992385864258,30.80827236175537,30.856107234954834,31.83589286804199,0.42416257340935953,2221.221696283909,100,10.0,488.639466,1469.4782970823067,1.31,1.2431,0.04941042400141902,2.63,2.4859999999999998,0.09703607576566563,2.750996675395228,0.47902699435015605,1.0438983281951373,0.645,0.6293575,0.004460907278794308,0.0,0.0,50.142323811848954,202.71452933323425,257.8568531450832,0.20008747763579282,0.12968184389855827,0.07811846467847477,0.0,data/raw/pipeline-0212-run-001/logs/00000001.BIN,55.21348571777344,1469.4283525333308,18.35843697236712,-4.39258051353189,-11.977089110048588,12.757171595534198,162.74542711790454,0.010466135464971245,0.0018264818526846993,-0.9491089110048588,-0.314948051353189,2290.6337487489136,2290.3942443847654,2290.0,254.17495600000004,28.112182006423705,234.46451,pipeline-0212-run-001,pipeline-0212,0.3986910170316696,0.005411625732888478,1.271281224103378,2.599861930869169,0.0005094636834110134,0.0037275258804395617,12.289881887435913,12.277665138244629,0.004240865166637344,pipeline-0212-family,validation,7620392269663305684,d12a8f8997634cee977581cbaa5548c04facc1f5,6c58c27282539d3519962692d87bdfaba41ce01b094a18e3956a3473bb14fe20,2f5ce03671f92bfca42dabff69a505058fb52e27086fafbd86a866f5b4af27cf,647b126e237c701d2e1c5c374e0d828192881773fbc5e8b5dddbb198d6fcdd01,55.21208812008025,2.0
4,12.225600242614746,0.36456372333077525,True,19.968253784179687,0.02698929523032656,37.55115718841553,37.43586730957031,37.43541145324707,37.49474239349365,38.01256980895996,0.2529188682254972,1773.977357654521,100,10.0,405.484408,1276.445711524114,0.89,0.7526,0.0838524895277415,-0.39,-0.365,0.011269427669584652,-0.8360043887103527,0.5313683894343973,1.1000789654651888,0.705,0.6943725,0.002469563473571799,0.0,0.0,47.27310434977214,117.7967141517585,170.06981850153062,0.875054904101566,0.05096038180627843,0.09141646581845694,0.0,data/raw/pipeline-0213-run-001/logs/00000001.BIN,50.9096565246582,1276.3857712208985,294.02449457324957,8.381176255418717,-3.7061339103435627,9.164035354896498,83.97954398579299,0.002173347252588427,0.0020158869159012153,-0.4071133910343563,0.9133776255418716,1997.1899421412995,1996.8253784179688,1997.0,191.61998799999998,24.40766211512316,213.86442,pipeline-0213-run-001,pipeline-0213,0.48101762413978577,0.003130763010894815,1.2085314329782075,-0.5746934191240307,0.0039272997067018875,0.00628856123426413,12.224490423202514,12.216489791870117,0.0025304907845559946,pipeline-0213-family,test,5344764747335110608,d12a8f8997634cee977581cbaa5548c04facc1f5,6c58c27282539d3519962692d87bdfaba41ce01b094a18e3956a3473bb14fe20,2f5ce03671f92bfca42dabff69a505058fb52e27086fafbd86a866f5b4af27cf,86c5ce8bbb527ce62be5d8e0eabd30917c5d910fcd7ab01afdfc84b4473e3800,50.89753740678352,2.0
4,12.297637939453125,0.3038713170869869,True,14.287352052798942,5.270544825656129,30.317075538635255,30.23718547821045,30.236184120178223,30.26149272918701,30.569974517822267,0.19525600479505897,1227.0630838269133,100,10.0,358.204161,845.1887314225386,-4.71,-4.694,0.01902629759044044,2.74,2.8162000000000003,0.049168689223935996,-1.4785045420117604,0.5876288788219908,1.1797513213722532,0.647,0.62326,0.00498622101395436,0.0,0.0,67.07525634765625,73.63230360968329,145.70755995733953,0.12620108367222946,0.03837759003920885,0.09681057998516723,0.0,data/raw/pipeline-0214-run-001/logs/00000001.BIN,80.61288452148438,845.1363555384888,195.293454877812,7.331379826355496,6.829743585338505,10.019706961771128,100.3945275997648,0.19531678528786184,0.00367753436008296,0.9645943585338506,0.2637379826355496,1429.0390765969812,1428.7352052798942,1429.0,168.321811,17.563753349899724,189.88235,pipeline-0214-run-001,pipeline-0214,0.39001915156841277,0.0023401817253509483,-4.491823291948188,2.3281655766020433,0.002554876918584341,0.003430157064310989,12.296829614639282,12.289664268493652,0.0019479362245927066,pipeline-0214-family,train,2958143625848556753,d12a8f8997634cee977581cbaa5548c04facc1f5,6c58c27282539d3519962692d87bdfaba41ce01b094a18e3956a3473bb14fe20,2f5ce03671f92bfca42dabff69a505058fb52e27086fafbd86a866f5b4af27cf,0914a2eb5cb3e2e114dbe3b5e27091840fc2b02fb9267f58ca83a6ba4f431615,80.61638346498438,2.0
4,12.278924942016602,0.3277532329159385,True,14.248345947265625,0.03543552922115217,32.23823020935058,32.116092681884766,32.115591049194336,32.14042377471924,32.7593132019043,0.28003179811001444,1289.3433142380247,100,10.0,337.00681,946.2882263562649,0.12,0.114,0.007874007874011808,-0.08,-0.1188,0.028749956521706258,-0.1607910546915371,0.541715899547316,1.1141859673025551,0.653,0.6417324999999999,0.002899300562204618,0.0,0.0,45.84788767496745,93.13135377578065,143.9792414507481,0.33911606192320837,0.03733441857957036,0.09303838739667238,0.0,data/raw/pipeline-0215-run-001/logs/00000001.BIN,48.77183151245117,946.2310623345804,303.7540603005567,8.200417821359682,-5.437318815491304,9.839272754943286,96.81128834616923,0.0022316901254191366,0.001983351575866525,-0.5556118815491304,0.8314417821359683,1425.1623479594784,1424.8345947265625,1425.0,157.12712399999998,17.48524374447957,179.879686,pipeline-0215-run-001,pipeline-0215,0.4143556272983551,0.003566194608472586,0.05379594032073277,-0.06553287234832292,0.002358994039741447,0.004424777212640011,12.277615165710449,12.26876163482666,0.0028024669697324527,pipeline-0215-family,train,6531530975773795076,d12a8f8997634cee977581cbaa5548c04facc1f5,6c58c27282539d3519962692d87bdfaba41ce01b094a18e3956a3473bb14fe20,2f5ce03671f92bfca42dabff69a505058fb52e27086fafbd86a866f5b4af27cf,490d95aa52737d7f83faaa12015300b833667293cb5ce55494bdb13562c4c881,48.76935009398966,2.0
4,12.259479522705078,0.3474091694258732,True,14.99381231689453,5.992760415701633,34.131725845336916,34.039777755737305,34.038761138916016,34.06708526611328,34.45985679626465,0.24596610998363744,1380.306106519106,100,10.0,321.17981,524.4545783219289,-1.71,-1.7101,0.0009949874371066208,-5.77,-5.7577,0.01271652468247489,-0.4029564492592179,0.610248839700559,1.2205356943213712,0.691,0.6638375000000001,0.005278834506782726,0.0,0.0,90.17202250162761,50.41399345272417,145.58601595435178,0.4992188899183589,0.039215457520872576,0.09157813114718791,0.0,data/raw/pipeline-0216-run-001/logs/00000001.BIN,115.2580337524414,524.39758226188,102.69793251652823,-8.045430047676216,7.955342711836137,11.31443424634284,128.01642231481566,0.2320057047024321,0.004435755548961465,0.21976427118361364,-0.9755530047676217,1499.7286408588789,1499.381231689453,1500.0,159.50283999999996,18.38206299192168,161.67697,pipeline-0216-run-001,pipeline-0216,0.43893280893564224,0.0029495342544403618,-1.7070899389610805,-5.747176701226483,0.007269717627586943,0.011417200354184065,12.258688325881957,12.249716758728027,0.0024421617622487485,pipeline-0216-family,train,8261560625720243904,d12a8f8997634cee977581cbaa5548c04facc1f5,6c58c27282539d3519962692d87bdfaba41ce01b094a18e3956a3473bb14fe20,2f5ce03671f92bfca42dabff69a505058fb52e27086fafbd86a866f5b4af27cf,8ac5ff77470a3234c4c4b5da9666940233f2e0276aadbce7a71df43106d2bd5e,115.26457343816038,2.0
4,12.23387336730957,0.40914010002416035,True,12.121434188842773,0.32143509284601185,36.80650154113769,36.617523193359375,36.59161376953125,36.668782234191895,37.48322982788086,0.4017582786008873,1188.5688963200164,100,10.0,257.279547,513.8516390599262,-1.53,-1.5770000000000002,0.025942243542145717,-0.32,-0.3935,0.053728484065716946,1.5932516220255595,0.5829004633761085,1.214967512428327,0.702,0.6873225000000001,0.003913884738977337,0.0,0.0,50.12879689534505,61.12370871075552,116.25250560610057,0.791646554691589,0.0741849735261017,0.09038106126427482,0.0,data/raw/pipeline-0217-run-001/logs/00000001.BIN,55.19319534301758,513.7954118277673,244.5858078042368,10.60909579141041,4.685497858199184,11.597706828960249,134.5068036905112,0.007187607058970098,0.003189083738789258,0.4291997858199184,0.9032095791410408,1212.5525589843014,1212.1434188842773,1212.0,118.41261599999999,14.82307190955018,138.866931,pipeline-0217-run-001,pipeline-0217,0.47209314852952955,0.005042619258568432,-1.3185550452544967,-0.2631614297018336,0.00593171836907004,0.0065035890188789745,12.231940450668334,12.219712257385254,0.003999321053410746,pipeline-0217-family,train,7253886975184556167,d12a8f8997634cee977581cbaa5548c04facc1f5,6c58c27282539d3519962692d87bdfaba41ce01b094a18e3956a3473bb14fe20,2f5ce03671f92bfca42dabff69a505058fb52e27086fafbd86a866f5b4af27cf,d546320bbc5eb9fb7fc69d2badbe8efb49f3b77ac2ba524a243bae7758b32410,55.18627423293074,2.0
4,12.266731262207031,0.3086003264597821,True,19.294153228759765,2.2437013544406814,33.398896064758304,33.32793617248535,33.32754135131836,33.3530855178833,33.75532684326172,0.2110498258342438,1638.8937373119081,100,10.0,443.03938,1315.0066912950665,2.48,2.4493,0.013729894391436546,-1.42,-1.4867,0.04688400580155245,-1.7818955109885235,0.6159367829786961,1.234755297795774,0.663,0.6542074999999999,0.0027394239814238345,0.0,0.0,60.04057820638021,111.6124896939215,176.65306790030172,0.4555952618995024,0.05267660002359116,0.09841243837833288,0.0,data/raw/pipeline-0218-run-001/logs/00000001.BIN,70.06086730957031,1314.950588176373,249.71443012278266,6.9303828447904605,4.953910655720751,8.518887084603804,72.57143716022951,0.06582335067375095,0.0026803911162184167,0.34672106557207516,0.937968284479046,1929.7239232024363,1929.4153228759765,1929.0,208.172531,23.664803325845913,234.866849,pipeline-0218-run-001,pipeline-0218,0.42921352982521055,0.0026440221509054476,2.4313627787854117,-1.3297846881403146,0.0017083514455407567,0.006371129793240223,12.266008281707764,12.258893966674805,0.00207302725968055,pipeline-0218-family,train,5622341165610062334,d12a8f8997634cee977581cbaa5548c04facc1f5,6c58c27282539d3519962692d87bdfaba41ce01b094a18e3956a3473bb14fe20,2f5ce03671f92bfca42dabff69a505058fb52e27086fafbd86a866f5b4af27cf,34beae0f5f6fa7e5360fad8d3e7dfa8fe1b48fca99b359001fbc5c4e2016f0dd,70.05712766376897,2.0
4,12.300057411193848,0.24769001973095328,True,17.663918640136718,0.8234900550719,29.874162216186523,29.96988296508789,29.802672386169434,29.994227409362793,30.00978603363037,0.18574767240054732,1335.3089364463892,100,10.0,536.039665,1264.4972370955288,-2.16,-2.1337,0.011104503590886002,4.8,4.8426,0.037699336864194355,-5.227362105230292,0.5213416989609158,0.9942466195201063,0.629,0.6188725,0.005654754083954497,0.0,0.0,72.87091064453125,83.04112218236405,160.9120328268953,0.10068989476040587,0.15578632712724855,0.08523931384077983,0.0,data/raw/pipeline-0219-run-001/logs/00000001.BIN,89.30636596679688,1264.433360803596,147.27032190046458,-3.2732963598435987,3.5695572955240236,4.843160986937574,23.45620834539413,0.05101579478424695,0.0030426378295554815,0.8412157295524024,-0.5406996359843599,1766.6395540334026,1766.3918640136717,1766.0,215.97274300000004,21.735247054920787,320.066922,pipeline-0219-run-001,pipeline-0219,0.38475805580615996,0.002185212470514422,-2.080427050941744,4.393523195864069,-0.0009067551421321696,0.007979532862033905,12.301254444122314,12.299833297729492,0.0018495607556995835,pipeline-0219-family,test,4583993828110206763,d12a8f8997634cee977581cbaa5548c04facc1f5,6c58c27282539d3519962692d87bdfaba41ce01b094a18e3956a3473bb14fe20,2f5ce03671f92bfca42dabff69a505058fb52e27086fafbd86a866f5b4af27cf,8751c97f53e09d7c2581e923c1dff16f26f8612dd6e6dfd55e6be9b81bbc3aa6,89.30845560762984,2.0
4,12.287545204162598,0.2981773211154177,True,15.993410430908202,4.482925127527591,31.207562313079833,31.25090789794922,31.190678119659424,31.26147985458374,31.279491233825684,0.10971422867333198,1244.3250600928006,100,10.0,440.189687,1100.4603751350833,4.63,4.6744,0.02826021939051435,3.65,3.6859,0.01637650756419086,-3.916536284905545,0.5541249458243483,1.0735572856042366,0.644,0.63243,0.004909694491513707,0.0,0.0,59.46543884277344,79.07573785645846,143.5411766992319,0.22121155690499558,0.0473861410291742,0.09517151729793034,0.0,data/raw/pipeline-0220-run-001/logs/00000001.BIN,69.19815826416016,1100.4256648885466,280.6012527546236,5.154924590842013,-5.525567928694878,7.55679485442665,57.1051484718891,0.1945385796567784,0.004357010203717695,-0.18396679286948778,0.9829324590842012,1599.6392204119356,1599.3410430908202,1599.0,186.31794299999999,19.65637415195986,253.871744,pipeline-0220-run-001,pipeline-0220,0.4015363183617592,0.0012993688956346957,4.332901013980732,3.5166199171128114,-0.002320675006340025,0.005876525309137071,12.287928581237793,12.286016464233398,0.0010837857461377125,pipeline-0220-family,train,1936649604250694468,d12a8f8997634cee977581cbaa5548c04facc1f5,6c58c27282539d3519962692d87bdfaba41ce01b094a18e3956a3473bb14fe20,2f5ce03671f92bfca42dabff69a505058fb52e27086fafbd86a866f5b4af27cf,a2197eae6d454cf00c595c65a353a19aceb63f7230efe594c26e5d3c13cfe536,69.19539469348487,2.0
4,12.306940078735352,0.29408160256139126,True,14.078794021606445,0.9547045268423536,29.559158039093017,29.329992294311523,29.30875253677368,29.43680429458618,30.42700996398926,0.4887675046606622,1417.284014255296,100,10.0,315.069755,364.24897525957306,0.72,0.6451,0.047843390348093026,-5.82,-5.5691999999999995,0.2299551260572375,5.524552644008989,0.5378236255027836,1.0594347198708471,0.636,0.6164075,0.009478208889341918,0.0,0.0,86.22226460774739,81.38828284327263,172.61054745102,0.024654945374873928,0.1844333766042852,0.06404930537278233,0.0,data/raw/pipeline-0221-run-001/logs/00000001.BIN,109.3333969116211,364.16195094474097,163.58473952054732,-3.4704973839548723,15.161755948376893,15.553880401050398,241.92319553017967,0.11314487274663101,0.008711663598394231,0.9592555948376895,-0.2825397383954872,1408.173483763206,1407.8794021606445,1408.0,171.80791599999998,17.322021280544206,143.261839,pipeline-0221-run-001,pipeline-0221,0.3817454835772514,0.00632129333812879,0.7334040486963876,-5.4695458749078325,0.009360006970528047,0.014219278001353483,12.304382801055908,12.28862190246582,0.0048812237973193465,pipeline-0221-family,validation,1850191713677657131,d12a8f8997634cee977581cbaa5548c04facc1f5,6c58c27282539d3519962692d87bdfaba41ce01b094a18e3956a3473bb14fe20,2f5ce03671f92bfca42dabff69a505058fb52e27086fafbd86a866f5b4af27cf,0b5b3157a1796fde109ec43a33d9a357641546be57ec2483fae2e14dabe9a3ce,109.34134065031665,2.0
4,12.22707748413086,0.39771101383234964,True,15.377974853515628,3.963372701551809,37.41392780303955,37.30149841308594,37.30067825317383,37.32812213897705,37.807843399047854,0.30018557131991064,1455.0376251340945,100,10.0,303.28697,438.25612963707357,0.24,0.3395,0.06277539326838184,3.91,3.9606,0.049594757787491936,0.3054331982511246,0.5611368615646809,1.163635131470947,0.714,0.6952974999999999,0.004096827278516874,0.0,0.0,89.79859415690105,45.20636544151857,140.00495959841962,0.8481666150217746,0.04069917102875027,0.09104882712415589,0.0,data/raw/pipeline-0222-run-001/logs/00000001.BIN,114.69789123535156,438.1987321357158,90.4957521277812,-10.339130343154167,-3.8746174420568615,11.041298681542061,121.91027657502246,0.13075151436816596,0.0031502054699739713,0.008598255794313855,-0.9999630343154168,1538.195196365395,1537.7974853515627,1539.0,150.604734,18.808193377153685,152.682236,pipeline-0222-run-001,pipeline-0222,0.4791265454888344,0.003725996511220284,-0.06283399346679622,4.016015102281879,0.00787204870757705,0.01462801595128838,12.22586633682251,12.214882850646973,0.0030048290514455497,pipeline-0222-family,validation,1900578874734201492,d12a8f8997634cee977581cbaa5548c04facc1f5,6c58c27282539d3519962692d87bdfaba41ce01b094a18e3956a3473bb14fe20,2f5ce03671f92bfca42dabff69a505058fb52e27086fafbd86a866f5b4af27cf,2c5a4967faf9bc03ddb0c7bddaa8abb16958d1cf2f3c67ee65388519f05bd30c,114.70185620459773,2.0
4,12.277021408081055,0.2935417874562063,True,18.754426025390625,1.3343517568023682,32.165432415008546,32.28068542480469,32.08902931213379,32.31582260131836,32.317365646362305,0.2148239112090938,1377.12427870987,100,10.0,546.127295,1342.4795096016583,-5.22,-5.1800999999999995,0.020904305776561858,-2.0,-2.0295,0.015708278072405,-5.4010935604855455,0.5247570646636541,0.9902379906739612,0.654,0.6423775,0.006887669689379716,0.0,0.0,61.96186319986979,87.16780430748415,154.12966750735393,0.32830013087131626,0.1367271702746189,0.08235301745037851,0.0,data/raw/pipeline-0223-run-001/logs/00000001.BIN,72.94279479980469,1342.480787235261,82.48013081661436,-4.733950147131615,0.7212149851199914,4.7885733836174085,22.930435050289077,0.10009000912535702,0.004396608678903477,-0.13082850148800088,-0.9914050147131616,1875.7361443265188,1875.4426025390626,1876.0,213.06807200000003,23.034959386582063,333.059223,pipeline-0223-run-001,pipeline-0223,0.4137074503302574,0.002560553011178835,-5.0684766524345175,-1.9330540878085836,-0.0005048926270319499,0.008102929992228497,12.27835594177246,12.276609420776367,0.0021457174275027113,pipeline-0223-family,test,6202157901819949024,d12a8f8997634cee977581cbaa5548c04facc1f5,6c58c27282539d3519962692d87bdfaba41ce01b094a18e3956a3473bb14fe20,2f5ce03671f92bfca42dabff69a505058fb52e27086fafbd86a866f5b4af27cf,6b2dcbd9f63d06eedcb1aff6c4c2ec382faee39468d1ca32a8424cb46a27a827,72.94316512702521,2.0
4,12.282878875732422,0.3124630641868862,True,16.588165313720705,1.3908259403877132,31.918590259552,31.72974395751953,31.70654010772705,31.778922080993652,32.69555511474609,0.4215257673404866,1680.9315914097135,100,10.0,361.639453,775.8580391202294,-2.94,-2.8236000000000003,0.08296408861670211,-1.41,-1.4531999999999998,0.0334926857686869,2.854839820996028,0.5615319078676899,1.1843057458980524,0.655,0.63994,0.0049826097579481424,0.0,0.0,76.00200907389322,108.5851149145803,189.58712398847354,0.2900639921517642,0.1233106415334705,0.07927125095373382,0.0,data/raw/pipeline-0224-run-001/logs/00000001.BIN,94.00301361083984,775.8059333656103,268.74319675792736,12.821187165326046,1.6728608105874327,12.929860928096659,167.18130361992058,0.04781013157228662,0.0022300450607568847,0.021966081058743286,0.9997587165326045,1659.1289944362572,1658.8165313720704,1659.0,182.782691,20.35535918798706,178.856762,pipeline-0224-run-001,pipeline-0224,0.41032692313194274,0.0053341940623027944,-2.875134041184827,-1.3438715481035914,0.0055972293703234755,0.008675374931873883,12.280787916183472,12.268244743347168,0.004197096551443614,pipeline-0224-family,train,5741794756111499918,d12a8f8997634cee977581cbaa5548c04facc1f5,6c58c27282539d3519962692d87bdfaba41ce01b094a18e3956a3473bb14fe20,2f5ce03671f92bfca42dabff69a505058fb52e27086fafbd86a866f5b4af27cf,37434da25b8fef783f23f5b590e18d3214fb169cfeb74a1ed5fbb0d6c9adaa81,94.00364020791994,2.0
4,12.237137794494629,0.3975414579090284,True,12.967434020996093,0.19164370395912872,36.43740131378174,36.31265640258789,36.28691864013672,36.33833885192871,36.94131088256836,0.31433323175160394,1221.5223238471035,100,10.0,272.469302,442.5418180649631,0.43,0.5097,0.052334596587725796,-0.06,-0.0418,0.018993683160461534,0.4741455691376077,0.5594243607786268,1.1537779088893736,0.698,0.6847275,0.0031029411451072996,0.0,0.0,69.2289784749349,46.45691588895076,120.68589436388567,0.761751390226758,0.043240397208375816,0.09276223457297951,0.0,data/raw/pipeline-0225-run-001/logs/00000001.BIN,83.84346771240234,442.48514976081964,116.69937137775422,-9.443710152963092,4.534400871071501,10.475898658957721,109.74445271275218,0.004807330576678183,0.002817359954338956,0.4492600871071501,-0.8934010152963091,1297.1409435575183,1296.7434020996093,1297.0,130.40948200000003,15.871868956087283,142.05982,pipeline-0225-run-001,pipeline-0225,0.46760467648506165,0.003987921354740982,0.16797394552741624,0.0015455819488055596,0.008736074537077912,0.009313433516912354,12.23560380935669,12.224581718444824,0.0031641844739438763,pipeline-0225-family,train,2567144731578026290,d12a8f8997634cee977581cbaa5548c04facc1f5,6c58c27282539d3519962692d87bdfaba41ce01b094a18e3956a3473bb14fe20,2f5ce03671f92bfca42dabff69a505058fb52e27086fafbd86a866f5b4af27cf,c8fd616cd43a726db1c38901562101574bda7faea538a7123c71073c01f8cb34,83.83939090615408,2.0
4,12.25571060180664,0.3220165447708041,True,19.735115966796876,0.18703518344826264,34.35228321075439,34.418989181518555,34.320380210876465,34.44419288635254,34.445404815673825,0.17609745247895556,1498.478338926202,100,10.0,495.891564,1393.0023825197454,-3.66,-3.5932999999999997,0.04319849534416685,-2.0,-1.9328999999999998,0.04226807305756911,-4.075895624295656,0.5847506949521051,1.1318089391934696,0.669,0.6635925,0.001684174501053856,0.0,0.0,53.07165018717448,98.96367660721766,157.03532679439215,0.5571539187994423,0.12499336128304141,0.09775395893567357,0.0,data/raw/pipeline-0226-run-001/logs/00000001.BIN,59.60747528076172,1392.9518580585673,64.351581914034,-5.421308132079597,-2.3957071922784143,5.927056167617015,35.12999481408689,0.004378837540063277,0.002070137429585731,-0.4328607192278415,-0.9014608132079597,1973.8336132244583,1973.5115966796875,1973.0,209.03218700000002,24.193697748325995,286.859377,pipeline-0226-run-001,pipeline-0226,0.44014358818531035,0.002078383258906565,-3.7107951522069977,-2.0471828877433236,-0.0022833006601740637,0.00918911740842135,12.256485900878907,12.253747940063477,0.0017728517227331953,pipeline-0226-family,train,1490758607257636372,d12a8f8997634cee977581cbaa5548c04facc1f5,6c58c27282539d3519962692d87bdfaba41ce01b094a18e3956a3473bb14fe20,2f5ce03671f92bfca42dabff69a505058fb52e27086fafbd86a866f5b4af27cf,89a954ea6e7a8c336068c5804dc3494b81a0ea87c2e64e06ddb17a51b2a65ad9,59.60436220454528,2.0
4,12.242560386657715,0.3227030929419925,True,21.3178203125,0.2548841504184359,35.91150135040283,35.75630187988281,35.7305212020874,35.80543518066406,36.532948684692386,0.34003604490770317,2062.055603912623,100,10.0,437.89977,1357.4584939634294,0.58,0.6113,0.01764397914303915,0.01,0.0596,0.029863690327888145,0.5588147455691126,0.5611577608022977,1.1747028106497002,0.692,0.6790125,0.0033395125018481236,0.0,0.0,57.933207194010414,143.78051668103367,206.71372387504408,0.7061914088890349,0.04637784679734208,0.0928663116766849,0.0,data/raw/pipeline-0227-run-001/logs/00000001.BIN,66.89981079101562,1357.3975671907829,59.913834372581896,-9.263947873798587,-5.072751181846482,10.561890681188773,111.55353476138224,0.004645618963650881,0.00200815079350882,-0.5013151181846482,-0.8652647873798587,2132.104734342942,2131.78203125,2133.0,210.409969,26.078542597382345,227.489801,pipeline-0227-run-001,pipeline-0227,0.4612083113193512,0.004277029028383624,0.3958655420516836,-0.12179876901456232,0.005569409522286151,0.00487250852286481,12.24089123725891,12.230534553527832,0.0033826039454166183,pipeline-0227-family,train,5910134042536815948,d12a8f8997634cee977581cbaa5548c04facc1f5,6c58c27282539d3519962692d87bdfaba41ce01b094a18e3956a3473bb14fe20,2f5ce03671f92bfca42dabff69a505058fb52e27086fafbd86a866f5b4af27cf,b36ffc64821bfecf09918299c2ed5b6529b128d729ab1d0f8ecae0a272199b3d,66.89206314881292,2.0
4,12.23477554321289,0.3091367668762359,True,24.37298260498047,1.6033539267116508,36.39106502532959,36.50325584411621,36.308884620666504,36.534650802612305,36.56105079650879,0.23237407676894725,1862.7768114425505,100,10.0,587.932233,1465.5489643582493,5.38,5.2544,0.08169846999791366,-0.56,-0.6399,0.05137110082526945,-5.044546318123994,0.5108887453138523,1.0032328646523274,0.696,0.68542,0.0062986982782158585,0.0,0.0,81.8619384765625,97.4139687145447,184.2759071911072,0.7523621782250317,0.12071865700214633,0.0871382369785403,0.0,data/raw/pipeline-0228-run-001/logs/00000001.BIN,102.79290771484375,1465.5456356536042,259.3127414627957,4.572090935147573,2.4946441606492797,5.208384107141116,27.127265007520162,0.1065628391948644,0.003665444648284124,0.18547441606492798,0.9826490935147573,2437.6073972649233,2437.298260498047,2437.0,245.075264,29.834702850235097,342.856969,pipeline-0228-run-001,pipeline-0228,0.4665250512957573,0.002836464516491608,5.627181092741007,-0.4997224083492741,0.00032854596225661225,0.009700226600001739,12.23610610961914,12.234302520751953,0.0023411680381737704,pipeline-0228-family,train,6769058044814201579,d12a8f8997634cee977581cbaa5548c04facc1f5,6c58c27282539d3519962692d87bdfaba41ce01b094a18e3956a3473bb14fe20,2f5ce03671f92bfca42dabff69a505058fb52e27086fafbd86a866f5b4af27cf,ee30bf072ed8d04f9a34d0a0f3aa12860d92bc8e87465f5f4cb4814775afe63c,102.79175254280264,2.0
4,12.278520584106445,0.30603430804785603,True,18.31864535522461,2.9216675642413525,32.33340118408203,32.14709663391113,32.14687442779541,32.18852424621582,33.01787223815918,0.3705045968442411,1810.5798542978578,100,10.0,410.24417,1370.2369463846496,1.28,1.3476,0.04707695827047448,-2.93,-2.925,0.0050000000000001155,1.3548097298366288,0.5881470073492525,1.2267252344157913,0.66,0.6423875,0.004867478171497027,0.0,0.0,38.092885335286454,158.4970259259263,201.58991126121276,0.3348774970487155,0.06944874842172298,0.09017451326985615,0.0,data/raw/pipeline-0229-run-001/logs/00000001.BIN,37.13932800292969,1370.17512511116,220.3870032110503,5.131731197108412,10.541972314389602,11.724668240796095,137.4678453567326,0.09434066018031897,0.002606963693208224,0.7616972314389602,0.6479331197108411,1832.1705698305088,1831.864535522461,1832.0,192.362191,22.44953657753476,217.881979,pipeline-0229-run-001,pipeline-0229,0.41578761041164397,0.004689501845652866,1.1762109239150402,-2.855342119289029,0.004962122725264635,0.0025391437412092223,12.27663366317749,12.265807151794434,0.0036959412208958744,pipeline-0229-family,train,4389873026032767816,d12a8f8997634cee977581cbaa5548c04facc1f5,6c58c27282539d3519962692d87bdfaba41ce01b094a18e3956a3473bb14fe20,2f5ce03671f92bfca42dabff69a505058fb52e27086fafbd86a866f5b4af27cf,d7d3bd44f181da67f32befb2b396ba89911d20012a0b32eadb968621af1b1d53,37.14318236993998,2.0
4,12.21419620513916,0.348482571679142,True,24.42641778564453,1.5029528616913361,38.8695482635498,38.5865478515625,38.58513641357422,38.6871919631958,39.98584899902344,0.5731014104891466,3104.741049254983,100,10.0,432.544413,1389.490965326577,1.9,1.9734,0.04082205286361771,-3.93,-4.064,0.0973036484413611,4.260461976773625,0.5100220034262587,1.0748941103695813,0.724,0.7066975,0.006643868884166821,0.0,0.0,40.462242126464844,242.0910811468935,287.55332327335833,0.9736981279089452,0.14165160213836653,0.07101414163171077,0.0,data/raw/pipeline-0230-run-001/logs/00000001.BIN,40.693363189697266,1389.4503672929934,173.53287024620136,-3.100077984730392,14.000327124180437,14.339443611781892,205.6196430954725,0.06987615791751897,0.0022654954269438064,0.9936327124180436,-0.11266779847303918,2442.990261136132,2442.641778564453,2443.0,211.27962100000002,29.75260370760677,221.264792,pipeline-0230-run-001,pipeline-0230,0.4974239549040794,0.007223138618354216,1.939405291851212,-3.9061669964541927,0.005156943923466315,0.003753693074999285,12.211270179748535,12.195524215698242,0.005748122449028233,pipeline-0230-family,train,7869476036648069007,d12a8f8997634cee977581cbaa5548c04facc1f5,6c58c27282539d3519962692d87bdfaba41ce01b094a18e3956a3473bb14fe20,2f5ce03671f92bfca42dabff69a505058fb52e27086fafbd86a866f5b4af27cf,1b0f6631eafa718c16653832489681c8a8acc96689448a7efc995a60f22a7fd7,40.69942456423635,2.0
4,12.251202583312988,0.3671692475550117,True,14.4126494140625,4.240531037661592,34.9111014175415,34.874961853027344,34.85731220245361,34.88172912597656,35.033870697021484,0.17775889575556392,1219.662332911324,100,10.0,327.342344,692.2149389339577,4.89,4.863,0.02426932219902311,-0.12,-0.07690000000000001,0.026521500711686734,-2.381717684493422,0.5251744943195046,1.080315422428632,0.683,0.6697725,0.00388403704282027,0.0,0.0,64.86422220865884,55.90621241517013,125.77043462382898,0.5962388940726993,0.04403401207677995,0.09489121415269383,0.0,data/raw/pipeline-0231-run-001/logs/00000001.BIN,77.29633331298828,692.1729742552372,331.5854165393679,-0.10445115431107777,-8.718338079960803,8.718963752656135,76.02032892013156,0.15736092232850277,0.0030623472456229603,-0.8795238079960804,0.4758548845688923,1441.632110653805,1441.26494140625,1442.0,150.87296000000003,17.662666577740165,176.469384,pipeline-0231-run-001,pipeline-0231,0.4474202758073807,0.002118218952513792,4.913378227276343,-0.2103300191338749,-0.0012119739249646954,0.006201131867024933,12.250903444290161,12.244298934936523,0.0017602687255835994,pipeline-0231-family,train,6272445366185493419,d12a8f8997634cee977581cbaa5548c04facc1f5,6c58c27282539d3519962692d87bdfaba41ce01b094a18e3956a3473bb14fe20,2f5ce03671f92bfca42dabff69a505058fb52e27086fafbd86a866f5b4af27cf,15ec22c345566af972e5264045d8c1f8b8f7147473f1944429d5eae73a8e9371,77.29290848094023,2.0
4,12.30196762084961,0.2861104739502025,True,15.617343810530734,1.9821218493835058,29.856919116973877,29.788216590881348,29.787822246551514,29.812033653259277,30.14640941619873,0.200149339128317,1358.3071873943268,100,10.0,394.237242,901.534670660034,-1.07,-1.1103,0.027366220053196905,2.44,2.5025999999999997,0.046810682541488284,-1.8886412640299135,0.6226663844329583,1.2396651549834286,0.628,0.6187,0.00260959767013998,0.0,0.0,82.94638061523438,75.83159846766536,163.77797908289972,0.09947621258734393,0.05011156409475907,0.10126137096194568,0.0,data/raw/pipeline-0232-run-001/logs/00000001.BIN,104.41957092285156,901.4736197861755,109.69347431780162,-8.304895306671513,0.8669841490057357,8.350026800519968,69.72294756940174,0.05457995667996341,0.0025522734324832483,0.33695841490057354,-0.9415195306671513,1562.0204915270235,1561.7343810530733,1561.0,189.772394,19.21384575396588,204.464848,pipeline-0232-run-001,pipeline-0232,0.3841097605228424,0.0025390117359643176,-0.8338772538789951,2.1068950654346836,0.0026389906599069944,0.004617498727962,12.301448011398316,12.29444408416748,0.0020031570965073887,pipeline-0232-family,train,5852901842683396288,d12a8f8997634cee977581cbaa5548c04facc1f5,6c58c27282539d3519962692d87bdfaba41ce01b094a18e3956a3473bb14fe20,2f5ce03671f92bfca42dabff69a505058fb52e27086fafbd86a866f5b4af27cf,45e538ea240780be1d85509a6ff29df7c67ff97ffd1f85751b647d1561a6d071,104.4223618728634,2.0
4,12.269436836242676,0.30880899009662244,True,17.751173278808594,1.9615696156432718,33.26165672302246,33.080339431762695,33.05541801452637,33.111473083496094,33.98466339111328,0.40820017694776634,1810.8801588686651,100,10.0,379.659742,982.2491326203509,1.22,1.1608,0.040931161723068606,2.69,2.7,0.009797958971132744,2.1885386181160036,0.5124140770269882,1.1091269401355106,0.667,0.6530625000000001,0.004820642462369517,0.0,0.0,65.25190226236978,125.74460585548572,195.99650811785548,0.42858356800749076,0.09369183049887267,0.0834216665154545,0.0,data/raw/pipeline-0233-run-001/logs/00000001.BIN,77.87785339355469,982.192542411514,65.13525307176694,-10.233718009051668,-6.905015909723281,12.345372776968707,152.40822900232004,0.06237934833857075,0.0018404636566744126,-0.42050159097232814,-0.9072918009051668,1775.426136870956,1775.1173278808594,1776.0,185.795652,21.75138473962346,193.86409,pipeline-0233-run-001,pipeline-0233,0.42722561687231064,0.005189302345391808,1.2139879259407522,2.5542280952349232,0.004468515467742691,0.0055379785578595405,12.267367897033692,12.255013465881348,0.0040977976841608124,pipeline-0233-family,train,6996298248151132020,d12a8f8997634cee977581cbaa5548c04facc1f5,6c58c27282539d3519962692d87bdfaba41ce01b094a18e3956a3473bb14fe20,2f5ce03671f92bfca42dabff69a505058fb52e27086fafbd86a866f5b4af27cf,ada999e4d26e7a8d3a09b06e62499aa5c3dd0630bc12544be26b8d54036969fb,77.87508207186406,2.0
4,12.245620727539062,0.33085596231671843,True,19.924070861816407,1.1314081838387877,35.57435516357422,35.44013595581055,35.44006633758545,35.491172790527344,36.13256683349609,0.29376845988606093,1863.506395801828,100,10.0,413.764428,1143.2585627405408,0.59,0.6232,0.014133647795243814,-0.99,-0.9467,0.03020115891816072,-0.06733982137350808,0.5285523839705634,1.1046903669182084,0.688,0.6763224999999999,0.002981357702457054,0.0,0.0,70.01917521158853,113.56113760194535,188.58031281353388,0.6742599956123577,0.04066047601916749,0.09215158357228612,0.0,data/raw/pipeline-0234-run-001/logs/00000001.BIN,85.02876281738281,1143.1970072512497,53.238465194220694,-8.634430153175519,-5.038297195726274,9.996890651724158,99.93782270252986,0.026202876232682713,0.0017863248952113453,-0.5984997195726274,-0.8011230153175518,1992.7379421439573,1992.4070861816406,1993.0,201.08286800000002,24.390174654777713,212.68156,pipeline-0234-run-001,pipeline-0234,0.45634470343589784,0.0037421714660004456,0.4104614603796309,-1.102179876631109,0.005129119246121263,0.004986064928643948,12.244234018325805,12.234737396240234,0.0029567292550051333,pipeline-0234-family,train,1930493304357684868,d12a8f8997634cee977581cbaa5548c04facc1f5,6c58c27282539d3519962692d87bdfaba41ce01b094a18e3956a3473bb14fe20,2f5ce03671f92bfca42dabff69a505058fb52e27086fafbd86a866f5b4af27cf,fba12b82b1d80748a100f4912506f1c311ef087ec70fc6f566b4f704f0c14f26,85.02119003970266,2.0
4,12.290392875671387,0.29450845377573387,True,17.076553161621092,3.5239416974568396,31.131774883270264,30.964614868164062,30.94062042236328,30.99518346786499,31.77786102294922,0.35617382900950134,1630.8623026517616,100,10.0,395.31681,1308.338422359662,0.62,0.5301,0.05840368139081645,-3.71,-3.6762,0.02693622096731465,1.1735788694949347,0.5408246292744113,1.1375099358039333,0.653,0.6299675,0.00529447294355161,0.0,0.0,35.359031677246094,148.22977546787374,188.58880714511983,0.21155206851247865,0.06346823659472334,0.08978077201308407,0.0,data/raw/pipeline-0235-run-001/logs/00000001.BIN,33.03854751586914,1308.2744840358152,100.21494058377917,-10.371624717016509,5.449443143044148,11.716101307171199,137.26702983989867,0.11787480700678417,0.0024011498702865746,0.17732431430441478,-0.984152471701651,1707.949824615885,1707.6553161621093,1707.0,185.44995699999998,20.946816529788194,209.866853,pipeline-0235-run-001,pipeline-0235,0.4005624881386757,0.004500769028109538,0.7709301483419615,-3.488439248599221,0.004141568860504776,0.0027898995720372064,12.288659505844116,12.277881622314453,0.0035751173352747967,pipeline-0235-family,train,5311268017832982594,d12a8f8997634cee977581cbaa5548c04facc1f5,6c58c27282539d3519962692d87bdfaba41ce01b094a18e3956a3473bb14fe20,2f5ce03671f92bfca42dabff69a505058fb52e27086fafbd86a866f5b4af27cf,2fe61bdb03eaa41cd457c24a3496cdd3a06ac0920224395dc45c90d3c39eaab8,33.04238000396553,2.0
4,12.230937957763672,0.35994092863825244,True,19.131988891601562,1.6058584605015174,37.035300750732425,36.90551567077637,36.879642486572266,36.95726680755615,37.511721801757815,0.301660536832016,1817.5684146721017,100,10.0,378.219485,821.2039351935398,-0.93,-0.9765999999999999,0.02060194165606729,1.35,1.2778,0.04803290538786931,0.0879716138063672,0.6211855809986231,1.2595844116222261,0.705,0.6915174999999999,0.0030967230664042276,0.0,0.0,88.82670084635417,82.84923157982342,176.6759324261776,0.8203091811499387,0.04086141835069009,0.0936809644590728,0.0,data/raw/pipeline-0236-run-001/logs/00000001.BIN,113.24005126953125,821.1435138964167,235.7473035119436,9.242063589122038,4.350886494813672,10.214986670384222,104.34595267612734,0.03984960593449053,0.002799840651470647,0.5628686494813672,0.8265463589122038,1913.5588300887946,1913.1988891601563,1913.0,187.73987400000001,23.40097213796452,190.479611,pipeline-0236-run-001,pipeline-0236,0.47427342712879184,0.0037438953054687437,-0.64200076932821,1.4841098972780948,0.00788754509178034,0.00918900726507283,12.22963788986206,12.219289779663086,0.0029901783146733807,pipeline-0236-family,train,5573918100888576362,d12a8f8997634cee977581cbaa5548c04facc1f5,6c58c27282539d3519962692d87bdfaba41ce01b094a18e3956a3473bb14fe20,2f5ce03671f92bfca42dabff69a505058fb52e27086fafbd86a866f5b4af27cf,1e1579c0d2f24557ce0619d28b98fe1f00e15df20354fc6566ab390d09486441,113.23193906849413,2.0
4,12.252533912658691,0.29848727728449376,True,29.780632446289065,1.7803447814248976,35.080981750488284,34.77248954772949,34.744269371032715,34.91881084442139,36.20618591308594,0.6123507491952503,3481.717569873031,100,10.0,506.462334,1404.9731295358877,4.69,4.7238999999999995,0.020094526617962384,3.5,3.4722000000000004,0.019523319389898878,5.585855038331475,0.5665310431017615,1.1471489902409822,0.692,0.6703625000000001,0.009413346575474636,0.0,0.0,34.00397872924805,318.288851348646,357.29283007789405,0.5716337008725126,0.1543367639269984,0.0655328235753846,0.0,data/raw/pipeline-0237-run-001/logs/00000001.BIN,31.00596809387207,1404.883140168475,36.005178334332136,-10.602422575370475,-11.561883079754093,15.68720831813709,246.0885048166295,0.1392466426719013,0.0056605726378025694,-0.8089683079754092,-0.5878522575370477,2978.361731906191,2978.0632446289064,2978.0,289.803199,36.417247195352644,216.659135,pipeline-0237-run-001,pipeline-0237,0.4508360430598259,0.00773487351292786,4.69864367191069,3.502585546228233,0.0014136530859104822,0.0034448704838869705,12.249173173904419,12.231942176818848,0.006114294121641538,pipeline-0237-family,validation,8463002950644735799,d12a8f8997634cee977581cbaa5548c04facc1f5,6c58c27282539d3519962692d87bdfaba41ce01b094a18e3956a3473bb14fe20,2f5ce03671f92bfca42dabff69a505058fb52e27086fafbd86a866f5b4af27cf,fb789cf3871cccc0d801d4240e66f714c2ffbf7602b1afc037ee778f2f7c02de,31.007355281627266,2.0
4,12.216471672058105,0.3249473102873708,True,25.674691162109376,2.1571660203419847,38.497474937438966,38.37774467468262,38.351840019226074,38.43070030212402,39.06233787536621,0.30204944803118305,2450.5255729686146,100,10.0,482.619375,1329.221502781361,-0.88,-1.0095,0.07829910599745057,-1.93,-1.9070999999999998,0.0079113842025274,0.05249210113839342,0.5444336034613341,1.1462478894164074,0.717,0.7056474999999999,0.003181704535308082,0.0,0.0,90.53151448567708,133.6235684651708,229.15508295084788,0.9644290293296348,0.04212842954048578,0.0916841073150888,0.0,data/raw/pipeline-0238-run-001/logs/00000001.BIN,115.79727172851562,1329.1654644109383,296.50095687451255,9.958843021306944,-2.554879323908251,10.281340510009766,105.70596268276788,0.05881143710735242,0.002115986100780788,-0.4461979323908251,0.8949343021306942,2567.794063521225,2567.4691162109375,2568.0,240.33965899999998,31.358267857403643,242.279716,pipeline-0238-run-001,pipeline-0238,0.4932377114892006,0.0037994111586912033,-0.5279459758018631,-2.170258419935024,0.006021234693544102,0.006848996883766618,12.215012197494508,12.205085754394531,0.003033376655650884,pipeline-0238-family,train,7262999455501828946,d12a8f8997634cee977581cbaa5548c04facc1f5,6c58c27282539d3519962692d87bdfaba41ce01b094a18e3956a3473bb14fe20,2f5ce03671f92bfca42dabff69a505058fb52e27086fafbd86a866f5b4af27cf,e6e663b22435c683bcec8d153d455d8e2f03237a9b96bb5ab7ac18ce0e83dbc2,115.7834714645009,2.0
4,12.271283149719238,0.27905175180740116,True,22.74631103515625,2.5589230390540294,32.953393898010255,32.899160385131836,32.88617420196533,32.91137886047363,33.22153930664063,0.20549538771550233,1950.0886538082648,100,10.0,520.19184,1429.722821426882,2.52,2.5137,0.015274488534808558,-2.23,-2.2031,0.013393655214317002,-2.1504069801315486,0.5761091741639166,1.1746297027047108,0.663,0.651165,0.0030614988159396723,0.0,0.0,90.36909993489583,117.66871873220191,213.03781866709772,0.4092816055730567,0.055871052882606714,0.0986168240549936,0.0,data/raw/pipeline-0239-run-001/logs/00000001.BIN,115.55364990234375,1429.6624714504112,1.1906993910191377,-2.721432111152121,-7.794742135680893,8.256161196183673,68.164197697369,0.07758205006821906,0.0027746824643186444,-0.9997842135680892,-0.020773211115212097,2274.9101552674324,2274.631103515625,2275.0,249.93248699999998,27.912727660864697,270.259353,pipeline-0239-run-001,pipeline-0239,0.42296917766332626,0.0025838391600140963,2.3866548339497173,-2.1516842478685994,0.0001159050461865263,0.007069421205717247,12.270479125976562,12.263197898864746,0.00205160619011449,pipeline-0239-family,test,902511950720478607,d12a8f8997634cee977581cbaa5548c04facc1f5,6c58c27282539d3519962692d87bdfaba41ce01b094a18e3956a3473bb14fe20,2f5ce03671f92bfca42dabff69a505058fb52e27086fafbd86a866f5b4af27cf,2411f6d18b8e41505001c4150741d22d87a3c36f4e5406e72e985d68fef06bf8,115.54605840346899,2.0
4,12.223204612731934,0.38753395979483685,True,18.449629150390624,4.474376241513059,37.92382568359375,37.68404006958008,37.675588607788086,37.73613262176514,38.846726989746095,0.4974798350228852,1985.040089292078,100,10.0,352.599737,968.127141109179,0.45,0.39390000000000003,0.03343336656694925,5.11,5.185499999999999,0.03920140303611599,2.6503819931065538,0.49530260294256195,1.1075579104627646,0.725,0.6985275,0.006502633601088099,0.0,0.0,51.70933787027995,131.72482436517666,188.4341622354566,0.8762995897216577,0.07074910050055194,0.08281084557796405,0.0,data/raw/pipeline-0240-run-001/logs/00000001.BIN,57.56400680541992,968.0658672951035,304.9854676725292,7.7992029461106025,-10.919003650860766,13.418353375959773,180.05220732213104,0.17348779126518604,0.002680416853698743,-0.5733503650860767,0.8193102946110603,1845.3504489988572,1844.9629150390624,1845.0,167.320545,22.507641890482038,185.279192,pipeline-0240-run-001,pipeline-0240,0.4859579464793205,0.006202626609369627,0.6861821764617891,5.180582740820021,0.0024582999606809607,0.004059245588970516,12.220738000869751,12.206121444702148,0.004978678359103696,pipeline-0240-family,train,430960273997635957,d12a8f8997634cee977581cbaa5548c04facc1f5,6c58c27282539d3519962692d87bdfaba41ce01b094a18e3956a3473bb14fe20,2f5ce03671f92bfca42dabff69a505058fb52e27086fafbd86a866f5b4af27cf,878d6b761384534b39da165608c785da421ba85ff131519797c4f912f9564e2a,57.566702226565546,2.0
4,12.293792724609375,0.34210156618814835,True,10.391942626953126,0.0950424474797491,30.744559516906737,30.626599311828613,30.626310348510742,30.65096664428711,31.180328941345216,0.26716032909581217,942.3819916633564,100,10.0,261.384571,460.75441101967704,-0.01,-0.027399999999999997,0.007565712127751095,0.06,0.1358,0.05569883302188655,-0.10079351753490465,0.557660573632268,1.127287629290093,0.639,0.6269625,0.0028037642108422766,0.0,0.0,59.73150634765625,45.61566477126878,110.34717111892503,0.18848526623169842,0.04205180260149668,0.0943101430780311,0.0,data/raw/pipeline-0241-run-001/logs/00000001.BIN,69.59725952148438,460.6950416669381,125.27773405668177,-8.136512146582145,5.639192507604534,9.899662724017515,98.0033220493019,0.0034318649423049504,0.002422983464320746,0.5774992507604534,-0.8163912146582145,1039.5363642615007,1039.1942626953125,1040.0,122.70506499999999,12.77539853916122,138.679506,pipeline-0241-run-001,pipeline-0241,0.395125715136528,0.0034603926523066463,0.10854410374555168,-0.09111038577000335,0.006305399521224899,0.00500041188777343,12.292556657791138,12.283761024475098,0.002673195288014638,pipeline-0241-family,test,6202738257440686125,d12a8f8997634cee977581cbaa5548c04facc1f5,6c58c27282539d3519962692d87bdfaba41ce01b094a18e3956a3473bb14fe20,2f5ce03671f92bfca42dabff69a505058fb52e27086fafbd86a866f5b4af27cf,8106cda36d8c236f089155e95a572faa4678231b1c18d2b83b419928d0c34989,69.60170127682274,2.0
4,12.273762702941895,0.3183056000950728,True,16.61063491821289,0.039919061000690696,32.760106544494626,32.64133071899414,32.61630821228027,32.66649532318115,33.23502426147461,0.278455512101045,1560.3155434677785,100,10.0,370.469253,805.2407973052614,0.01,0.013300000000000001,0.005109794516416487,0.08,0.0379,0.03137817712997363,-0.004446185873660207,0.6259713917100442,1.2718062726584511,0.661,0.648925,0.0028678171141131043,0.0,0.0,85.97439575195312,80.48829313933102,171.46268889128413,0.39188486842419196,0.039950666595384446,0.09589837496370925,0.0,data/raw/pipeline-0242-run-001/logs/00000001.BIN,108.96159362792969,805.1799447621682,282.983540748909,9.73111631467091,-2.2843083970586027,9.995633525821502,99.91268958252678,0.002021410118219777,0.0021820787454376375,-0.22464083970586024,0.974441631467091,1661.3817974213841,1661.063491821289,1661.0,183.19252699999998,20.384145149896373,187.276726,pipeline-0242-run-001,pipeline-0242,0.42147662699222566,0.0035803143246818476,-0.01447282742791304,0.06278352957931943,0.006393888960592449,0.00872600313754512,12.2723965549469,12.26294994354248,0.0027923782909934163,pipeline-0242-family,train,9009380666085135968,d12a8f8997634cee977581cbaa5548c04facc1f5,6c58c27282539d3519962692d87bdfaba41ce01b094a18e3956a3473bb14fe20,2f5ce03671f92bfca42dabff69a505058fb52e27086fafbd86a866f5b4af27cf,25ee3833c4191a294dacde6e616317f2826dcac516ce6d124bba8b341dbc8d81,108.95877182825717,2.0
4,12.28205394744873,0.3241648822215666,True,14.510100158691408,0.10938422734351279,31.95466320037842,31.811373710632324,31.78705596923828,31.835959434509277,32.54497947692871,0.3332748849478111,1374.3659960696407,100,10.0,337.634059,882.2184383030977,0.11,0.0755,0.029576172842340504,0.87,0.8189,0.030262022404327155,0.815065979420355,0.5480565283829723,1.1477923674148538,0.653,0.6392175,0.003439504869890435,0.0,0.0,53.78494008382162,96.05060159674642,154.83554168056804,0.306558130685667,0.06378043276914142,0.09187737100515606,0.0,data/raw/pipeline-0243-run-001/logs/00000001.BIN,60.67741012573242,882.1644308161569,12.912423246278768,-2.309904742815971,-10.566075767640669,10.815619124599714,116.97761704840707,0.0030632281292632835,0.0019807561287643995,-0.974717576764067,-0.22344047428159708,1451.3341807513623,1451.0100158691407,1451.0,159.94932799999998,17.80588198512413,177.684731,pipeline-0243-run-001,pipeline-0243,0.4105828636884689,0.004231554256929554,0.17489991371916103,0.9054826172855728,0.002870357327956299,0.0049689439252351055,12.280466651916504,12.269970893859863,0.00332125844928805,pipeline-0243-family,train,3843889366483645406,d12a8f8997634cee977581cbaa5548c04facc1f5,6c58c27282539d3519962692d87bdfaba41ce01b094a18e3956a3473bb14fe20,2f5ce03671f92bfca42dabff69a505058fb52e27086fafbd86a866f5b4af27cf,4530120ceda5d153373f134a25445ab30f301947cd1bdbad1b46692d8f3e6766,60.67478993491915,2.0
4,12.27821159362793,0.352266204434045,True,11.467053619384766,5.241076752536451,32.247067031860354,32.19097900390625,32.17915058135986,32.20489692687988,32.50325469970703,0.18801095337205362,995.9060021314344,100,10.0,278.187014,492.44538162430337,5.05,5.1377999999999995,0.07874744440297735,1.85,1.8421,0.00803679040413523,-1.523625847779552,0.5435721310409937,1.107974461645322,0.663,0.6430800000000001,0.004563288288065968,0.0,0.0,63.447469075520836,42.73354481733637,111.18101389285721,0.3217924250797015,0.03902633267377849,0.09452429768304535,0.0,data/raw/pipeline-0244-run-001/logs/00000001.BIN,75.17120361328125,492.4080973030678,176.4883181793564,-5.750919472528553,8.139086528284416,9.965831841567915,99.31780429440894,0.19677707291298607,0.0048836926624317495,0.9981186528284416,-0.061311947252855374,1147.0576281429105,1146.7053619384765,1147.0,129.50234499999996,14.081774229733991,148.684669,pipeline-0244-run-001,pipeline-0244,0.4145784965157509,0.0022425113410184864,4.902713572311955,1.7090684917620051,0.0036475184042501496,0.0037714245573024123,12.277535581588745,12.270499229431152,0.0018685800792464379,pipeline-0244-family,train,7409686250596458469,d12a8f8997634cee977581cbaa5548c04facc1f5,6c58c27282539d3519962692d87bdfaba41ce01b094a18e3956a3473bb14fe20,2f5ce03671f92bfca42dabff69a505058fb52e27086fafbd86a866f5b4af27cf,8e86c76feaea76b8373304e48d91c883520217abc2d6f45f0541a36bbaa6c6a1,75.17644427824624,2.0
4,12.292349815368652,0.3302888692437591,True,12.074569244384765,0.02191869588523465,30.98334930419922,30.76994228363037,30.750420570373535,30.84011745452881,31.78014602661133,0.47650496082719584,1186.3852167381372,100,10.0,272.176919,255.7016421516559,-2.42,-2.305,0.1130530848760882,-4.6,-4.4651,0.1294178890262084,5.0249042359800935,0.5551933700197321,1.1112131407735018,0.65,0.6309375,0.005107699457681515,0.0,0.0,81.45148213704428,51.396325674954944,137.84780781199922,0.1789215862335037,0.2254173955363924,0.06616314492411725,0.0,data/raw/pipeline-0245-run-001/logs/00000001.BIN,102.1772232055664,255.64924162299286,207.5584693636878,6.9308246649555425,13.330862582490518,15.024920223735029,225.74822772960187,0.008019722860880584,0.003903243078373075,0.8865762582490518,0.46258246649555423,1207.7872133077203,1207.4569244384766,1207.0,142.314718,14.843699383472396,129.862201,pipeline-0245-run-001,pipeline-0245,0.39879972666502,0.006147863836807142,-2.281441347034954,-4.425066084666034,0.012965129663934932,0.021092751072308374,12.290158233642579,12.27430534362793,0.004792365934156676,pipeline-0245-family,train,951222983430090102,d12a8f8997634cee977581cbaa5548c04facc1f5,6c58c27282539d3519962692d87bdfaba41ce01b094a18e3956a3473bb14fe20,2f5ce03671f92bfca42dabff69a505058fb52e27086fafbd86a866f5b4af27cf,bc48733bc5bb1098a3095d63a28e99d5f32e3596c63cacd1c9a9fd8f309800db,102.18786544809414,2.0
4,12.250753402709961,0.3016462079415305,True,19.98844024658203,0.0916567879516143,35.22154365539551,34.92559242248535,34.897010803222656,35.04139995574951,36.325951766967776,0.6158244490322018,2339.280704219375,100,10.0,360.386621,782.0736377552178,-0.43,-0.4268,0.007858753081755408,5.82,5.8378,0.014462364951832677,5.852663164169146,0.5292436150759463,1.0561320894980268,0.693,0.6724475000000001,0.006575883495774532,0.0,0.0,45.52578989664714,188.5724909051284,239.09828080177556,0.5873309025528688,0.2510094127102431,0.06389175223039192,0.0,data/raw/pipeline-0246-run-001/logs/00000001.BIN,48.2886848449707,782.0377536445918,356.7151398661332,0.9996908991919053,-15.821376314008077,15.852928132158517,251.31533036338294,0.013779498078172817,0.002706373378752596,-0.9983576314008077,0.057289089919190524,1999.1456708661447,1998.8440246582031,1999.0,197.124452,24.45112041356766,163.262169,pipeline-0246-run-001,pipeline-0246,0.4528042423725128,0.007800464522198569,-0.4144175297438196,5.873525234708543,0.00019657645863844665,0.003703155961754612,12.247779941558838,12.229738235473633,0.006163885015267524,pipeline-0246-family,train,930146100209496453,d12a8f8997634cee977581cbaa5548c04facc1f5,6c58c27282539d3519962692d87bdfaba41ce01b094a18e3956a3473bb14fe20,2f5ce03671f92bfca42dabff69a505058fb52e27086fafbd86a866f5b4af27cf,a2f71f2cdb5012b6a3a798d98a2149e77a1ccba4084c4e9c628eb12d1e363812,48.28963777726806,2.0
4,12.307987213134766,0.3143247459513532,True,11.327495361328124,4.998733862143422,29.377603187561036,29.205163955688477,29.181808471679688,29.252843379974365,30.072363662719727,0.38059085461913916,1024.7969604754608,100,10.0,279.65476,558.8596070884386,1.41,1.2419,0.11913601470588144,-5.22,-5.1575999999999995,0.05284165023918156,1.7764608482769049,0.5503215139305737,1.1667694599367946,0.646,0.6127625,0.007059114232678211,0.0,0.0,52.62248229980469,67.95852695263687,125.58100925244156,0.019199965595094074,0.06779199419629561,0.0859819568584423,0.0,data/raw/pipeline-0247-run-001/logs/00000001.BIN,58.93372344970703,558.7876343471203,96.02871098354667,-11.186647884826668,6.207356880061038,12.793450290501701,163.67237033553806,0.19831645325998185,0.003027597479309566,0.10497568800610381,-0.9944747884826669,1133.0638608787638,1132.7495361328124,1133.0,135.19506700000002,13.92879727173021,144.459693,pipeline-0247-run-001,pipeline-0247,0.37922788083553316,0.004793746521479041,1.6452134461289138,-4.794084428140858,0.0063242018461460246,0.00421306222286882,12.306206789016723,12.294326782226562,0.003805346470295353,pipeline-0247-family,train,1431242061169340145,d12a8f8997634cee977581cbaa5548c04facc1f5,6c58c27282539d3519962692d87bdfaba41ce01b094a18e3956a3473bb14fe20,2f5ce03671f92bfca42dabff69a505058fb52e27086fafbd86a866f5b4af27cf,cf73639a02a9968392e92dd7e43c68756e2bf51581bb98a3eea4b2d1f7990283,58.94044174395869,2.0
4,12.219622611999512,0.33897837436643385,True,24.069500915527342,0.5515891125172048,38.32750755310059,38.04097366333008,38.001952171325684,38.129533767700195,39.564613342285156,0.6281854957898734,3187.985963533951,100,10.0,414.9173,1208.6868913960543,-2.32,-2.3675,0.03587129771837092,4.61,4.7219,0.0921270318636175,5.253298517213016,0.49865478488833637,1.024846654670822,0.722,0.7018175,0.007263896595491988,0.0,0.0,39.801747639973954,254.63722456091435,299.43897220088826,0.9074669433687401,0.20059173700473973,0.0661055546978027,0.0,data/raw/pipeline-0248-run-001/logs/00000001.BIN,39.70262145996094,1208.664777697156,339.3668150114895,5.891565841882518,-14.080369957320848,15.26326852952081,232.96736620426034,0.03968146287421525,0.0024669010319392118,-0.9358469957320847,0.3524065841882518,2407.2890699271006,2406.950091552734,2407.0,211.84023000000002,29.33559260861358,203.07707,pipeline-0248-run-001,pipeline-0248,0.4910743513703346,0.00794803862811665,-2.361233001185996,4.739836055918242,-0.0006005587696563452,0.004261401350895553,12.21670352935791,12.198734283447266,0.0063079907146078315,pipeline-0248-family,train,344942378473998286,d12a8f8997634cee977581cbaa5548c04facc1f5,6c58c27282539d3519962692d87bdfaba41ce01b094a18e3956a3473bb14fe20,2f5ce03671f92bfca42dabff69a505058fb52e27086fafbd86a866f5b4af27cf,7443dffeea583ecab9f90e435d6d83f6c4bedf6419834eec18fa124da55d3c1b,39.700156909663974,2.0
4,12.224705696105957,0.342634553631342,True,23.31320364379883,0.07626112324883533,37.683098335266116,37.53506088256836,37.50876235961914,37.58696460723877,38.27431640625,0.3278784587501563,2262.1661505309876,100,10.0,454.797175,1365.615302933276,0.28,0.3528,0.047351451931276614,-0.27,-0.32030000000000003,0.02677517506945566,0.4703659969436842,0.5617283534456301,1.163706385208922,0.709,0.6966674999999999,0.003175207670373706,0.0,0.0,67.81078592936197,143.30196757769502,216.112753507057,0.8852823508950626,0.03987616163412518,0.09198279872523987,0.0,data/raw/pipeline-0249-run-001/logs/00000001.BIN,81.71617889404297,1365.5553006967432,141.44590045321144,-6.585457869009729,8.140400759444926,10.470643717979984,109.6343798688737,0.0028357804189119234,0.001948468049146784,0.7820100759444926,-0.6232657869009729,2331.6629989335142,2331.320364379883,2331.0,221.11984999999999,28.48499900939436,233.677325,pipeline-0249-run-001,pipeline-0249,0.482834607064724,0.004092058447999776,0.008411535663054361,-0.0035720128599355003,0.007505363846721593,0.005130813737890164,12.223169803619385,12.21279525756836,0.0032904604402193022,pipeline-0249-family,validation,7186216512982302291,d12a8f8997634cee977581cbaa5548c04facc1f5,6c58c27282539d3519962692d87bdfaba41ce01b094a18e3956a3473bb14fe20,2f5ce03671f92bfca42dabff69a505058fb52e27086fafbd86a866f5b4af27cf,db86919af740bc6dbb23ba709f2d2e081c6b2d4ada9fc3b47e297f96408b1be5,81.708602333849,2.0
4,12.293042182922363,0.24711310463817426,True,21.115551544189458,0.7762468835549893,30.837997360229494,30.702205657958984,30.67807674407959,30.726091384887695,31.382498741149902,0.3097214263592507,2002.7904096656114,100,10.0,485.699809,1458.9694497834544,0.84,0.8066,0.025582024939398342,0.53,0.4473,0.05199721146369294,0.4981180841639527,0.5636259573010509,1.1671924232641386,0.642,0.6286999999999999,0.003293174760015025,0.0,0.0,75.25863138834634,153.54531478147538,233.80394616982173,0.1948212779506597,0.05801695336183671,0.09325434604410711,0.0,data/raw/pipeline-0250-run-001/logs/00000001.BIN,92.88794708251953,1458.910459242959,3.6784510947301228,-1.4480487368852557,-10.426705970194233,10.526777404945877,110.81304253327905,0.017482399819957587,0.001975146612125611,-0.9979405970194233,-0.06414487368852557,2111.802267523584,2111.5551544189457,2112.0,238.81776800000003,25.92913157991524,246.882041,pipeline-0250-run-001,pipeline-0250,0.3968402960896492,0.003922639075877483,0.7623324612856837,0.6841886647487386,0.001512649773612793,0.005764751339275798,12.291580715179443,12.281695365905762,0.0030947579089228333,pipeline-0250-family,train,6452933620574455882,d12a8f8997634cee977581cbaa5548c04facc1f5,6c58c27282539d3519962692d87bdfaba41ce01b094a18e3956a3473bb14fe20,2f5ce03671f92bfca42dabff69a505058fb52e27086fafbd86a866f5b4af27cf,b1d1471bf39c20bbbe6e3b6604da5356b3baf2a8e78db17b3e391cdf9bef649d,92.88592575478175,2.0
