run_id,actual_rtl_charge_mah,headwind_m_s,ridge,net_16,net_32,net_64,net_128,net_256,net_512,net_1024,net_32-16,net_64-32,net_128-64,net_128-64-32,net_64-32-16,net_128-64-32-16,net_5x16,net_10x16
pipeline-0001-run-001,1071.970964050293,2.4849633576103245,1012.9264322268311,1051.1168825585694,1054.6186092041728,1047.927314617127,1029.5958431886131,1050.8454985444391,1053.7168018243528,1046.1022019294617,1051.973384487191,1055.6940665755135,1046.2595498155374,1056.9500771864648,1056.1301717082758,1057.7577851459498,1040.254322791523,1126.122821007256
pipeline-0002-run-001,1304.0767944335937,0.1838929128527865,1286.933877194685,1309.894991420447,1300.256692132124,1295.9869970106736,1304.988967687568,1303.6259587427714,1301.67230216329,1299.431297932507,1300.3115340080822,1295.340356848083,1301.959168490444,1302.8408901060586,1308.6779170946666,1301.6161287266384,1307.5163845608524,1264.4110185903876
pipeline-0003-run-001,1544.5511108398437,0.4597477345595001,1546.9936782914367,1564.293171252095,1508.5722562952778,1530.6222838416188,1546.0080709580322,1549.945821979478,1537.7061057103974,1540.723504122767,1544.8283247168656,1534.882362412705,1530.345883511052,1539.2568171355408,1534.7482807951856,1539.4127942992955,1549.7467367517518,1509.450656255207
pipeline-0004-run-001,2027.3917999267576,3.203714018498802,2099.973072588305,2088.3284023232713,2056.3212479643475,2047.6591299446961,2027.4488814167723,2054.0985676889027,2039.1928094924926,2047.2451970087052,2062.9643686542827,2028.5543513202545,2043.5626452023055,2042.3830219437239,2035.6062324105897,2035.9797550949381,2047.1310513994556,2050.9020130044114
pipeline-0005-run-001,1958.1971130371091,-1.2889286497324592,1970.5635064956532,1960.1213439346814,1958.0718972317245,1949.1783613923506,1962.131623792365,1965.729197479116,1959.241532900378,1962.6255767561904,1965.0037041345852,1965.2358175944507,1976.4182004693587,1963.3987021465218,1954.6115047446121,1967.3118593358292,1955.3782804371067,1935.3457158672757
pipeline-0006-run-001,1604.4671783447266,-1.2058458289286225,1624.9361435463684,1594.2761873685774,1631.5456854675094,1591.3153059865144,1603.295381665687,1599.0045917120226,1606.5780337281924,1609.4599815103322,1587.2919269164524,1614.1754938623665,1624.450540275556,1611.2721347531058,1604.7343793564312,1606.8491456352203,1596.1847721146833,1592.5876599031833
pipeline-0007-run-001,1097.440753173828,2.5567805579622185,1098.6907059689315,1090.5680476135783,1091.2599364113519,1100.2404473047982,1111.8886319641654,1098.7943654352703,1091.2348546000392,1102.2750645141614,1104.2637595449012,1100.0627873576652,1097.8770228903593,1118.5389773428772,1119.032721104537,1101.1237513653189,1103.76905422549,1058.5822420368625
pipeline-0008-run-001,1323.1202140366736,-0.8375832123344037,1327.2701502118618,1313.3965640181543,1333.5434794596101,1325.5032535495523,1334.3644587961437,1326.9739401789163,1322.8904962181277,1323.69584383924,1329.269332680917,1323.7838268905873,1330.1737719648236,1326.2131941443688,1330.6528615695204,1318.5531270378015,1333.3055537888724,1315.8931308510748
pipeline-0009-run-001,2646.578568892045,3.39029162554223,2645.295837820133,2584.4455671117,2600.5816701450317,2623.2000258055236,2603.92105562382,2624.060202667102,2618.915844272642,2652.2706100074774,2630.635689934203,2644.6323575643514,2611.4092195542285,2622.5955555874516,2647.568170013616,2635.795702862521,2597.5427028913195,2633.398456800702
pipeline-0010-run-001,1315.724708557129,0.2685041273373478,1316.7078389067187,1319.11809487377,1314.222555237069,1337.0171520801578,1304.5883322746379,1326.1552900210886,1311.0744927375115,1338.7917291133156,1321.4134522958002,1322.3106861866345,1330.967374175398,1322.8304801559123,1314.9761467644685,1319.669917421974,1310.0606176219883,1372.0149515914902
pipeline-0011-run-001,1425.988812255859,-0.9167140346206636,1433.0803751218666,1432.4459003851114,1429.1003437203672,1429.9371250085587,1429.1311061207932,1425.282902794569,1420.0272861922783,1426.279135161148,1436.961349230163,1431.9327441045825,1432.699346455083,1432.2170074875855,1434.1628174099533,1419.1291572165167,1438.3448476558108,1437.4175971878324
pipeline-0012-run-001,2306.475830078125,1.4524976492290138,2287.759711830804,2325.4396683745827,2327.751214643751,2309.999699432369,2316.2122861386356,2317.8622544962286,2308.613004034478,2320.0714588745163,2331.3620043292335,2325.1725308467016,2309.0929055607326,2315.1434696268,2326.2260135012134,2309.852721794247,2301.7678608325054,2321.6189270826726
pipeline-0013-run-001,1064.1130859375,-6.00433070444747,1077.6097688248287,1003.1151366414259,1061.1419271537225,1021.3598955914767,1044.9969603962857,1042.541675273224,1077.7598968142386,1060.1358108981922,1061.4254450988508,1067.2884854418764,1089.3924054133913,1079.6429724358338,1062.5870105319184,1092.451863860646,1056.5844767382832,1087.617714979118
pipeline-0014-run-001,1162.770122433497,-0.0477263977096688,1167.0829855742081,1157.0110072656298,1144.1379661078017,1157.861531574026,1155.810821791633,1150.5090187753133,1159.812329290868,1153.2320770613176,1151.1649937879222,1158.6906014638892,1147.0798361005047,1156.0548391309303,1162.6468696143472,1160.159889930527,1166.5411498665296,1258.2675148852445
pipeline-0015-run-001,2363.331640625,-1.1806284255226482,2383.0440175555696,2287.8662954249116,2374.076252478529,2352.1436542296433,2340.5880889207983,2339.8540039173968,2330.7879858915217,2326.9685527521315,2345.263513188343,2347.396817400175,2346.496404028647,2365.7314009274464,2326.154818829016,2369.611475744006,2337.4190402066383,2340.4209879812233
pipeline-0016-run-001,1766.4212768554687,-2.8935823018488374,1774.5737199945481,1801.7927881400985,1794.5244472246623,1811.024079666211,1802.6048240490827,1770.5225675624604,1809.7094788737397,1816.754583790068,1760.9794984334064,1798.8250688194248,1814.6293741993898,1832.7137123425518,1800.540396600245,1819.6668442443906,1816.905152819645,1779.2856718323821
pipeline-0017-run-001,2036.9288635253904,1.9468317674327105,2048.5368835856825,2070.676113666712,2030.6572427782082,2085.1290081886186,2073.93534123455,2037.0729096306843,2055.3441717338123,2060.2924170531955,2028.506316355991,2045.410458917265,2058.834439693607,2037.0919817761448,2051.0865660612194,2051.6903326953643,2040.0863261096392,1871.8469293503424
pipeline-0018-run-001,959.2414031982422,-1.0779565356889536,993.3353001509887,960.2778560499114,976.3643352511873,975.8167948374952,977.203034940272,978.2428235144994,978.2885225613139,974.5134595442026,973.1290485863888,995.7871599578781,969.0945615758051,992.4770541932799,989.8279349627938,974.6897175940163,978.7751435957061,943.5935536144128
pipeline-0019-run-001,1169.7696411132813,-0.1177081453019537,1144.5285211615742,1180.826979390841,1167.1672519587885,1169.2873975179214,1190.1918651074875,1159.1633863742907,1165.3604766828012,1174.608342668808,1175.396350576121,1183.5589582451776,1181.1070556307056,1180.061952946586,1165.8665802762473,1172.9286860698119,1175.5494939184528,1174.47658608077
pipeline-0020-run-001,919.2473058779376,-2.641153176997998,925.9853992709525,955.2271303220349,932.4835048209574,941.6012457006676,943.479250893401,932.7032464535324,922.2809953681427,927.9314893462566,928.7811580311094,944.5273465997531,921.8869801699152,938.5550085288661,959.5135408117276,944.0423223879247,935.0443331752564,963.361371415022
pipeline-0021-run-001,738.3103454589843,-0.3269084219273709,779.3135100439217,748.3149605334823,768.1907956917129,758.1493504189133,765.9531349323744,751.8290968262813,762.6641603030275,766.5702627889877,766.4728498727362,775.0505223377353,766.3341341751669,786.411574705452,784.5942807431933,789.4566996499707,786.6309789087139,825.3961843686602
pipeline-0022-run-001,1862.648468017578,2.455748731050152,1901.8391949711493,1912.460587351198,1934.9851439953516,1910.7974947119453,1946.878017013686,1939.5882478620163,1939.9263873129264,1940.824815835639,1908.4266977115276,1935.0473716367906,1938.0687410599132,1955.52383820508,1935.898313269621,1953.7361758410534,1981.4957213549944,1950.6641844673068
pipeline-0023-run-001,2285.75244140625,4.866831093802063,2174.907537973533,2154.8353095869084,2157.850630620447,2174.1957190414446,2163.1387041998278,2171.1725144608195,2154.1343920808845,2191.125647136932,2159.199965225433,2155.2258709364364,2178.228832184326,2144.2114800331747,2149.510412014808,2151.612663552109,2101.7529894496497,2184.1555646039396
pipeline-0024-run-001,1902.9769653320316,-2.622424882575091,1939.1568947486257,1913.9217074060707,1906.495033808913,1920.4246412815253,1881.6539911733823,1913.76369168122,1880.7810850410372,1890.5822530755452,1930.6609956237496,1918.766583483114,1921.727797607006,1920.1983392118943,1902.900270672165,1902.8266886352324,1939.777545883865,1907.0669032921612
pipeline-0025-run-001,822.6777877807618,-1.163039273954785,840.6289291308672,841.6930303760504,832.1202689233796,839.8757187649647,833.2409141204121,819.4843343165918,824.7455768179774,847.3110740581625,835.978880909407,827.4035467383887,830.4525699151678,844.5344714889239,852.0294175211866,858.0017997268009,855.0442235786695,854.0413108445263
pipeline-0026-run-001,954.6257873535156,2.126289089605148,972.5050128356941,968.1292421717991,972.3165476227019,980.9799497601254,963.5128664217337,977.6808684924096,993.2835423301177,977.6491337792914,987.3468698851607,958.2340943966219,950.5362070769175,962.7339486455071,970.7095270358301,957.5896140903969,958.3018538306869,1090.7795766082854
pipeline-0027-run-001,2343.875317382812,-2.7895201471928748,2310.710322354527,2318.1790181030756,2321.1185731477945,2320.529176839234,2311.3105891032337,2333.97422371549,2353.8124879781913,2349.6479021563823,2320.5153914446655,2319.035235052403,2329.404456886305,2335.8366015625384,2343.4331029982523,2336.227326600571,2328.0670360472495,2331.553869972665
pipeline-0028-run-001,836.2062866210938,2.166056797229995,845.3361850111669,888.5580050469835,863.4464304577663,876.5967794455122,868.1819142004337,866.7479313920994,860.2339113217089,869.5430734265302,857.4218969082352,884.6655729307123,853.1789938558646,881.2633617742414,866.136205325705,867.1078553268244,859.4550830362199,870.6701282442191
pipeline-0029-run-001,1010.2629943847656,-0.7177830196989174,1001.5709931892247,1019.0807540195404,1014.3616798820749,1013.5195037312565,1015.6369384106387,1022.6685603378043,1019.0266588042456,1001.9760238445687,1012.019806763583,1027.0235552549143,1016.6151886193769,1015.3202623475157,1015.9892361113812,1015.114387655909,1015.3405576214144,979.373104740118
pipeline-0030-run-001,1550.9964904785156,0.340413577661725,1547.289006289413,1552.7342893503312,1544.6815171242677,1523.4952971932091,1535.9105410669229,1559.2609644806116,1553.7492725787945,1556.9196578792714,1534.0493294748533,1546.1931173328921,1552.9156540754395,1552.542413228438,1540.206851544506,1556.8422714214464,1538.8490808074482,1583.093658333846
pipeline-0031-run-001,1126.9349487304687,4.816367182935972,1106.4648860279142,1128.3182766698162,1121.0081085915174,1124.1772013743853,1151.8832812170915,1139.522431970864,1174.4147042865304,1123.306442836664,1159.7840643332172,1177.4740294843305,1132.32443136404,1160.3002700149793,1155.6216736738663,1172.1584307538562,1128.5296822907292,1079.6768912186935
pipeline-0032-run-001,1947.58544921875,-1.2853151097975697,1941.5810272099031,1958.4574722979794,1961.27314254075,1965.4858623013706,1953.0109367328769,1960.1686728591358,1949.811917972126,1951.7972808798913,1951.704279300795,1964.184414200874,1969.2250970190914,1959.0207381580983,1953.4941108751375,1954.5369479501203,1946.7520478615982,1933.7474758377477
pipeline-0033-run-001,1549.851232910156,3.413342532065451,1568.6683486160284,1518.659689035255,1551.1432194162553,1528.9366483668866,1552.4891635290905,1548.8316848785955,1565.639556203086,1572.8430687720056,1543.4012899993502,1558.0966460364932,1563.8040908987612,1568.5507776764637,1554.9560139786436,1565.5778679000794,1567.9682649848273,1495.865405561497
pipeline-0034-run-001,1089.7974014282229,0.761221011109408,1070.1907038190823,1096.3731063180624,1093.7247923994714,1100.8285747912234,1086.86261001877,1097.630783125346,1090.961667154266,1096.5573117384686,1086.5652290765686,1090.985371397336,1086.307421202065,1089.0115271562236,1089.3941957571649,1085.8057534720613,1094.3941048276297,1078.9590256102072
pipeline-0035-run-001,1202.996844482422,-4.164359794964586,1173.3469640033816,1188.8102576268418,1236.7317702556472,1238.3750793875986,1251.7051066831953,1233.1023582146536,1219.1661458753515,1225.7654639727764,1198.4748272085933,1209.059907285715,1213.9782961923129,1220.674974697805,1229.5812135104497,1226.4349224647756,1209.926685351603,1232.8186674760802
pipeline-0036-run-001,1741.5382202148437,-0.0481273685729188,1749.8662545420316,1715.0859055978647,1689.3904244895411,1699.5109120587113,1721.4921692568696,1704.1126696393228,1695.5707526358838,1716.9406667902485,1718.968749767336,1695.0106988900304,1715.2966266107649,1724.5716005282693,1720.5256485469738,1715.814484101116,1730.6704024386952,1693.7686554694865
pipeline-0037-run-001,1826.6234405517575,0.8885294275249609,1829.6942879899968,1831.328561069747,1799.3744130182388,1792.671440282511,1804.2073046997473,1806.4067490579264,1797.8929734059795,1808.3918278057165,1801.171774203189,1800.7596596570365,1800.458314577584,1806.1224728030847,1816.3494941868403,1807.4298463875632,1827.189146360749,1838.1996706581006
pipeline-0038-run-001,1506.641516113281,-3.117978107739092,1523.2170371365864,1511.5293862853061,1499.1991244455394,1509.9154952685876,1507.0691316745144,1503.4732671024713,1505.5259172013593,1512.7859652169475,1536.9236853003974,1496.038833724213,1492.9800746739445,1503.933929684036,1480.402676372768,1493.5917635641072,1492.4641181488075,1516.4130199824579
pipeline-0039-run-001,2230.803985595703,-3.630330593730241,2227.1056731578933,2127.8079051869254,2252.277998927315,2212.256046706873,2208.8044561810416,2214.8227340318067,2212.888825561752,2225.7993747638975,2233.1895068804984,2214.964212736432,2233.5258171762916,2225.570758864236,2186.7041869757213,2226.0102033324347,2201.7700759387667,2242.8578586664826
pipeline-0040-run-001,1505.2078018188477,3.934369108162683,1531.44465723686,1561.7011927922629,1563.5739366018154,1557.8831646139643,1544.1167849845149,1538.7547994816862,1558.5514722887676,1546.1298756424396,1590.3702796070454,1558.1297564625904,1555.8258497504128,1531.3505432675693,1530.5054979438137,1529.1625703026864,1533.8266659005433,1465.6775569731026
pipeline-0041-run-001,1561.9973022460938,3.855355019187592,1565.3632063385064,1550.0432252469209,1522.1284643276715,1526.295018816665,1528.471019295297,1526.046278355442,1537.3321857174087,1546.1563708228732,1545.359448416324,1532.0406225231025,1545.980371948209,1533.879810040277,1526.783642585984,1521.4355108274265,1510.8004900572723,1522.8845313674517
pipeline-0042-run-001,1687.0541015625,2.79113351239433,1717.1620444869452,1720.8266380362913,1693.7114740982142,1684.106010641927,1705.560959578452,1705.6919810569088,1694.366718072809,1715.0216033648423,1718.7716305900565,1701.3690636875679,1705.4465864739166,1697.9888035076704,1695.8665885194723,1686.3167365724066,1693.9075405793158,1721.9804277374988
pipeline-0043-run-001,1466.9019287109377,-1.151543496100587,1462.1018963747003,1454.1264426437053,1444.7858629265236,1470.7064035398937,1461.4156466761262,1455.0722923025126,1457.84350670649,1456.1655021821746,1454.1769963349072,1454.0948818513905,1466.7250021507168,1459.5924529509805,1456.874399894357,1456.8303140960859,1456.054918136823,1401.2613254378502
pipeline-0044-run-001,1960.1807556152344,-3.251144656143353,1921.419077150056,1983.613732176215,1945.095744307524,1961.3346114283195,1957.77521667759,1938.6902251334711,1961.9317730904431,1960.3126384583577,1986.5537389409265,1971.5258424399556,1969.8368387148691,1963.1034529176643,1964.9506170855045,1950.3273528870368,1969.633632959568,1843.2554962617426
pipeline-0045-run-001,1231.3746032714844,1.2385029942656962,1235.4736416167025,1256.1374135512415,1239.6036185037922,1227.979100256757,1226.0028304402135,1244.4715663913762,1234.1442036366152,1235.3812090232434,1225.3421078832364,1234.0900253432237,1224.5157662780523,1238.1398730153558,1234.6415794918028,1235.6265108284458,1237.8366916269333,1233.8257837609551
pipeline-0046-run-001,1986.9207794189456,3.1248257933030965,2011.9337592227312,1997.5966047777554,2053.023841836503,1990.4423833965438,2024.1041897364369,2015.4422939516608,2014.7521594722928,2018.0629935160268,2001.737407905329,2009.6003083831845,2034.3903825624493,2017.7700479665325,2046.2269630737048,2015.449746364727,2010.3384666664772,2025.2150893411506
pipeline-0047-run-001,2922.664535522461,4.6408776210676645,2932.002810621034,2902.8413830379322,2862.172000399902,2891.1706540668824,2881.6426272081844,2872.2108719043886,2890.5181262365245,2909.9114180760257,2894.435698701935,2883.1392173280306,2894.6812093073618,2869.548956520446,2884.176360040429,2895.832104836678,2922.0044571455196,2856.874736310068
pipeline-0048-run-001,1269.1198974609374,-0.1731249450194627,1247.9518315079295,1289.0778208799543,1290.3725516859267,1290.897953266767,1268.9828979146632,1278.216482559206,1275.19965092708,1286.690271328115,1297.9716409984296,1282.3286040904134,1277.509743268373,1278.8260349410002,1278.9723597688626,1282.3670698290396,1274.7353076288985,1259.1588392650958
pipeline-0049-run-001,2369.012377929688,0.3082262782995915,2350.672017384043,2396.616791867889,2398.789258891116,2380.633449673518,2389.116937101333,2384.253694246087,2391.858631836968,2392.547320867276,2382.8916694606633,2414.126173372308,2400.082622548995,2387.75368583361,2389.1669205406256,2374.8799608258655,2367.478204634319,2392.4354236635286
pipeline-0050-run-001,2176.594189453125,-2.600701938684456,2141.881114609147,2180.6920726674784,2209.194480133504,2200.678637471047,2194.279318440835,2202.7974008217457,2187.3213794478693,2199.4671252387925,2201.008593552293,2193.468737863794,2199.1878882814694,2204.875232626719,2183.0262091238833,2197.269867159824,2156.9249083067666,2167.417644491722
pipeline-0051-run-001,2483.124011230469,1.016447684772778,2476.5524463488955,2468.453568172515,2492.19088549451,2490.870100401987,2483.0534814751486,2472.823263333353,2485.420288224326,2498.7812281873457,2478.0445264583527,2486.4002048610346,2492.2805358028686,2493.653310935572,2490.4967673216156,2492.2939847325983,2483.191996777849,2511.8367365112554
pipeline-0052-run-001,839.8194976806641,-0.313227048092818,836.333832894946,853.2691543763453,850.0640078774896,860.1251830264713,868.4069223623801,856.898048614863,845.5053522565737,851.5063901229263,853.3174566252159,862.8527025582827,858.0166291694786,873.1031355375203,862.9495575201513,858.2380022757375,845.9899659063021,923.0743460308199
pipeline-0053-run-001,2040.376501464844,0.0846566913208979,2060.794856743034,2014.6732990838857,2020.251179189314,2031.4085418323841,2041.1148597938165,2026.9794561417223,2041.6334106755996,2016.091433883341,2047.3073301887653,2026.4170513184654,2006.7598899138127,2026.2721473073477,2018.3018960490429,2031.8698064570792,2023.7310218923615,1912.0612652646953
pipeline-0054-run-001,1181.105639648437,3.5210722032996755,1191.072737075318,1180.3787677114149,1184.2434994993669,1176.0042848670007,1170.5252609632596,1180.1054196192279,1189.9583254417666,1178.0762524248682,1188.4510511703158,1191.0662617358355,1189.4562707670368,1192.1187473293317,1192.9700120163154,1198.212395762194,1187.0900252299377,1202.0436635367735
pipeline-0055-run-001,1388.9899353027345,-3.753268597720725,1394.3192500382338,1361.812849970887,1381.3092960537103,1367.1046561416406,1382.1337880686585,1377.3724605348814,1378.5192605555812,1380.7197950652244,1375.0841124551998,1372.7896140608816,1372.2755155594366,1382.669723528593,1376.5652013228043,1385.091836432093,1391.8934713441456,1391.164614499021
pipeline-0056-run-001,2042.811157226563,-2.785980368308855,2087.361389812918,2097.894170041854,2039.3460578916465,2054.271296087059,2030.929613066861,2030.9840401495794,2034.0238504364927,2025.5194612782968,2037.7314255291558,2052.320569554902,2037.7923522604972,2039.8547938954682,2025.8592810344137,2043.6275860855596,2056.977022541318,2038.8572822000215
pipeline-0057-run-001,1454.6990173339843,-0.7359560612738809,1442.0350611506688,1433.4294504782767,1443.6169773042,1465.316040480344,1452.1984630291033,1449.6258808899602,1448.0100827962651,1435.7468699191056,1447.950538165769,1460.2394421172332,1450.811622824387,1457.663018115599,1466.2877542816532,1459.7031407468855,1449.7798383601319,1467.9219541842049
pipeline-0058-run-001,1255.0557723999025,0.2418335209452196,1266.9112055473843,1226.815660630582,1247.3766473001256,1251.6645270682172,1255.7899772879707,1240.8898930215505,1259.7584666670145,1254.0900621503079,1242.5835788293352,1250.165412238287,1246.4670795291356,1258.0201771097861,1250.4213673290942,1246.973195469915,1253.2670874048692,1216.0909122307248
pipeline-0059-run-001,1522.7857788085937,-2.006828323436708,1519.9248467416412,1539.6143044155986,1527.3887438493166,1520.55078479177,1549.5912757749168,1532.3512655024406,1526.7549023137672,1554.2589927813258,1524.9041080377867,1527.4626822354348,1512.878447893079,1542.3148738398634,1518.267599656023,1547.543301476381,1560.9289202150458,1537.4119981747256
pipeline-0060-run-001,2239.6731689453127,4.332713435879516,2271.243205284309,2233.0820208152195,2206.6198004913936,2257.0822631683873,2222.930706773816,2211.7839834066467,2236.7718280963763,2191.9451416223146,2217.018625406967,2233.3871129880567,2204.1552101968205,2230.888383687043,2252.974717675787,2234.2053184181514,2209.0254141428873,2236.011332787132
pipeline-0061-run-001,847.7076293945312,-0.0240681869377662,886.5975410347633,870.8481529908182,850.4095397217706,847.2398626635128,853.2197988842969,851.625141991899,859.6704258736912,883.5319423456425,851.2500408815275,857.3207189765099,859.0736674603573,862.1040720995039,852.3623521600831,869.1241747017392,858.6033759277597,905.1599702301622
pipeline-0062-run-001,2117.853469848633,3.6377730394977927,2100.4335731901956,2087.403864682492,2091.2861209940543,2101.1474025725565,2078.772243885489,2088.0157678507608,2088.9055522441336,2082.2300618553304,2094.210262124912,2101.9496996431767,2090.5484653679687,2069.6891885493937,2075.5843661938693,2093.53964472546,2088.7314730198846,1942.1586475477136
pipeline-0063-run-001,1545.0148193359375,-4.291063932000063,1558.5262490273517,1546.3867584747102,1537.304748337794,1562.824921951259,1555.6378767761823,1536.948033714429,1548.4391975489834,1541.7702277407843,1569.756332885212,1559.0437233171842,1558.6159321357916,1557.249743858568,1535.0960409160946,1557.1503555216843,1534.2577385904303,1579.688576295893
pipeline-0064-run-001,1669.8533996582032,0.1792588668341905,1651.098841251649,1655.9258914262575,1657.7607980813912,1662.2491781457495,1665.51197407093,1668.0931333458084,1657.6685812793046,1664.1358778084084,1657.1863434199029,1670.211829948468,1658.4869812722136,1673.3258878508059,1660.3899471345533,1664.222230284865,1672.3188947991869,1683.6323641236852
pipeline-0065-run-001,1172.955712890625,-0.6720221908050374,1173.9529680244063,1174.6364404716755,1197.652276275197,1178.695941563478,1178.9850402125346,1190.3922175403238,1182.4618021964673,1172.1921362919295,1192.666535960086,1183.5733907461242,1187.8069906750454,1184.2436472803822,1177.7732991265948,1181.025479560358,1176.3448584010118,1184.902459637356
pipeline-0066-run-001,1131.146417236328,-3.169525120408695,1148.3276070522088,1173.4158154575705,1136.6929498527736,1131.8861932539583,1134.8266849030297,1130.9028659420087,1157.5209698276228,1157.4406607514227,1138.4853961592544,1137.288404364172,1117.7443689895783,1131.4499025834025,1133.081677174362,1131.8769817177078,1128.9469067868595,1271.3768604505046
pipeline-0067-run-001,1660.0753845214845,2.1461718810460786,1661.4165236657989,1638.612441066717,1680.5779047023532,1649.1538586024014,1692.2472733671268,1648.5880074968597,1652.6107332125155,1654.225481978279,1673.4388677350555,1657.207043473396,1662.0716949895004,1649.7322396257066,1663.5988676715824,1677.3431631648612,1700.2257976801423,1679.1214454395451
pipeline-0068-run-001,1692.879852294922,-2.8570186099406403,1699.4154798456957,1686.4783894416341,1691.9445709997628,1702.4329115570893,1712.279198416849,1710.81712111106,1680.7078842153578,1691.1500008194264,1671.8820541354198,1697.4206761482358,1702.6324186870063,1696.0898526822464,1702.8804764875765,1698.154917420429,1691.5036541625993,1702.9625795740167
pipeline-0069-run-001,1758.932284268466,-2.574149510499717,1767.0955305132698,1722.4610543982415,1742.6886248152923,1756.866183968712,1751.0306885014033,1760.3971357063065,1748.7035112603971,1751.1310807430425,1772.8969180368601,1737.6565796876657,1741.9762027757952,1747.5503176900272,1744.1082751767171,1738.211871881001,1742.3380570259612,1740.7353389951106
pipeline-0070-run-001,1019.1554260253906,5.419339135228665,1075.9079688177997,1043.1748116093777,1054.3584212091232,1046.1161840343855,1022.0200419834356,1041.359125940152,1051.8744566735443,1057.391430378215,1045.4412051132097,1044.9327784018644,1050.0166595168112,1053.196782939251,1026.998497451759,1040.5866696181363,1064.0383986167622,983.3964493644498
pipeline-0071-run-001,1077.3010482788086,0.5790087267955754,1068.3172443015271,1054.893436885069,1067.9786935907027,1082.384507341145,1083.8879412353895,1076.713929743759,1066.5732329414209,1078.7600388948922,1075.3852500504847,1087.8764989979022,1077.6232768388884,1093.4449071646843,1087.6689698024866,1076.7828620856228,1073.460017592776,1128.1206427807274
pipeline-0072-run-001,1341.8166290283202,-4.297070986169526,1331.7901053010582,1324.9018690201442,1292.0111230683126,1318.9913762731164,1301.4489081214008,1308.3418600263676,1325.0920250013628,1299.684424385217,1338.3343322081687,1326.063198973875,1310.9019391147806,1329.1149035654869,1321.836185829671,1318.796247498448,1321.3825491591613,1251.6067143247708
pipeline-0073-run-001,1498.1197937011718,-0.496370247837019,1504.8287489779948,1450.2917336024657,1484.2874101908103,1495.5658989655883,1497.8283631266033,1492.9445417580293,1490.1584832150281,1516.3455094393357,1475.3816616546326,1501.1497067408338,1509.9011618636002,1510.9573166203043,1476.1043589863887,1503.293305627237,1479.44159098759,1565.3809331534176
pipeline-0074-run-001,1777.5803527832031,-2.343529252901711,1776.5752896290367,1777.6739050017422,1784.534759791334,1782.6318315628089,1782.3721444649873,1794.3550226490845,1780.272162448502,1774.7633981570198,1781.228211663644,1780.9865503462927,1774.9485521893105,1798.1965225838323,1771.4821693510858,1785.0597809560513,1782.4668203764295,1827.305203727433
pipeline-0075-run-001,933.76875,0.5859150884656077,950.0795828078888,941.5463354877614,934.3585383447817,935.3307579694628,939.9547482459096,930.9843708293657,936.6521638061146,936.353003995634,933.3923969422555,933.6101305467105,934.0812221864358,934.7263569026333,937.1771948421966,938.7346129497224,928.795354466879,925.7537476992875
pipeline-0076-run-001,1149.131851196289,-2.7624997433314906,1163.848607264125,1152.2726374775664,1181.6217056469152,1161.4789447354044,1168.7725132094697,1160.464550246378,1159.3106622767486,1152.32098660622,1144.5002015261236,1159.8834163117901,1144.25677069312,1154.932084921201,1155.0445656761199,1154.9112710709983,1135.4658437836054,1179.959377520665
pipeline-0077-run-001,2333.2535400390625,0.5238869298305858,2326.5942780268397,2327.814426311834,2345.4008205141567,2348.41806232334,2337.6612140486804,2330.2498184507403,2338.7840934274373,2340.7110949924045,2337.3364373566806,2338.9079283775473,2344.867975720807,2342.431406131543,2346.537081362491,2341.8028553458976,2340.389649007802,2392.8813933197366
pipeline-0078-run-001,971.217288208008,-1.710708413950174,975.1547397952052,938.7276211345878,965.5795103046211,970.8099790904585,975.4828894379892,970.6286197669,960.8617213287024,975.2866578493636,974.2699513920219,977.6060436958436,961.2614880127425,973.6966681311396,980.3534300998195,980.6217464876914,971.1109274022488,963.9292979079241
pipeline-0079-run-001,1639.9744750976563,-2.077951107680687,1653.2539301122054,1641.094284189264,1641.2684661208714,1631.7507023604205,1622.7023046698034,1643.83777835226,1625.4442425628713,1625.2047304593482,1635.4190259827913,1650.2874375640297,1640.8619439806419,1641.6963361309784,1641.3365624153794,1644.8234218022963,1636.4769649526188,1662.0918549454625
pipeline-0080-run-001,1521.5913925170898,2.7141707328709304,1557.3182054088115,1445.6142961012254,1486.2367062875664,1484.0734170439284,1473.7773016106737,1470.3286547900318,1488.0023433359163,1485.3377229827922,1478.0832523997615,1502.985071274501,1516.3890083972644,1492.1713412792985,1480.8838254976836,1488.443151243743,1522.990989664153,1615.8240002898476
pipeline-0081-run-001,1006.2977416992188,2.01053607107284,984.50962533231,1010.9406584432894,1026.1052775294174,1022.0106780124421,1005.0953225235893,1010.9429182092186,1010.624918970011,1016.6227511472438,1010.139261671034,1017.201782111208,1013.3435295541327,1002.7273664534638,996.698567090671,997.9543052604826,1007.0036694155491,1014.8207454020154
pipeline-0082-run-001,960.8645446777344,-0.4121884376875858,939.5222550220606,966.5076994573552,954.7142433754967,979.0165926115483,987.444844773867,975.2591696514779,968.4153619837756,950.3920298295685,960.7865006550705,975.545183064774,968.9884090950997,964.7605430110316,977.8367389418132,966.9570051340685,949.292619728034,960.0681864071406
pipeline-0083-run-001,1523.6819213867188,-0.5472683763105992,1522.0855612682658,1535.5414408482004,1528.9760506454331,1536.7009314251047,1526.6992394740876,1527.425356618259,1521.7603474609034,1517.3981863221163,1506.4937261024304,1520.6924180432443,1538.689219373631,1521.4204877922475,1525.0047617927423,1509.096391364753,1517.4523363086191,1561.1515927539983
pipeline-0084-run-001,1351.1438232421874,-0.4037412894427733,1354.8268877173532,1369.1368344009115,1353.7851334212567,1347.2983643654604,1349.4624188679352,1338.9239984804997,1340.168417635396,1349.8206014975503,1345.4885133899631,1338.7276475663646,1335.9387210374136,1345.8492871239068,1347.487784897052,1348.5604900886858,1338.7785838510486,1342.1769411388661
pipeline-0085-run-001,1687.7012939453125,4.7981133262066455,1650.5837250081067,1623.8273704552118,1641.8540550570826,1648.5938426417226,1633.745995679695,1643.5874435177793,1656.1952126967306,1631.7571560071444,1644.507603016519,1637.7720669995203,1629.7287122931914,1624.62415245396,1632.2086252422994,1621.2209178169242,1647.325791549459,1666.4888992624317
pipeline-0086-run-001,1034.0585708618164,-2.1870685209241385,999.6687435634742,1054.4411204400265,1069.7210458340135,1042.8592133054344,1060.4433459417044,1052.7390336450555,1060.3056982630526,1039.5454084796377,1027.8386508296546,1043.6944436391088,1037.46198775921,1037.647575884791,1022.383210563314,1032.4232429157794,1025.9020466596814,937.9647749899164
pipeline-0087-run-001,1194.5564193725586,1.780174027298998,1183.787972219627,1206.587780751065,1208.5820360203716,1200.2351136677637,1207.572644493918,1183.0240312301387,1206.1251994364052,1199.3720138853027,1209.1033182446292,1200.46523108441,1185.6886653888123,1196.011998161033,1198.7286191494798,1198.5348645436727,1200.3478172924572,1237.0745462774692
pipeline-0088-run-001,1401.4253768920898,1.4124277265193712,1394.9784929515888,1412.4379516422516,1404.372607376796,1407.0669620788424,1399.0050718233542,1422.5106658374914,1410.4346839197722,1405.3904084262383,1408.6821374491703,1404.7068555505411,1408.7763283132856,1413.812388484015,1406.6222865767625,1409.460005075266,1397.6272727285789,1393.6505359930022
pipeline-0089-run-001,1468.65771484375,-4.5005686582596125,1484.9782887602664,1482.6955475700177,1470.9376022242077,1476.4454660146796,1480.0107044378865,1472.0526771314226,1488.6085069181156,1478.9069849964746,1503.2174176876986,1485.8535514549137,1461.3118912689526,1481.6213087264503,1468.9061925854967,1480.8854494511554,1487.4793992151056,1491.8124337470292
pipeline-0090-run-001,1303.9157257080078,0.8273650768193408,1313.0986806759706,1277.422608258473,1309.874346092424,1302.3387593662549,1282.0515157480302,1286.1890735104607,1295.6566150204342,1294.1236254217445,1304.324872293669,1295.9029212381176,1282.7066085636984,1282.3008247084279,1277.5279755824884,1282.253365504992,1282.6490501632125,1235.6933883221075
pipeline-0091-run-001,2064.1866943359373,2.5845390554855525,2167.828999117645,2158.132349483953,2155.830573044235,2141.624788762984,2139.815299825245,2152.1499709249997,2131.6184475495625,2084.5751094801903,2175.0714252075145,2173.692330313092,2153.2849542571107,2185.2451837536782,2155.5746675632654,2188.868104545751,2142.402675226346,2049.7913580634818
pipeline-0092-run-001,1522.41212753422,1.324877598532213,1505.546198444093,1506.240755927289,1552.4797953895134,1525.1208708913884,1544.754047673575,1540.875038865406,1530.658769109362,1538.6064862192322,1559.8866183375394,1529.6010371142772,1534.6429204315893,1522.0030899905948,1522.4965077440145,1526.5161753215532,1548.8157767124856,1467.3650630427958
pipeline-0093-run-001,1437.2644409179688,2.448656667959437,1458.386982883334,1497.705605880473,1458.0029431864202,1457.155059470172,1456.3959507824538,1445.4595034952208,1428.1638739860582,1428.4087306367253,1478.993447785162,1441.4918507247382,1433.0653557972537,1434.1354287758884,1432.9372883006884,1424.274659561075,1407.7274106662953,1432.2550108127753
pipeline-0094-run-001,1533.0745086669922,-0.0008966134311261,1516.6498577354623,1521.3806304793495,1516.1274865402684,1528.3190670745632,1541.8968320258607,1536.0540215315623,1529.0439441185329,1535.580139406309,1543.4850915031445,1531.6995504049244,1525.709658150081,1533.3765463660932,1532.7461122755296,1529.8769762868321,1528.7330783103819,1526.733236430545
pipeline-0095-run-001,1180.3380920410157,-0.9871037397613304,1150.518947104159,1166.2447202953538,1186.2164589398365,1183.5424177937387,1185.643057680647,1191.8418757952147,1173.120935796857,1171.5178553402811,1173.6196588624173,1180.5854215042586,1182.0963915980649,1192.2970869427056,1206.378418466724,1195.2819997704094,1183.9738109832776,1175.103399813956
pipeline-0096-run-001,789.5549194335938,-0.1392945495202466,735.4684426586427,776.3376633804388,800.7155558073555,789.5219741975626,785.463755750627,785.1373018193816,774.2755640647002,768.1264025947927,783.1335048335385,804.0348008388481,785.1889124031273,802.2299774537343,791.346935949343,807.5851761553972,789.8499282345127,810.3311137364154
pipeline-0097-run-001,2333.1981506347656,-4.375683502650424,2318.06732514405,2365.3011131462913,2352.954873141659,2342.994767648899,2341.360169619016,2319.3042111567115,2351.794082090174,2357.6084905667344,2356.607585693766,2366.258819170745,2344.5154727103136,2334.094106784259,2351.0657481955436,2332.3201354438906,2330.711697059501,2271.7233187855163
pipeline-0098-run-001,1135.635888671875,0.4959471982339947,1122.0525841384638,1114.0234551854635,1121.826501015401,1113.165770419476,1119.4989297328093,1110.9017097664384,1108.9988618793575,1121.576754409983,1111.1725302412378,1108.1836514513814,1110.5932194768804,1125.5460390960807,1112.343768563901,1117.2058814126249,1113.6567761088472,1145.2081942562652
pipeline-0099-run-001,1816.1587158203124,0.991344449531508,1823.458415071413,1808.871213936806,1810.7215487675828,1818.9671902512807,1815.6605290452524,1812.9888438217965,1806.6050694311216,1818.5892782937037,1811.3949291430451,1804.7496026582237,1814.3995438269114,1822.097799208989,1813.8241122392726,1822.9739387692014,1821.612856825179,1811.2698304535072
pipeline-0100-run-001,1396.1941833496094,2.8069531398996914,1409.8183246012877,1407.7230378247416,1400.0582528358384,1405.5627413324928,1376.1872458095713,1392.69165153616,1394.62526336322,1406.3305595871882,1395.7797248056925,1402.1802814649284,1399.5465056288351,1399.8885760874039,1401.7585310953875,1398.2122742019922,1406.0224719298647,1265.625975424706
pipeline-0101-run-001,1421.8775024414062,2.5458932948017776,1442.7061308349953,1405.1069328889953,1425.5651918638496,1430.344518585607,1416.8159373196256,1427.7656885944114,1441.7233683825687,1412.1012627781602,1434.6157752998317,1431.7387840226354,1409.7372883335418,1424.252285168148,1417.1409296521945,1417.5091152235846,1422.1557795460806,1368.3791518893095
pipeline-0102-run-001,929.8018325805664,3.287487607192846,871.1302826096332,923.0450914551179,935.2720497388813,904.8794516906569,888.4489896745422,919.584876061699,921.171182980786,868.4134030737463,932.58341574656,943.2355657776258,944.8171590390581,948.9526270494856,935.3591964230019,931.3651998222953,924.2489297402772,983.9905794267825
pipeline-0103-run-001,2149.7408203125,0.0779271310233744,2121.0141638331115,2130.452618956499,2148.8033329742416,2162.6319138828835,2165.410435350445,2144.0738133399586,2152.871290557199,2163.4821670407005,2142.6741774970355,2164.08369573919,2158.2384909284,2159.6357959091624,2154.384486716033,2150.864463630022,2135.020742445379,2143.423756280521
pipeline-0104-run-001,1700.7686157226565,4.455587623855791,1704.6140612990966,1704.6913487747515,1705.0292474007408,1698.0194240368494,1687.9423261123666,1687.4424739426358,1698.9950089674282,1667.6664123787432,1706.889402975187,1712.6481483078576,1711.8300510105037,1719.2180256222134,1714.4895498198093,1721.4801404315497,1731.246462066417,1732.629706950834
pipeline-0105-run-001,1649.4016845703125,1.640875313706018,1638.630448785066,1652.518289106044,1626.4605220744854,1627.7668221695064,1650.3180332879072,1651.45208021335,1653.1382676891637,1641.1992975234418,1622.2175280511692,1643.3507979763679,1637.3038288616474,1635.2759262093307,1647.3765870235911,1649.4155494354818,1648.544356571342,1619.1603505087721
pipeline-0106-run-001,2029.081005859375,0.462646308729137,2023.659471022613,2035.3467347572532,1974.3840619232549,2003.9513821234002,1991.0030236271407,2024.924399547359,2002.7253318580806,1984.2807811261164,2008.6101220213302,2029.520512463024,2012.5581919125398,1998.615590386029,2005.1639301864172,2013.592004888352,1985.6791955382876,2175.105697311041
pipeline-0107-run-001,2084.42470703125,1.9495580593184525,2076.0338802854617,2142.2296856921535,2160.80376476022,2128.8094233736606,2119.0271829190556,2133.8693682688354,2123.3401164644733,2145.2752301846776,2137.575069655955,2160.898712162478,2143.151752966414,2137.9974592232597,2138.291185919525,2126.0291154481424,2118.8113297747554,2148.786662584363
pipeline-0108-run-001,1152.844195556641,0.9941945889472056,1148.3597989389414,1099.8523656978743,1133.7612504049468,1132.287614249388,1130.23986442517,1148.1377671826624,1162.7227504837772,1144.8408731704378,1144.369080564865,1143.7475553468832,1142.1463594589138,1153.7418205908677,1150.7298338010603,1152.8406214471736,1158.68300093276,1138.6367985505497
pipeline-0109-run-001,1777.667578125,-4.75571500173304,1801.6799960933884,1812.132265081162,1766.0806918729895,1794.7905655754137,1803.7194728670786,1816.3483370325066,1800.3071405533672,1776.7965087720393,1789.8532981361848,1777.3886606901603,1822.7084726582923,1816.4006261006289,1824.5302648136778,1808.9312060791835,1818.4637079725753,1801.9350675422766
pipeline-0110-run-001,1567.6306518554688,0.7231172293552527,1564.311275573406,1532.2654048163997,1562.8860104114656,1557.770574493876,1554.924463339891,1558.4406437877876,1557.3084328304296,1551.9382998815636,1580.369336100346,1568.8995821921783,1542.5459323368766,1553.6250125874847,1552.5452045713066,1554.233244045753,1548.9097093604094,1661.3055012920552
pipeline-0111-run-001,1801.6048278808596,0.7754659693244943,1793.6613232199763,1827.198875520101,1804.6124127861956,1797.9262680092834,1835.3432413983967,1808.0271591415092,1799.9086268516455,1797.782119390291,1806.9982879214028,1819.1477406604188,1815.7628609436397,1796.4453986219544,1804.673089589498,1802.4409896267491,1833.7791700203716,1793.1476223869115
pipeline-0112-run-001,1709.5832214355469,0.1904529110372057,1721.3761510135646,1738.9575405419655,1711.7930421955632,1699.9521345324267,1711.3408709758169,1717.0037163561165,1724.1334578046456,1721.4849205242247,1725.8114172845565,1711.8723951699224,1718.7904381933276,1726.5535115071707,1707.8229865103422,1733.2116603479137,1693.772153528761,1707.1743551909747
pipeline-0113-run-001,2647.3147216796874,0.4403127797550912,2617.5091788189893,2633.5137981544594,2602.89498356159,2626.7460494443726,2606.5514103128717,2623.7775014799595,2621.3386423411307,2609.587281187039,2621.597233080061,2625.411106525778,2613.749735820037,2606.2295712261666,2599.3772057483948,2630.620723223114,2636.691019929205,2642.8041594809383
pipeline-0114-run-001,913.1190338134766,1.2540286029179015,941.5930031859732,918.1007533307816,913.6278461594148,928.3314450093234,914.5499325631226,923.5060952231092,927.2884462816404,922.5951529057189,928.9440268457597,935.1510638621315,929.6458502707515,933.660374371601,922.5161090646301,930.9445307898154,924.9754638517189,1042.6479852070372
pipeline-0115-run-001,2084.3603515625,-3.212326990449044,2097.4059357349993,2102.8817387791028,2105.3069690595657,2128.3616205893604,2120.2646986696877,2137.396185907373,2121.7507511107146,2118.9105194289514,2134.8941868582265,2135.3241590608864,2127.9998985921425,2131.5032310906668,2122.2193115491923,2117.4207845806,2074.0979224878015,2107.685450094827
pipeline-0116-run-001,2233.40771484375,2.780669436522744,2191.975625813286,2181.2851285285683,2181.816767697844,2201.388078304926,2203.768621329956,2194.7007551166157,2201.0143527005935,2206.7823275928567,2190.6633619504823,2217.479881798565,2222.6777995704288,2218.730166437179,2194.7831734960564,2184.595149557254,2191.1382240348908,2225.3128521263848
pipeline-0117-run-001,1744.8076538085938,-4.495948719664156,1757.3179721322485,1701.9112130350788,1774.2347785506397,1731.6812026437344,1750.8541100436162,1742.9548470149696,1736.6791110572383,1726.9681326012567,1760.2735017601724,1751.1985239231992,1744.4270117678989,1741.2666942724547,1741.7192266487612,1758.439827147237,1722.968066659347,1729.0142987056845
pipeline-0118-run-001,1726.649365234375,2.7467917211345507,1741.0560061149604,1733.4946404870113,1725.3286343778484,1731.986010837434,1749.2620659675947,1745.8756523601169,1745.0198299628976,1743.9724353715762,1734.0545833361184,1750.340240094687,1741.6450242339495,1746.7356195840623,1751.3580432952638,1749.0541995354763,1730.641003204147,1759.1826537398726
pipeline-0119-run-001,1576.3279571533203,-0.3420781874155151,1597.7479032097337,1580.3078909358155,1574.3206419659139,1577.6934002242517,1587.17115075338,1590.1108482997988,1566.679557358213,1584.6062015429197,1573.632396171589,1573.6933528313466,1580.2068612908563,1581.6141965510672,1576.0087892408253,1575.1834939654727,1583.1667825879333,1575.391301249051
pipeline-0120-run-001,1816.2896118164065,-2.5876817797682783,1820.3617155244335,1770.9966634870746,1807.250220668099,1801.6982122790512,1805.0535014718714,1808.680369095938,1812.1172353296624,1820.8905025640736,1808.7379554429635,1814.7200142964957,1813.087556310196,1827.639358867673,1822.998527613906,1818.0898314041578,1803.8449935923738,1832.0474710466276
pipeline-0121-run-001,2004.694058227539,-0.6592963344346282,2027.151224110961,1997.4922054704728,2009.0410606601647,2017.963488674089,2014.0662294091755,2020.5887521966,1995.805477627786,2012.3605166312002,2030.8860923475052,2032.7445113691963,2018.6660667212336,2029.8192324060449,2012.5093730956658,2016.9174736759435,2008.568368262805,2032.33954709912
pipeline-0122-run-001,1744.4651000976562,4.845159783106707,1747.46251152454,1738.728232693181,1738.085146948213,1732.3206411565168,1753.1005364548575,1759.9629225169983,1742.9057818321146,1741.2928051615597,1777.2542888258042,1740.2199032967358,1775.1538917022554,1749.3814752432545,1735.7102743864964,1770.0313404345754,1759.3182953963878,1767.710672432463
pipeline-0123-run-001,1392.381884765625,0.5784727654501546,1346.1836772512697,1388.0037292369734,1378.3380400058124,1359.987355939157,1371.4635239748416,1371.9116352414787,1361.8112713587172,1368.9732807006242,1360.1996105438673,1354.1789419303486,1368.0662430683797,1361.013347027375,1378.2345735729152,1355.083141961147,1373.1741555464268,1320.618900507341
pipeline-0124-run-001,1190.652572631836,-1.852245096615656,1205.5431300632843,1188.7680356302953,1171.8288200471225,1159.56222022501,1177.7061662469462,1152.7730558479434,1173.1193028439022,1171.6659319725104,1162.9048758839222,1177.264432410974,1170.4793392006713,1177.9318951341472,1171.7804258256208,1163.9624307450183,1180.2348300472302,1192.0677126943365
pipeline-0125-run-001,1402.9373626708984,1.7419938323511015,1378.0327453593932,1387.5137474826026,1364.2383993681215,1361.689090869572,1371.8713478155707,1359.3709789689512,1381.518295899152,1369.976380889062,1383.7324812334707,1368.9185546894867,1366.0713995765097,1375.5995536602202,1370.077909982474,1372.9964008602371,1387.2798248381198,1262.5106321546848
pipeline-0126-run-001,1851.655865478516,-2.737253765393553,1861.8142774117005,1842.4192998569106,1874.2472706306226,1848.6723440449884,1857.727924933785,1860.418079337226,1861.6419219265135,1858.9496626871035,1846.220225100153,1849.6744289089877,1851.1933027390648,1860.1359195173438,1851.2296020426031,1851.7712796977648,1835.491154251292,1857.0369928704943
pipeline-0127-run-001,1106.980258178711,-1.242773311656526,1101.302088476742,1081.931243648541,1105.686433820827,1125.0588455456152,1108.0792846639758,1110.8888160442314,1106.0702957547471,1122.566275483312,1103.571598203635,1112.0420774362465,1116.331627395297,1104.6882103442406,1099.8635639338559,1096.6900143583462,1110.9547140377008,1132.3793170512988
pipeline-0128-run-001,1666.8773253890108,0.3567236104853348,1651.9878273019094,1682.7938862693588,1666.8238046123754,1648.5656077687643,1657.7704769632735,1657.151770970575,1657.730053399926,1653.4500599971454,1661.6926257469606,1668.059657360028,1671.9842328723353,1665.042881291082,1658.9641869490067,1670.9182020679093,1669.6906282073612,1606.190533373303
pipeline-0129-run-001,1006.4940551757812,0.1782616997385959,1006.8958809121627,1052.1320643216718,1035.2888065606924,1008.9359557921822,1016.6439109428633,1017.8281420321774,1002.1755747760282,1002.3589228531064,1016.3990742911756,1019.8714521033231,1004.6559151685157,1020.3019481705015,1003.0919233804506,1002.1399375151746,1012.5058373429038,1097.027299086202
pipeline-0130-run-001,1858.170251464844,-3.081222483314507,1850.3641793285226,1868.2736553253562,1869.635280061185,1853.9978629280995,1859.5900052279937,1847.2774998674304,1869.9293355242535,1863.6686239851824,1869.2100563494378,1865.9470652143257,1858.85491856043,1860.8607644047354,1866.4821848563006,1852.4185568144496,1853.5628737158686,1860.1391853330042
pipeline-0131-run-001,1034.484033203125,-3.221239295794305,1041.5097285492388,1019.3129842331255,1012.4511061435156,996.7759618198605,1024.5777121112262,1017.0360102547105,1022.7845909994385,1021.6640939103858,1016.7686810085311,1005.0187858745063,1009.3557994831363,1016.787138061491,1021.8291469098376,1020.596467244548,1005.4831791843984,975.1645069286842
pipeline-0132-run-001,1276.4441680908203,-0.7462424385601252,1283.4352004090815,1262.9429542724627,1243.0163688856783,1250.592964623469,1272.0715107908009,1257.8489812158095,1268.0409076569788,1268.1325038415787,1267.79554016917,1271.2884527501549,1261.78433200346,1267.4827557158223,1260.447060955773,1267.748107221026,1254.6337927365437,1263.7542142956079
pipeline-0133-run-001,1748.0197784423829,0.6416424039086963,1734.4386265574788,1712.5681955684001,1714.534046995179,1738.331675652382,1734.343926291701,1733.8387529854429,1723.6185390040937,1741.9569384449621,1744.202958192597,1730.6325775659086,1732.6825673922103,1721.886300660448,1734.6446499505007,1730.2400791382988,1736.9757016935798,1730.0770482036796
pipeline-0134-run-001,1521.497869873047,-0.7743015505390296,1528.6810186503355,1526.0501635234668,1515.9687648081724,1540.112462493544,1543.377818130986,1540.4808561851933,1530.2066049016023,1528.3423706852443,1532.1806867684165,1545.7929996875264,1553.303352109356,1532.5667811357223,1541.0476847096709,1537.9225286163658,1517.695091764975,1538.437706591247
pipeline-0135-run-001,1514.2837524414062,-0.8682839185511122,1509.1584681326503,1514.8469397723718,1523.94065125964,1530.476755426009,1527.4644431398874,1522.922232699566,1514.8818050037105,1529.9427090713796,1512.4499946151882,1515.8708869428895,1518.0620233959255,1527.8745405731427,1525.1000570941587,1514.6984531199148,1515.8060559103044,1514.8637507439707
pipeline-0136-run-001,1555.0775299072268,-1.4226327540723018,1572.2306836919126,1547.9311944939818,1538.26087259234,1551.4397437023524,1565.8735447601487,1563.8666304794976,1551.1227278670376,1563.370752157315,1545.7260048531978,1555.4772130264353,1542.5172750744616,1548.0168856492298,1552.1321709693918,1547.1978857270158,1542.7300106276273,1538.573077528833
pipeline-0137-run-001,1481.741784667969,-1.5683426419520985,1491.092848418705,1478.976725428529,1489.4334010317634,1486.5460581993068,1503.1744043527797,1495.8769952023174,1485.267164632115,1491.68521398976,1491.8544451346036,1479.5101669643593,1485.8728562363574,1494.9326503675738,1470.5320983444574,1493.7429548118623,1483.0884584058538,1528.207159568003
pipeline-0138-run-001,1203.374066162109,0.2484074297192161,1200.3448042441896,1207.3376572553746,1215.2815911192304,1206.735556839001,1205.9844243649313,1207.661131277787,1214.7007468875206,1213.2048667711604,1214.2319486338504,1220.0479057184664,1206.6106542121036,1210.1331660473945,1207.1245263404833,1210.4489882611906,1207.4333359674104,1300.906702020614
pipeline-0139-run-001,2148.2653839111326,-0.6855431336747906,2164.793056205788,2144.5263995310765,2124.8943635320334,2142.04813621438,2136.8399140211936,2149.9603272048116,2134.749613297831,2129.911042090645,2159.840023439839,2147.16553619777,2138.1348720794135,2148.2776998823138,2142.526538001475,2142.522437580066,2146.25992330319,2158.6485657489957
pipeline-0140-run-001,1970.8828582763672,-1.09602414717015,1965.178608869487,2010.0690688300267,1983.5706721563377,1997.5945766365833,1985.6981728057056,1981.1537801301463,1992.0559428786528,1987.6307730358087,1987.4586029527811,1997.4451924436064,1981.1680912994862,1977.2569944736972,1986.9728838184594,1977.567933261483,1976.4412493508314,1990.9605531354966
pipeline-0141-run-001,2041.0894165039065,2.0135393300664592,1997.040439721029,2025.103496572033,1988.4154143186895,2007.1532157321399,2001.095425178681,2025.4815520375223,2011.0627723887176,2012.2832998831354,2002.7080150721995,2002.3739469889267,2017.6487504953081,2027.7636023674806,2011.9357434581254,2019.3530145311852,1988.5552972466496,2005.7726306232155
pipeline-0142-run-001,2159.1549377441406,3.552945700806732,2157.9891146826258,2150.667565143621,2146.6735028199537,2147.371913930288,2146.546885011095,2128.7485898974883,2158.6244877731297,2147.337265181831,2136.05701666795,2162.3898937894296,2161.22591391593,2149.848932124098,2144.3112011992284,2161.3864150519976,2139.878781745369,1961.978089272643
pipeline-0143-run-001,1186.4815368652344,2.139577488985687,1188.3768879345532,1190.0015415624578,1165.6237241981319,1156.477657253161,1164.3779847275434,1161.7440498334036,1170.665256415242,1168.067122092834,1175.9588051611413,1160.0414238502472,1163.5178596744097,1174.734236515112,1173.4175165627291,1163.6111388072466,1179.5638696011506,1137.6585619885338
pipeline-0144-run-001,1701.5347473144532,-0.3077873762255412,1720.1728610543394,1710.0283933490362,1708.0725087752164,1707.2479365509332,1717.088198204701,1715.8049203109076,1686.937300351424,1701.7196819265755,1717.4449317349938,1722.9153611784295,1700.5057831738707,1704.7833364382548,1700.3389108151678,1693.8112686069053,1698.9524612181497,1684.110749747815
pipeline-0145-run-001,1741.5088653564453,-0.2608597833218957,1734.7144443531672,1745.3905922218562,1739.2944049331193,1739.052834436902,1728.4765335960199,1748.020805243088,1739.8499661126395,1732.2930667016317,1745.6453625669335,1738.5860369275736,1727.5000907462634,1743.9869363098742,1743.8405261568232,1728.0733993281356,1733.854145084928,1607.2547542603472
pipeline-0146-run-001,1833.378121948242,1.840415608962626,1833.3807516417019,1784.1367088124932,1816.9354268159004,1821.7966680524526,1812.8059378639334,1816.748071860071,1815.3742898098117,1821.1744873472783,1832.6010266327212,1827.9252588065954,1816.7893436615213,1814.8899068467333,1825.0930357527734,1827.110136148284,1836.8273473156562,1886.641108316014
pipeline-0147-run-001,1847.4301147460935,-3.438953213422622,1847.419131490792,1842.505947173622,1851.2878623061258,1854.5098150661308,1870.220839378261,1846.5857191716332,1844.9249645570126,1859.7290396904716,1845.0367616054682,1851.2257413345596,1853.655827773182,1857.610503975876,1853.3057782641802,1854.483168575746,1841.2753783114085,1869.5026781353617
pipeline-0148-run-001,1433.958605957031,0.6612837351155072,1423.7005727870478,1403.1507318918011,1388.7338628938724,1403.6563132095823,1414.1701752349081,1413.7153847058019,1406.276631991707,1408.2121356867121,1424.4729625513564,1408.617916662383,1415.3949462903486,1410.7821954467151,1415.716844504187,1408.5235457889412,1412.6018584621725,1416.7773494891244
pipeline-0149-run-001,818.1109954833985,2.6465326539139604,789.2463890810757,793.1223091188035,819.6987394576978,835.87013186755,826.0891419928911,822.5366408613148,837.2782604189664,813.1667526025053,823.537443234752,842.4476038478564,827.9473672218527,845.0218013563072,846.3291472850057,844.2916961913525,822.6114720665988,992.2013162157886
pipeline-0150-run-001,2056.034912109375,0.1680719430754554,2058.9097065077785,2071.8056560157042,2082.455905895014,2076.908213787409,2060.2512160179044,2075.062213567457,2064.4379335812323,2062.2323160191495,2058.7842244306034,2075.9936544137836,2081.368068503008,2072.28923197674,2069.4305595072433,2078.19371293176,2063.394171429659,2102.7288533206147
pipeline-0151-run-001,1003.6436401367188,-3.797389827595668,984.120710278668,971.2112775966352,960.9338296798634,958.86249426599,961.1684357244053,974.8139622884831,965.1744956686683,973.0851968208689,993.0690738223951,967.3045183669675,981.8360881237768,978.4173481664366,983.9740911217723,984.1082769036526,991.7341799166434,1066.6246117840367
pipeline-0152-run-001,860.1742372118737,2.8625597712547144,862.1465515882048,873.8386603164955,883.9926104244875,873.6599395643811,867.965019490381,863.5147017785742,857.5565276940356,862.6110312453715,881.8484805269132,896.4581315717243,899.9098798614914,898.4296244205689,885.1931665805893,901.4474670448477,882.5105529735514,974.2002275939421
pipeline-0153-run-001,1812.0783203125,0.573592110655823,1793.4160953335443,1773.5482752319756,1759.9949442228271,1777.5429249699134,1798.7401300988292,1790.5812696422165,1780.9912354595851,1796.5877777963535,1808.6213539068692,1796.442235541208,1792.755258506817,1788.186880741858,1777.8606265763854,1785.4912247143877,1758.1420763859269,1817.8999728656283
pipeline-0154-run-001,1218.4499008178711,4.455332513386095,1248.6936585386302,1278.9720384660475,1238.151220892316,1252.6069713776224,1278.4051624076812,1245.5394225595571,1285.8941206288055,1255.6774974237787,1264.824011006984,1290.5487116962825,1257.8095444386324,1270.5998429185966,1257.6291478021237,1280.9432314488665,1258.304004307289,1173.2126365709044
pipeline-0155-run-001,963.4808776855468,-0.7634205078925964,967.6661891030644,981.6301864898325,978.2572332268496,966.0084744201148,974.5621994898444,971.3049564149319,971.1232017631952,968.329794862951,958.6119275347464,970.9303645276831,968.1478801616364,963.7662342284142,962.9458564872069,962.5229063954115,960.718686061571,944.698954590981
pipeline-0156-run-001,2357.125061035156,-1.78305874659514,2309.589940938077,2292.6269154908655,2316.6583357652344,2296.6478248569865,2292.655573620646,2320.155085505568,2326.6719564708196,2317.3457642643525,2304.870529618703,2312.434721065072,2294.878021524988,2297.96428601775,2292.053113244847,2295.9313232653567,2311.577486705477,2309.1000965504913
pipeline-0157-run-001,2134.2702880859374,-1.3342155858695062,2121.715888509068,2093.0742583654132,2117.42703872695,2156.9253437331004,2123.9338604531563,2132.1454547394173,2140.5977834486134,2127.271640155892,2141.042518801491,2137.1632319048563,2135.3704530493014,2145.3039274175867,2137.064734066403,2139.756940840322,2161.852598337695,2145.6328679342596
pipeline-0158-run-001,1213.1280044555665,-0.3326938460945164,1225.524102165111,1217.148890402287,1205.4585147761793,1208.662465841657,1217.216450678758,1206.8873556329859,1204.525157042028,1207.5633531442786,1214.0347989580737,1198.8344802946442,1193.7344493627122,1213.0980993928467,1201.5707591445955,1205.2706532165612,1209.9253692212353,1200.3460878042163
pipeline-0159-run-001,1347.9894165039063,-0.3702303391112474,1344.129467806566,1350.940578816209,1344.6496153625094,1342.420632166705,1354.204857531616,1338.673407339307,1332.1780036954042,1343.7854749555663,1357.7231417986293,1354.9437489018549,1357.00755389566,1350.2444001673703,1342.384961619092,1347.9484453430439,1357.622775224581,1310.7537361469736
pipeline-0160-run-001,1378.6760711669922,-0.8360791112519808,1386.7497397645825,1393.7635711630728,1375.7157242146525,1375.287231000869,1380.4369326845244,1386.3067733258104,1382.0017590097648,1388.3039419611612,1382.925746880662,1398.7134519081535,1380.4940584667968,1388.849582830102,1392.6139347002984,1388.6420816217162,1383.9553617012277,1315.323866274038
pipeline-0161-run-001,1905.1765991210937,-0.533644636563062,1915.3946342494237,1877.5530329279488,1900.397410344386,1908.6616993060452,1909.9968571495126,1910.4509931403336,1899.1810681307068,1894.5194697574345,1911.8859566587796,1903.5213030413936,1911.0648932128558,1895.8952542593977,1908.3506522790449,1900.650475660501,1915.7204879660437,1870.943381131811
pipeline-0162-run-001,1427.8025512695312,-5.220242787745889,1424.6321202849338,1432.1107366888036,1412.219798917081,1435.2500325598994,1417.3162046443395,1427.7190344961211,1438.735673039159,1436.6870355319072,1406.5061554311626,1414.24514071463,1401.7220941246626,1407.9073365752977,1437.5149157886399,1419.8345068333135,1412.4422404861973,1505.9640663025073
pipeline-0163-run-001,2120.773303222656,-1.1468295678377254,2123.8934878047426,2099.38239958988,2137.911661713139,2127.2280182696054,2131.3261106494465,2121.1108597365705,2126.966673411485,2131.5869912396547,2122.5011483694416,2135.4362673668024,2126.8951379549376,2130.325770783606,2128.8698994499478,2121.6678844453872,2122.183497674379,2084.39076839854
pipeline-0164-run-001,1373.692123413086,-0.1189042246812656,1374.9575263986849,1385.0573868932297,1377.7288737515648,1378.5352140988623,1394.3604185826541,1389.1705137759225,1378.8646866983788,1385.0100990908825,1384.5577846526014,1385.1696116250969,1379.9530577167232,1381.2976461376275,1383.168017242406,1383.283757075721,1365.6946437861104,1310.4337920928724
pipeline-0165-run-001,1331.115005493164,-1.202357419839593,1354.2870351401057,1368.2207337528234,1383.8665835209686,1340.4762644181017,1354.508231993173,1359.3354993279015,1371.5491144455953,1359.3323123171467,1371.763213785055,1353.4341803811242,1357.5323964143818,1337.7089267253657,1324.99217911729,1343.3320645333458,1320.4721959126605,1401.545529627086
pipeline-0166-run-001,2090.8112976074217,1.2095836886761722,2100.3417711685615,2116.026391260157,2088.2904621845264,2090.904675203576,2095.843793980806,2079.8233797613857,2078.0452587860414,2103.6722302207254,2082.3404519454675,2089.048346946593,2100.31856031841,2102.5058058774944,2083.6519111320504,2093.8640161527987,2103.37808117352,2062.8779720911875
pipeline-0167-run-001,961.0677795410156,-2.653702372441093,972.6640388185336,989.4315992164297,950.6454397545112,977.5538601419156,989.2943248146274,966.4655157437078,955.1223384794945,949.815750438226,975.1141736149071,973.5426495023903,970.6552080693447,982.9090978192504,971.9618682791228,965.4577475253242,981.1514388666383,1008.4554145171784
pipeline-0168-run-001,1372.3665649414063,0.1718872248431877,1377.4613057278516,1359.4552802677683,1362.0650445590875,1362.4449759843785,1362.151555110381,1356.0735073760522,1365.3926908633985,1363.8565811792794,1350.2603499807562,1359.9698621814098,1352.873296196783,1355.4634314361258,1353.6162532211802,1348.3043212009904,1357.955957947696,1254.3007786593585
pipeline-0169-run-001,1549.1643646240234,-1.7190566249709092,1538.8466740612105,1592.6783747405407,1560.6380209621009,1559.5321427786519,1552.7373321147327,1574.774842429959,1573.4951574717525,1581.7145591111973,1598.6767332505772,1541.0755258450793,1565.1471643913374,1565.2616152198182,1551.5616639790912,1561.9785673773858,1547.4648114446074,1434.81582036418
pipeline-0170-run-001,2144.8513366699217,0.5808486434736521,2142.436982455367,2158.5633526857987,2153.244916829673,2164.1516677454715,2158.9022204927373,2155.375196018023,2154.85968710855,2150.1286603732037,2159.3816070209737,2149.0321241981187,2153.3800330187987,2154.3965186075106,2154.349955532979,2151.9655833725456,2141.8571490061445,2139.643220500627
pipeline-0171-run-001,1909.2758666992188,-1.2808119589934177,1947.6786660426267,1915.6432415078446,1917.8376538235277,1921.7018476969242,1928.422345405249,1932.7511109779218,1891.2408620380431,1919.1659549922017,1937.6066086769285,1931.7717597046637,1914.4897158323483,1920.3645727541389,1933.991406905183,1917.7090194144257,1894.1041389047168,1908.648031566473
pipeline-0172-run-001,1963.597505932012,0.3106896567552941,1959.412341523118,1944.834856557598,1974.2083314380252,1957.8785757223557,1965.0099173010942,1968.6818008201624,1977.7562079990223,1962.3938478815471,1962.5827352465778,1976.3693031769817,1975.5764949536285,1968.6173992595043,1964.913454667312,1970.4464521117734,1968.5313440678638,1970.2264018146354
pipeline-0173-run-001,2045.770538330078,-0.785507963470452,2048.588499537459,2063.54796032504,2061.1634589919413,2070.4617389551318,2062.029959173276,2057.1314870032897,2057.476160261267,2067.2429320579536,2067.1287705900163,2070.4006571320106,2065.1958152866537,2054.699255126938,2063.8555776712265,2048.850372238277,2041.3889860755742,2017.337246199001
pipeline-0174-run-001,1175.3966690063478,-0.3258712250769333,1181.6399384698238,1182.0311979043124,1169.7384224384252,1181.4009859064538,1176.4028811065161,1169.5631247428014,1171.431802297114,1178.2164566088663,1170.124641363687,1176.2700828921036,1167.4185064327548,1184.5833976541624,1177.5780479863972,1166.2751180065704,1182.027897020039,1178.6119721932703
pipeline-0175-run-001,1774.2530059814453,2.7707616260051933,1778.3368176274307,1739.966412840011,1768.993333038766,1779.7872243119907,1773.9124629040805,1761.8584981771928,1759.0173505233927,1770.0883190087568,1764.7478800789513,1760.9594136620701,1758.839628410232,1749.1969928381293,1767.1344731122242,1761.7007239997154,1738.8620805538933,1796.2379446798034
pipeline-0176-run-001,875.6713439941406,-0.4606946729316437,851.6184875628583,878.2915874863507,889.6927267723477,901.6461275033234,889.5713395533703,895.9438331471437,882.4233200339153,874.8787852063401,886.8493168370037,897.8357035504865,887.0191591922817,891.8895386554724,893.072059774021,893.7120135073798,883.1113956529379,955.6397100255555
pipeline-0177-run-001,1423.643640136719,-0.6988173712808794,1432.3477907301499,1433.3530729771592,1429.461585538561,1428.4084715925922,1411.4519004407036,1423.7275644383433,1409.2360703464317,1423.9823868376855,1424.6164071683777,1432.044186769881,1412.0248652326939,1423.960990190046,1416.688205921101,1423.3640233442984,1408.86866984916,1425.7608742929533
pipeline-0178-run-001,1482.1293731689452,-0.40750286846799,1480.6236012343886,1491.6399510375968,1467.521105947615,1491.0968461113737,1495.5551811099476,1487.8628614047175,1476.9154372438813,1485.414016345896,1478.8397441411569,1480.9631749257805,1475.1053016073931,1488.9930178200477,1485.9896444728686,1483.3639176847344,1475.8287098001185,1463.1611240116242
pipeline-0179-run-001,1490.6205479645532,2.27321091294303,1568.3338959563548,1470.2600127180528,1518.3844347050926,1501.5279324337218,1491.4273265997244,1487.188745491724,1517.1586669624448,1496.3498990224414,1456.84022916151,1471.520437895264,1495.762641698161,1483.1679185570345,1509.8205035828653,1510.0903835653005,1499.9568465295006,1533.8559326967807
pipeline-0180-run-001,2042.6361022949216,4.519738045620076,1994.0885899663203,1998.7699635114798,1975.2949079540485,1974.1465097104692,1970.7664222107296,1968.1453205108476,1992.7476344620818,1946.9572883624332,1980.4637622854527,1962.223473008896,1956.182761391078,1955.5988742921343,1972.4760737359363,1958.369824547962,1973.0513119877362,2028.1293687917735
pipeline-0181-run-001,1298.646187269983,2.6162641220799325,1266.0372909288849,1302.264856533783,1261.7871990073072,1272.7210839318984,1280.2690316034166,1282.0625626138747,1291.6022261185183,1295.506223091165,1278.0694454732604,1281.5401839519336,1279.3952994314773,1283.273301798354,1279.9621271543583,1280.685380573979,1272.0719144668628,1278.2511865342115
pipeline-0182-run-001,1296.9454483032227,2.6403291791791204,1340.1716272226843,1232.7912873785083,1280.366650391362,1284.5633034504679,1273.8423002930233,1258.9574191446127,1283.8000811969441,1310.31973423872,1273.4282085168381,1247.9276876996578,1285.051915570735,1293.8195272736066,1275.2042379942038,1277.469590411999,1275.9010237737061,1222.2502708176946
pipeline-0183-run-001,1544.4384765625,-0.1244988364708853,1551.2489253389804,1528.755569328597,1540.6422486718159,1552.1918814397786,1546.688786790828,1541.902705995343,1542.0357183724375,1543.4475850916053,1551.322673212193,1548.6669666006976,1550.7138866250878,1556.8852510445315,1554.4633844427924,1545.0577543344268,1549.94059368307,1569.263806495341
pipeline-0184-run-001,1363.4771667480468,3.2902584312780228,1372.0594045430862,1324.2320251475755,1380.6561443492958,1351.6752768769486,1368.4633976429566,1345.2308896849856,1362.1987759816445,1354.4566654965254,1349.8081888000972,1365.6755717322746,1347.9256325808385,1376.1166965077384,1353.6861212098963,1357.8230143569542,1352.5968762304858,1281.6997553843414
pipeline-0185-run-001,2343.1592346191405,0.183903949639141,2332.157741196842,2320.893798628663,2339.0895328103707,2330.831873173321,2340.7221329856197,2342.9053551094917,2346.566445591288,2341.7459770479,2332.8358533254764,2349.9083559000633,2333.2833820658884,2339.427144547361,2343.0925579688337,2336.0408244445193,2339.066983306268,2413.50717594462
pipeline-0186-run-001,2584.224578857422,4.385894182163143,2440.9809477620984,2501.020490577079,2509.725568592329,2520.9815025797543,2516.3040451290185,2528.4181937575718,2520.1286730727647,2530.387974011154,2491.3199594650573,2545.870560703924,2514.435995132607,2510.066881124971,2519.699308166757,2501.672633568595,2503.8101005270196,2501.6153987751713
pipeline-0187-run-001,1847.087084960937,2.305656598989544,1800.7906199214021,1822.591745750461,1828.7865189421202,1835.737703481106,1820.8274744521816,1828.8212713926048,1835.4796262882016,1812.0555862477531,1843.2824187357785,1839.683111343819,1835.7197698724576,1831.0891006667641,1839.9306884417285,1847.192820173119,1819.9963462883754,1788.332161145965
pipeline-0188-run-001,1508.7336120605469,-2.147933254917202,1515.8809400714467,1505.5995169335347,1514.5310682578308,1523.945539162253,1508.017210398369,1517.1956769894434,1510.4257981611083,1511.9933171762157,1526.546158886303,1519.0338742960375,1499.5117321765292,1504.9143302145403,1508.7902878722005,1518.248111434227,1491.4549027607782,1506.9339272624268
pipeline-0189-run-001,2400.5534423828126,-1.7570093489757328,2388.1675269430652,2327.806061371009,2353.9850939898665,2353.1688457314,2360.7803800116503,2364.3431834002986,2369.8089030814676,2360.423166337913,2373.9137827326394,2344.9085199860588,2351.9914601773366,2367.5387195045882,2359.1834944731786,2352.614358703595,2387.719664201835,2382.1458740201706
pipeline-0190-run-001,1014.990510559082,-0.5899742897696671,1013.2123488205283,1010.5911893743643,1021.4628253276251,1018.1826226057965,1020.811144807576,1018.6057324111611,1018.0215546094001,1014.5534526193843,1013.8626382875842,1017.3972345215043,1009.4452337363932,1016.7972708417583,1017.7457540140587,1007.6733417656243,1015.2833429049452,1090.423314888825
pipeline-0191-run-001,2083.108709716797,0.9665213826540684,2080.077736955603,2081.1308301695776,2095.092969104397,2077.396469270702,2074.4050472661866,2080.3489957951024,2093.276548450491,2089.423768701814,2092.028141830861,2099.6868752865435,2086.250224566517,2087.1806626154525,2088.222219978827,2084.7605301133567,2069.1645784096513,2006.4081879728121
pipeline-0192-run-001,1805.7455444335935,-2.510708577486458,1788.9714572619196,1854.7587808373119,1799.8696435540576,1791.8067338256305,1816.8942175422792,1808.0095254940188,1781.2127204031356,1783.7506547880141,1784.055728649183,1812.3606319134462,1797.5540664757802,1795.5876413746985,1786.147847270424,1804.7338636147554,1806.8177612563916,1845.9355880658832
pipeline-0193-run-001,1382.7683105468752,1.5393681080676416,1392.4272504625496,1419.0530095011443,1402.0173976827875,1384.844075523619,1390.328214903551,1389.0521206920778,1388.9869301752176,1409.7421097996,1413.6583740724893,1406.9813203449141,1394.043333388741,1397.3676125829916,1387.1114705805624,1404.3359797150815,1397.959350771853,1256.5615802376171
pipeline-0194-run-001,1205.9787826538086,1.2121737476501238,1223.4075528287194,1203.8287502745698,1229.2105929016689,1199.4636051039222,1199.564203420329,1212.4179148069072,1213.0973195661632,1221.6227038101144,1217.5778000070788,1199.2667022128696,1195.3958015232038,1196.1002887636025,1178.1061158827495,1197.3733269999323,1191.5282523777203,1209.1778063323527
pipeline-0195-run-001,2329.72216796875,2.3182127422468155,2277.250617775505,2324.2187343953588,2349.437941647274,2318.258089796221,2319.510670488877,2334.754821607846,2339.0967177058023,2340.950910276904,2327.9320421161847,2350.8867234972126,2339.8197310560668,2332.8312864369495,2332.479694793242,2328.3010200052195,2300.432536530066,2251.3714703202245
pipeline-0196-run-001,1630.60048828125,-0.2953340560036157,1630.8857210724727,1653.8727719370402,1614.8651981698295,1635.7577189761357,1627.2425254130824,1630.5407617514254,1626.3942424942907,1636.846259069982,1630.7891193170992,1616.194661554855,1618.4529587044187,1626.1378688602538,1633.7720789656041,1625.8906115056452,1642.7967446834145,1636.340733111799
pipeline-0197-run-001,1378.396923828125,0.1368630229939333,1355.980579549008,1391.9043668543748,1380.8414503993083,1366.825599456629,1368.556157871056,1356.9716926364192,1361.8745601194287,1366.710376544527,1365.7949231987884,1348.377723038512,1365.0952246601728,1357.1104996420997,1358.389426054279,1353.6679442877241,1369.7620071281842,1210.7079374337713
pipeline-0198-run-001,1298.6196533203124,3.153190419794865,1267.660821616324,1295.5083061552305,1235.6146293523423,1283.8786008060508,1270.6236615193884,1279.670003974578,1272.398153916417,1285.0230793461367,1256.5572070329176,1263.1336420914702,1261.6458211388046,1267.979536179635,1271.6804874119873,1260.0622882176663,1282.5922567439773,1257.2574612481187
pipeline-0199-run-001,1364.0867767333984,0.1578210474943993,1355.36125013583,1338.6431771617647,1367.0652746370808,1373.1512952716032,1370.8194211468326,1366.1493992477863,1359.295589004243,1369.8234127767707,1349.9744497611578,1360.7190260396394,1361.4644625477094,1373.0999660752902,1368.1905793414905,1362.0820097302994,1361.1899503672935,1389.303250081448
pipeline-0200-run-001,2032.6932495117187,-0.9207598786673644,2037.8073383827839,2048.5363092677185,2039.2137504033371,2017.4404424108425,2027.8419415461842,2036.8057145301761,2021.104944246694,2024.2824012147023,2026.8107515356662,2043.0750248370962,2033.4555302511383,2042.6700495741234,2058.027973307893,2033.2605130347627,2021.9887655877085,2092.8416461294546
pipeline-0201-run-001,845.8184631347657,0.5443814759787895,833.3847335624961,865.0415527613974,863.8604162844007,869.1066253225626,884.5038812133394,874.1431693079198,856.671212367672,846.0681061632749,862.4325433201094,869.6952825037606,868.6976693353104,881.7599322247393,868.625580132779,865.4754229025895,855.9941450412766,907.7254382101792
pipeline-0202-run-001,1406.9986724853516,0.4507800239739309,1417.4610524197371,1414.594541681463,1379.9639742463175,1402.4603728931806,1379.417807683212,1396.1417691550232,1398.049097630793,1405.1346244473586,1400.3794264160945,1403.9385648279115,1398.520179680454,1405.752346276784,1406.2820853219946,1404.2395874042104,1405.4859789916482,1405.0544326883235
pipeline-0203-run-001,1123.4246704101563,-0.3928504592670888,1128.0475929700672,1130.4586274131711,1153.9541959466433,1134.4946562905884,1120.1474678985203,1135.1520931592977,1121.2152116530194,1137.4398931610542,1100.8884377105735,1129.465377007242,1152.7704976609655,1143.759005998617,1123.0151912521328,1130.9873459855685,1153.024096701039,1230.3469874439963
pipeline-0204-run-001,1900.2503026536676,-2.827474782146009,1895.566624192208,1914.0952467185027,1890.2456871701377,1890.534752346577,1894.8595455579716,1889.6664949557417,1875.997710216785,1893.7802907867801,1879.712675342521,1883.7710909275029,1886.8726357859825,1883.8708192915856,1885.7301005482134,1879.430919049604,1889.3782120400992,1857.6160795113228
pipeline-0205-run-001,2062.128048706055,3.0446290721082456,2115.0522692015174,2069.923675295333,2097.838005537007,2140.1078100156483,2114.4617233977046,2113.071209252343,2120.47105116329,2095.4304861772475,2106.343160768675,2113.2935530263817,2080.106852014665,2101.2183419093467,2101.6065753560383,2096.99618235835,2121.8156150448444,2203.2478978729036
pipeline-0206-run-001,962.7394775390624,2.30006650636698,944.818118937399,943.6406542615574,972.7289211645162,953.4556878353833,959.3079525418649,964.1543643255291,958.8013508565382,956.5745111547941,981.8900668447004,969.3637341739127,963.4393503351907,978.468781590747,970.2066439369777,967.6166316781681,971.6690311552146,979.2907080732888
pipeline-0207-run-001,1325.8602600097656,-0.8078355049687658,1316.8745693096373,1320.7053490100493,1301.7751533734424,1313.5119796316483,1326.4842629350092,1284.1647581684117,1312.4675800512553,1306.9788862995003,1298.4002609180263,1314.3428522691156,1299.2183792800474,1309.2398425230685,1309.5842768496404,1294.7318858952651,1323.364232714847,1358.836985223578
pipeline-0208-run-001,1640.7293609619142,1.491742155586944,1634.009735318131,1657.0402218354532,1651.7366465138577,1656.2270466839798,1649.7120988594368,1644.9169226908464,1629.567223869505,1661.1822557981523,1634.5324478266891,1642.7766339984657,1657.6035814401528,1658.096393542384,1634.2423302037266,1651.9363080450287,1634.556258401901,1576.4727678768388
pipeline-0209-run-001,1983.0043090820316,-1.3944491215148052,1981.866257565438,1962.9251343759177,1966.968922241221,1958.8211658613125,1976.9959539305848,1970.5203257379392,1966.4130903783237,1970.597522317027,1973.7539341730305,1973.0859517779297,1970.9258256458224,1958.0736231666149,1954.4850262636203,1976.728492850888,1978.741418076942,1945.4173475964783
pipeline-0210-run-001,1189.0498138427731,-1.4508468764186844,1181.6000787970165,1188.82377628314,1180.850240006799,1172.0092938420946,1179.822802838956,1176.9477871581048,1175.474195365864,1169.5349439739407,1183.866018664091,1176.1170239476548,1180.8099683919402,1186.3688656244142,1184.4167972841121,1177.783110805119,1185.4607383060102,1237.7485971578033
pipeline-0211-run-001,2267.1717773437504,-1.2478880878592464,2253.7563651064474,2242.718472067876,2280.9488572994455,2275.53400732388,2253.528000703393,2260.0557183362284,2258.2275893744504,2267.454854816514,2255.594117817853,2248.1394812811554,2254.3376366124266,2249.162227525015,2234.6449231543234,2259.359489265958,2244.086867971215,2167.815029184439
pipeline-0212-run-001,2290.394244384765,2.750996675395228,2200.972202136435,2160.9880964605513,2191.5241235405674,2191.71812883103,2186.7662486056656,2180.3332325887277,2182.8247962432147,2165.866622813541,2160.29475401619,2172.573686783757,2184.3687398732022,2169.315009927813,2185.3771465519135,2180.538149455172,2166.3546225894193,2255.5511720119007
pipeline-0213-run-001,1996.8253784179688,-0.8360043887103527,2006.101809370524,2007.5187927089828,2012.5771709876574,1999.3205436894839,2003.4818196546728,1999.6379203341064,2005.1339962121936,2011.4502813203283,1998.6275101260471,2014.8744997916267,2019.839646600133,2023.7942568124297,1997.82859035379,2007.7741094771582,2027.7545339813075,2074.3149502774304
pipeline-0214-run-001,1428.7352052798942,-1.4785045420117604,1422.0618971227423,1459.228920015092,1400.4192999487022,1438.2260370523438,1435.0613151294394,1429.829878582748,1416.752455818998,1449.585428467333,1467.255051978573,1421.4927371376232,1421.812300384682,1425.4565823887685,1433.6949324593618,1428.2984468299449,1449.3781788745564,1451.5402272210847
pipeline-0215-run-001,1424.8345947265625,-0.1607910546915371,1444.556280490435,1429.72120566207,1424.7326801989122,1422.653975610976,1438.7250750214132,1426.523395140228,1421.36621035853,1416.8358194976154,1430.7479606330453,1437.4245118949636,1432.3995529666881,1428.0043897141798,1429.2102194806114,1433.9269941851333,1432.073708777437,1436.8470559241323
pipeline-0216-run-001,1499.381231689453,-0.4029564492592179,1486.0485539805563,1546.1850410778716,1540.6103178853084,1532.1481903905453,1557.527216175118,1538.8663590945496,1546.716459416378,1529.9549471147077,1489.3946343914668,1547.8570039495028,1542.4466819052423,1536.0392617130572,1520.8977134724662,1528.1513498796342,1499.146627448954,1450.4577481851502
pipeline-0217-run-001,1212.1434188842773,1.5932516220255597,1228.7615175258325,1208.087162850058,1212.7712316515542,1187.9501007389097,1207.3666881590937,1202.9028403105574,1211.18551280106,1214.1026258877253,1201.5625515573556,1204.3993464369491,1203.2692859697177,1210.0672159506692,1210.8670686727842,1213.1697806081786,1204.8771799258182,1194.5147510487957
pipeline-0218-run-001,1929.4153228759765,-1.7818955109885235,1923.8214448894253,1918.7978323051975,1920.9736816512238,1944.239030451077,1924.490562340362,1938.891026245963,1929.2589251715392,1935.1689332587475,1929.9457674943797,1937.653919698438,1916.9753598284035,1936.1491638629195,1929.7510455136298,1934.1594764653212,1913.6726692687307,1919.8305733959767
pipeline-0219-run-001,1766.3918640136717,-5.227362105230292,1780.2162679675298,1794.93896865399,1800.081363581863,1775.0120293733569,1771.2588537683787,1795.509132921303,1806.0350566847276,1790.061647674067,1776.1259006732444,1785.5446149317893,1780.1862799633072,1791.891275151089,1800.9829368373832,1792.5780451520413,1777.7514742678923,1753.6527679770813
pipeline-0220-run-001,1599.3410430908202,-3.916536284905545,1620.3223353028613,1581.5353231853917,1604.554423846538,1618.4578228620123,1634.1623368552143,1637.7068814440142,1628.50216470516,1619.091744739825,1603.9192502514422,1643.3297339122344,1632.0139175191316,1633.8914336302607,1637.712339595789,1637.9458032133505,1620.1472047912268,1451.0167027219643
pipeline-0221-run-001,1407.8794021606443,5.524552644008989,1432.3223751941143,1382.8947253250763,1356.2974657609032,1326.1440536064592,1362.592929359894,1338.5050516976237,1347.2369251073785,1344.1608079447535,1361.5467101717002,1314.1982762479017,1328.0106060744072,1321.691379349939,1310.67342144121,1307.6472824640898,1321.9742631974718,1335.8682956675575
pipeline-0222-run-001,1537.7974853515627,0.3054331982511246,1532.40764932434,1546.4161192263502,1494.9749440918033,1535.436640734706,1539.8175531336535,1530.8676128059287,1533.9398956260975,1545.9814592465598,1547.3038011468088,1521.1333557860064,1533.6626253788936,1533.4068729044845,1524.6729638425677,1530.0665023552383,1517.0222550057308,1460.6626399958404
pipeline-0223-run-001,1875.4426025390624,-5.4010935604855455,1864.9574571117355,1886.8235720638477,1855.1866877267773,1864.556123590306,1855.5246170748762,1882.9428553907549,1864.9752761764387,1845.8659279717565,1887.8781888057802,1876.4650288144746,1881.2602331241997,1875.7297656085786,1854.9702517460646,1852.0241339886913,1892.3357518846158,1901.307380679698
pipeline-0224-run-001,1658.8165313720704,2.854839820996028,1655.011177240276,1669.5625633805603,1661.6934406289595,1660.6409527359247,1665.5642758135427,1649.4317797215556,1669.6652518031087,1677.7376582426907,1654.5709217870544,1656.7950616904725,1654.1627785381281,1676.3646139605287,1671.7786717883682,1670.9911488757373,1674.8508956365838,1655.8039491282198
pipeline-0225-run-001,1296.7434020996093,0.4741455691376077,1299.318351975568,1279.7366178236055,1286.160757281228,1283.9610961306448,1294.2530449195908,1277.5778129798987,1291.500959625019,1289.4972514699027,1283.2442289233525,1291.7386271343075,1280.0904474950983,1294.6234412795495,1296.3054177890765,1292.532780310081,1292.3632522054702,1340.5456415813464
pipeline-0226-run-001,1973.5115966796875,-4.075895624295656,1999.1565870197874,1990.0505446439884,1981.2776815434129,2006.3327500996472,1991.4486395360364,1979.2469239783775,1988.2647201541351,1997.3775422571834,1973.7740140931567,1998.6891421707985,2009.6311237111606,1997.9949296590482,1997.6388354015533,1999.2696810657635,1977.6794490065797,1967.5619866644129
pipeline-0227-run-001,2131.78203125,0.5588147455691126,2142.3404112063254,2144.650744479773,2157.037165130485,2145.4443453561803,2146.941029765278,2161.787290099159,2157.023719476512,2139.810617606181,2158.23143755713,2148.896187873794,2154.319524364652,2154.826005224738,2152.4804505709308,2152.3989355557233,2149.749329939427,2139.499502938867
pipeline-0228-run-001,2437.298260498047,-5.044546318123994,2374.453602417816,2388.010985871388,2425.870550945917,2358.683939466706,2367.796746190335,2382.3297031921998,2354.2787724283867,2377.6527899044504,2367.974715837509,2367.310067524819,2394.9357992570144,2381.8968138080068,2371.4508659796124,2377.754031093725,2359.3320679251215,2318.545307579544
pipeline-0229-run-001,1831.864535522461,1.3548097298366288,1828.5562496760203,1829.1581780222475,1816.687513947826,1815.4381266486532,1815.209164957736,1825.6757603079777,1814.1102629425977,1814.3645086329823,1832.7080323868656,1815.2918904605879,1811.1627341762803,1828.9754414755596,1822.0639044154047,1823.3231936294117,1818.9600063979353,1819.4203503496574
pipeline-0230-run-001,2442.641778564453,4.260461976773625,2494.28146396482,2390.5414001614486,2444.770337566042,2410.8744023084832,2435.981893687797,2407.5872404606876,2445.471488781479,2437.4505678103187,2417.01144350208,2437.687542145801,2445.8583699681385,2449.638818086018,2441.0196845574046,2434.848736679601,2473.458267469571,2446.5554607918466
pipeline-0231-run-001,1441.26494140625,-2.381717684493422,1428.0935843410589,1424.3816572164378,1425.9175458483405,1427.1731684543822,1423.6934535649327,1430.748239322071,1426.6552221464215,1439.9389007099728,1456.617631317806,1433.5415550127382,1429.8514777337177,1432.746808232903,1420.7057270705525,1432.2573888498628,1424.1342744400927,1374.1669194689591
pipeline-0232-run-001,1561.734381053073,-1.8886412640299133,1577.0528296259874,1545.1274397500208,1574.8661296288446,1563.6499314398413,1569.0116473585429,1574.3700872700229,1552.242998957402,1566.6587894759007,1581.3599040864317,1562.6022531392337,1557.952602842762,1553.1539757898333,1552.5605561024186,1552.3165491858147,1558.8672074139652,1573.3919661205616
pipeline-0233-run-001,1775.1173278808594,2.188538618116004,1763.0548430740816,1803.8798081460243,1784.5463556044876,1790.4889772353756,1776.3377309369125,1778.6595857625732,1776.4057427909995,1767.1281864821792,1772.055777390345,1780.9011266955656,1779.536902032929,1779.539249174288,1773.4587635150967,1778.5719589731873,1795.2014213629852,1742.7234995171264
pipeline-0234-run-001,1992.4070861816408,-0.067339821373508,1993.0229069157365,2018.012977832543,1986.874471206206,2001.3002785482788,1994.1778453381248,2000.034570740887,1996.2277654102472,2002.7976356674453,1985.3139231749246,1996.7494368144855,2000.3061011428974,1998.922065153137,1997.7172433185897,1993.033192595604,2001.9473823915275,1995.1413403242677
pipeline-0235-run-001,1707.655316162109,1.1735788694949347,1709.858332322201,1700.549849531554,1694.410475230542,1684.956843344322,1699.3709040583292,1715.3923418299994,1704.1175291177688,1691.015968494132,1714.2213412921872,1671.4630186971244,1685.1271982730843,1680.418272543924,1702.381700241852,1692.8151272566938,1678.4619041055178,1743.7894220754986
pipeline-0236-run-001,1913.1988891601563,0.0879716138063672,1896.2733971968933,1923.8879314881824,1930.2163316379977,1924.4489383017897,1925.8054170006574,1921.3494470181752,1918.8470539630719,1933.1350442559742,1925.6918827810107,1932.296551085455,1938.2594084268846,1925.5539420514208,1924.7707954859054,1928.2947831849262,1920.072587370237,1920.6541124055514
pipeline-0237-run-001,2978.0632446289064,5.585855038331475,2784.6458017077903,2748.818265110205,2742.8662907485123,2757.8072478462145,2781.688084089681,2763.317303706068,2780.2997275139555,2774.0024200535686,2771.090735006454,2806.820666055673,2752.717790310177,2769.0456958467835,2775.4952294558366,2777.131491608045,2747.305468261124,2674.010952448755
pipeline-0238-run-001,2567.469116210937,0.0524921011383934,2525.659056415289,2514.2210222551803,2527.3937160559076,2522.9612085168064,2546.595980011136,2529.552475419477,2554.6611878136373,2523.5508402069736,2528.9099782959474,2521.2976521580745,2528.3348551281856,2528.7468028718336,2524.9260230939103,2531.5094950123444,2549.8805545409905,2529.626473389618
pipeline-0239-run-001,2274.631103515625,-2.1504069801315486,2278.2811643188484,2271.2298073668535,2273.8301258526785,2251.83637061365,2253.668537393791,2253.8853113759446,2248.9686599511133,2247.866466598382,2259.71543864647,2229.5740935794497,2241.5809214422457,2245.469469076446,2238.801043771024,2233.264719211596,2246.3841713098245,2235.977586028212
pipeline-0240-run-001,1844.9629150390624,2.6503819931065538,1893.051544368429,1827.9575735187852,1847.7114503395933,1816.8709482243723,1824.6868929208829,1828.168861523128,1845.1286152526009,1831.9923266021221,1846.2004289119716,1857.285105137302,1808.9561816730954,1813.3188156130243,1831.3241907776476,1833.5182436256553,1824.8318659804875,1722.1386406917763
pipeline-0241-run-001,1039.1942626953123,-0.1007935175349046,1033.4155201978315,1060.6983157609568,1060.133771825018,1060.7409317757758,1073.6760358653946,1062.4430228092187,1053.7292564823085,1056.7256313024347,1042.4802398626302,1053.3127745931772,1057.7756373233826,1060.654137855098,1063.8430822326648,1048.4239386744982,1053.1512958716264,1066.998819121505
pipeline-0242-run-001,1661.063491821289,-0.0044461858736602,1668.3450568511264,1656.226237198436,1660.7485709192945,1664.0434711792793,1656.3731690511315,1644.061222217987,1646.8705432727074,1661.5408155353296,1663.6980576658189,1658.0257844601572,1662.5721524575708,1667.1220008269236,1675.3514586008932,1661.7068594564735,1662.006101833764,1688.0676074789953
pipeline-0243-run-001,1451.0100158691407,0.815065979420355,1450.993246092452,1444.801035088168,1444.7335598237623,1434.1095568079284,1436.7578418456303,1436.113541985699,1439.238529611742,1439.6300726664074,1439.9313949272107,1448.2145212143666,1435.4823595333726,1448.205211414045,1446.6241524808017,1437.2637254357894,1457.7315730421242,1399.668689981658
pipeline-0244-run-001,1146.7053619384765,-1.523625847779552,1139.667499948599,1175.3011478844935,1165.5781374087928,1152.0934557722528,1157.329678131976,1177.6396784757433,1156.084722407043,1151.339269720858,1144.9318858233235,1160.486321997115,1147.1967345405703,1151.1467428789867,1139.3238431965922,1151.3913715039087,1150.40518031467,1316.8933802190634
pipeline-0245-run-001,1207.4569244384766,5.0249042359800935,1215.17725709567,1179.6549353823166,1210.575224181923,1224.9044430270988,1213.9161328471562,1204.0997655935532,1210.0549428258964,1245.0327860959499,1195.9472225974398,1214.4721762341583,1184.0068651216059,1216.0077132715066,1200.7237260672505,1177.724686946032,1195.2282736554087,1348.111863716069
pipeline-0246-run-001,1998.8440246582031,5.852663164169146,1961.8790261774948,2031.990428859621,2079.838596180826,2035.7860552986597,2028.392868761937,2009.492211753163,2030.1241766753403,2032.4372191741625,2040.4947304506222,2029.5367669587893,2036.5594789253034,2046.0355577429166,2019.8262195150103,2034.43479862443,2008.5296694945473,1986.2671608723213
pipeline-0247-run-001,1132.7495361328124,1.7764608482769049,1112.0681623178823,1126.2211769034457,1116.4893864699914,1115.7687834097371,1096.5341223975042,1118.405615817239,1125.9648768877732,1086.3230360520183,1131.013888699137,1120.7771127283165,1136.3878130961164,1136.4300688401017,1133.9095117773297,1133.1540951708057,1139.3370240708987,1117.3842281481375
pipeline-0248-run-001,2406.950091552734,5.253298517213016,2463.706613767958,2521.496509439689,2523.174154030046,2539.859095012535,2523.113570528542,2530.358828647291,2545.567420284355,2552.467145957888,2513.637954473348,2552.4341428650737,2525.485088026796,2519.861705792285,2545.032605507832,2515.94283159539,2535.6529793768077,2492.5103215645177
pipeline-0249-run-001,2331.320364379883,0.4703659969436842,2319.644684317599,2349.729086177473,2347.5759941477468,2333.92830838864,2340.1485199107597,2325.899105861898,2330.3064117219787,2337.3463242156126,2330.1913288730284,2339.9501068557342,2345.62634488929,2343.9192412740917,2344.6456728065255,2339.3086967567965,2338.7104373478364,2369.202855374311
pipeline-0250-run-001,2111.5551544189457,0.4981180841639527,2140.9567578559963,2095.596526640427,2133.880838567877,2128.2023725595814,2125.060182180748,2139.8546731339943,2118.9537122965253,2121.874789679281,2128.3482188364255,2123.766001363911,2119.3713908092736,2123.2591732471374,2122.196201327132,2113.065575479518,2116.836955820647,2116.71418285348
train-h-0001-run-001,1638.9377319335938,4.194055594483937,1617.1242924423434,1633.8830562931664,1598.826665594929,1623.0854592111748,1607.3406512344438,1619.825774016784,1604.441521075393,1606.879124948485,1593.1483721635548,1603.593203976862,1613.0867237588343,1615.2173341460614,1629.5653998848102,1615.487511443359,1584.532264630661,1721.8730745696175
train-h-0002-run-001,1139.8164337158205,5.611278951893146,1133.8979115580278,1138.0535190851483,1113.3165156520774,1072.971646255744,1111.7242158813106,1119.7712631270126,1111.467045410038,1164.400929571383,1087.786240925333,1118.887004027521,1098.8329328497693,1108.7700008990805,1092.6195956330375,1093.27406076148,1088.0648857014528,1115.7530629178766
train-h-0003-run-001,1943.7562255859373,6.019784128445552,1972.5470159306242,1911.2703989883867,1960.7352256342347,1984.095844830773,1958.9639800083278,1941.526310995326,1967.600778656483,1970.8215800608234,1989.6166118858102,1950.5298971878965,1999.5525684712427,2000.4974878595212,1984.609199700363,2038.6196209370203,1959.6823839998567,1947.0773433577658
train-h-0004-run-001,1913.4447021484373,5.225787744668579,1817.813548077364,1848.0765218208553,1888.0668736013913,1877.8081225928024,1882.1276925291247,1902.7215891040205,1903.5125138188662,1894.735756393394,1885.3696839359645,1867.7676379145948,1892.337613309702,1882.050095357249,1883.4099019660562,1869.0738820437673,1862.7690613094471,1889.3264168206035
train-h-0005-run-001,1653.0457641601563,4.571210936441985,1687.5565909281295,1666.9973696472396,1676.8321293208792,1673.1050594445906,1647.781648330061,1660.1578000699417,1682.5255506818442,1691.2537376857417,1699.9661488836816,1684.5537773057304,1698.9563295651024,1677.8005195619007,1664.7593803723023,1671.01256394818,1644.1868423518038,1626.7684290212794
train-h-0006-run-001,1183.967602539063,5.2894252596462525,1242.7621340196058,1240.5636750648434,1184.056315963865,1236.6105505608155,1219.3868738491421,1225.759377691553,1232.587197346705,1215.46185951584,1179.5821072193849,1203.5005128231494,1193.99495061523,1215.6917980435276,1226.7029728990412,1213.1024010616622,1197.8007930328533,1512.8638424147682
train-h-0007-run-001,2378.470880126953,4.817493733807599,2332.2191158007927,2295.285469634862,2342.5018931562904,2295.466162853218,2311.9528903604587,2305.056834904032,2335.3725607209726,2331.8344094147665,2298.6148110008803,2313.093519583484,2315.698562761503,2353.187410501788,2349.428716445096,2331.6560461466856,2357.137701719204,2312.6083989296517
train-h-0008-run-001,2064.1611450195314,4.100185195384973,2176.7665810903227,2161.7076103840404,2165.5544437979397,2185.003685125083,2199.708880799552,2177.1088515988154,2190.384152852965,2187.28841162537,2202.9281784545115,2212.8140244831006,2202.232518459829,2185.8923737459572,2199.179749276811,2212.452388854346,2181.672274821645,2275.0569248437528
train-h-0009-run-001,2311.5503845214844,4.222311393791765,2261.994853644326,2279.790097350467,2239.345716717811,2218.96284917453,2207.439316984117,2262.2342828877977,2233.118414021746,2219.0622718037353,2229.8163433802742,2222.0082121662463,2224.7829652913906,2234.975852586181,2215.1456115341957,2230.695958303437,2242.868425901085,2265.718119627377
train-h-0010-run-001,2373.0220458984377,5.486705358261587,2313.8511704711714,2319.454217990373,2335.493345647085,2332.8705460493,2311.3238071610854,2345.4120354232778,2343.2963651991668,2342.326798533709,2370.3053463306164,2321.500456492427,2353.216856820434,2330.416762483665,2318.0527515759045,2306.787640494354,2336.429944692803,2338.0840566188936
train-h-0011-run-001,2354.222769165039,5.331881427276077,2292.9479141120805,2370.0706873180575,2338.857013530476,2318.7805698929837,2331.543414764824,2336.026827389533,2350.1018251321343,2307.0144701903737,2343.988523152002,2346.813578977992,2313.469245670683,2345.8515504571965,2342.5035003561366,2340.9793930661526,2327.678654162195,2127.5681116060505
train-h-0012-run-001,1789.287628173828,3.5892394076329994,1810.6069885296263,1791.5906007169608,1814.095370018649,1808.6530781015742,1813.3614367377997,1812.9237775856798,1827.2517379193341,1808.3579302130067,1819.1388197687545,1815.6400087654301,1809.749464363277,1812.2743641822497,1823.7640832929471,1803.0671091606946,1808.7975571785248,1795.869542914407
train-h-0013-run-001,1289.7180053710938,4.049420009997594,1322.7540747896624,1317.915052993394,1309.3617163186643,1292.7746792563212,1284.3217457323788,1301.9979841750528,1328.5980452218962,1321.3432480538233,1317.181906026306,1310.4852151980888,1293.5128155264626,1301.4111909037526,1292.3029809157426,1305.62075204691,1290.7996051703637,1458.3869706784342
train-h-0014-run-001,1807.6473388671875,5.688785392305943,1755.4552977947258,1776.2604600642796,1794.5704488006133,1810.4386630210074,1793.8724553937707,1806.9256317286697,1781.2565008418542,1793.678224751725,1773.4708163543376,1805.826284787486,1764.6791816415632,1795.94489992985,1786.9761903765711,1770.1399075790457,1783.018829644055,1911.9216711329743
train-h-0015-run-001,996.7227600097656,4.231483874120441,951.3820603743463,1012.0433498431481,959.5030542237213,977.3992109575452,1010.6868178398508,990.7877431990282,997.9632900748051,1027.9032917860102,962.8110931799002,985.0025243878187,973.4097595643283,983.265260813618,979.8951758130848,963.8286975323757,991.0124083336137,990.7119920637011
train-h-0016-run-001,1172.411022949219,4.97267334820358,1174.3786929394637,1162.4784609620142,1147.6681875421343,1126.0890886919908,1147.2763856090626,1154.9857703154073,1151.8689418301356,1175.1952991196952,1123.6830272813347,1122.099749114289,1117.1105018748176,1135.5099787553133,1142.3930946029916,1138.5194088174806,1120.311489731731,1137.402139778321
train-h-0017-run-001,1432.9198379516602,4.666376311892439,1455.1768843629086,1440.3690743137424,1441.7008351369175,1442.5371754653909,1423.9010008562088,1445.091902024261,1460.162127442749,1486.1678669275734,1423.6461630786591,1441.5636465804366,1431.2802153242264,1433.1403395046993,1419.95851167418,1423.4213365503385,1422.773879442186,1364.757309318572
train-h-0018-run-001,2325.90641784668,5.639848512083116,2287.9771547863156,2400.170386932598,2403.791632262113,2388.7853074937007,2391.0758174173984,2392.1803658409663,2405.2256339185683,2387.9548993790972,2389.3955306506446,2415.189869825718,2422.1904292258773,2410.6265328879817,2433.7819358663637,2421.124696440387,2412.0592610086655,2405.347425621581
train-h-0019-run-001,1093.7171020507812,4.321786330462615,1097.4902002279014,1144.8120379179,1098.9320808626405,1098.2177474472353,1094.3028418962203,1091.8167006740373,1106.309727305842,1137.8671253289713,1086.3406730147528,1090.5184376209659,1078.210110296479,1102.8731908252978,1078.60132719979,1077.1137036974972,1117.703324979377,1304.8745589270195
train-h-0020-run-001,2212.822494506836,4.4286918350251705,2259.541017770749,2279.344341062675,2312.8050404050814,2304.9503257064366,2312.137703613332,2325.779240530435,2321.450587544095,2302.524932734848,2318.367784004447,2320.342299905418,2323.741372737294,2335.0040190478558,2314.9258912297405,2310.51473997485,2312.4753357256154,2311.501049447152
train-h-0021-run-001,2587.050308227539,4.86174958946509,2655.7250179725206,2632.0215568609497,2657.174780432315,2619.0138674392892,2633.327398270309,2603.9612410852105,2640.41648470255,2629.732993932105,2627.353281380837,2638.5007246791106,2631.725825725667,2634.0846758137336,2654.1228802125675,2612.2556290576886,2626.9174197691377,2651.0453681646013
train-h-0022-run-001,2241.814761352539,4.986782055821365,2177.941889231178,2100.1775664015418,2095.8605685825346,2107.168130929463,2068.9448345047294,2108.2951675905556,2090.1091880311337,2087.3826103346196,2102.2558223055676,2091.2699618358242,2086.8680243005388,2098.8244940207937,2087.7201678312176,2073.918784914719,2079.9053234202115,2076.725093984616
train-h-0023-run-001,2351.6261352539063,3.734412759765728,2393.3394934494054,2375.7050104700534,2400.276404917509,2370.699477384556,2375.3284352534624,2377.171002778872,2389.852135200054,2386.947862357277,2397.75320257635,2399.8656889184035,2366.0512623682007,2382.8368564039265,2379.9529102607253,2384.6441996457374,2366.3718664536277,2396.5713601306466
train-h-0024-run-001,1444.6102813720704,5.457793596140165,1531.6345209819378,1498.4696031758679,1497.9222625420098,1473.4195441986758,1483.0809381447118,1464.9192629021534,1464.124197674966,1503.0319533994343,1497.1250942976185,1496.618466614081,1456.3116051328677,1505.6091084011025,1479.4926725465818,1471.4217412093983,1468.3757502229303,1531.67279759168
train-h-0026-run-001,2504.883056640625,4.968860576271529,2572.172609163796,2512.475512621645,2548.366341484861,2518.0156388412106,2534.6291342019936,2536.959652109039,2569.571622825027,2544.8393752629368,2545.351821538266,2566.150760668434,2521.3328626598573,2545.839266508981,2534.1911729971057,2542.200947525338,2550.8239016114962,2573.647426777547
train-h-0027-run-001,1329.6113039127067,3.930704221376366,1357.050004393132,1398.7702524594104,1385.3112772061352,1350.5403941252691,1369.0258838674927,1357.4143072636418,1368.484991586393,1374.0760141610224,1352.972886597162,1349.2780944662184,1358.7790988175327,1354.7890840621728,1365.0190336752632,1355.4000027928132,1351.0188189664675,1346.1267079974677
train-h-0028-run-001,1609.284732055664,4.136661448220183,1638.1148433826493,1633.4884644451174,1611.9710342032406,1634.119126624705,1627.5338650842996,1643.0878082533775,1639.1726471698005,1627.458495842937,1662.9486070503933,1641.7333071378034,1647.8878494117344,1637.4288278517954,1619.2604496679667,1641.2978475788784,1631.5729634693623,1609.846053956154
train-h-0029-run-001,3027.1533966064453,4.887036361103937,3125.408022532954,3137.3358828804826,3126.981412438705,3143.67372934503,3134.3119673438346,3130.512499487235,3160.036896024682,3171.6238244450956,3147.567763608519,3143.5136649736137,3157.524828153341,3107.602758073054,3118.6669258793922,3122.9835171245218,3167.5419384586844,2906.759612866285
train-h-0030-run-001,2232.156692504883,4.915599912606314,2324.038514500454,2277.6988928957967,2299.5367946585216,2323.4035802360277,2286.463634554475,2306.8503757906806,2295.708183192958,2285.406831719709,2285.8042087939557,2305.7719688331763,2302.543713808367,2285.5089135964913,2293.6976878593,2298.669921241735,2294.9165049765866,2287.7400174055388
train-h-0031-run-001,2947.871597290039,5.054611063834651,2972.3228931362505,2962.6573752510044,2904.05276316953,2948.5149382034556,2936.6428349469734,2938.186640476619,2950.231710707006,2947.0822656643086,2968.6331298489345,2945.2979437049275,2964.555562188892,2933.6147635581983,2936.036357703424,2955.4434540816815,2959.8667370877524,2819.089652429473
train-h-0032-run-001,1660.856607055664,4.669107611915793,1649.0287537579352,1683.3843337439519,1662.0640391925408,1643.9606938006348,1670.8170971284808,1670.1316000463496,1666.4424326851984,1673.2356741009032,1677.754923346206,1636.936338215751,1674.471602085224,1633.5823304360754,1638.6595345039334,1640.5598846918717,1651.0818436667614,1706.0916827380634
train-h-0033-run-001,3001.2545166015625,5.7249037987744025,2894.2400479049734,2887.007224425801,2885.527809486824,2904.569521702169,2901.4358364166583,2903.084596272302,2900.0066409696374,2885.17906102012,2882.9812301830934,2894.717456888496,2918.896404956122,2905.867714947111,2875.1868070856785,2890.990488219921,2892.949665674087,2851.576913622836
train-h-0034-run-001,2563.7697479248045,4.343826153373083,2631.922679991057,2645.5980170374346,2587.9722777798706,2615.127088136401,2604.592260304243,2608.7969947046945,2639.2787594227934,2588.6379995903503,2611.0698841488943,2624.088004271094,2592.369233384979,2633.5910126081917,2618.599819458513,2628.280354480718,2631.5875707429714,2522.49406289839
train-h-0035-run-001,3181.5945587158203,5.622548974119736,3170.1019358060457,3220.306417855149,3184.5997453860837,3117.324768556174,3148.0998601712513,3154.340094071997,3180.321743121396,3174.2614504701705,3149.4406921976097,3127.25124422077,3154.41895157448,3118.8714709974724,3121.7644118704907,3101.9375134926654,3108.162247372377,2991.12136437506
train-h-0036-run-001,1823.1132232666016,5.168163300419239,1751.613834952595,1814.8308074803708,1799.4274125711675,1775.61921791578,1769.4539248694018,1774.1274642092112,1778.7016939149935,1787.7732268707168,1773.1327040304902,1779.1830698966414,1767.4565949220887,1795.1459692187384,1780.2261495819555,1784.7733285462846,1763.6983580758626,1758.3441095917217
train-h-0037-run-001,2688.596008300781,4.157932071802551,2754.510485876496,2734.9979092270223,2746.7342815387346,2738.3146471402506,2726.8741668335842,2738.183613135263,2751.5449303823275,2779.014937796061,2751.9770713862526,2753.616128810501,2720.077933525073,2738.7957505018658,2747.268884583716,2733.9785502119944,2716.8044539384923,2848.8335953810224
train-h-0038-run-001,1255.5875701904297,4.169923609205309,1265.7132218552667,1315.1459403265555,1257.754387616494,1292.1617763748027,1279.0240870582427,1250.9702408373228,1268.4563121409622,1272.605939371392,1281.1194199104636,1271.7259289395417,1257.2812302134776,1243.2397414926775,1256.5926512744838,1265.7563081039937,1279.6889063997216,1362.0870601021345
train-h-0039-run-001,1977.456591796875,4.329640049033042,2028.8305506931188,2007.7006072106167,2059.437149959098,2077.661484201601,2071.976740538394,2068.212042168972,2072.76867965509,2049.1469393245648,2062.921977174999,2101.2308814451085,2091.870520858929,2098.720343666069,2098.2396215191106,2094.5072967381516,2108.7315912564113,2071.275728528593
train-h-0040-run-001,2576.376281738281,5.120011002827016,2505.286358399586,2538.4074261857054,2534.0309552038816,2546.2692050743876,2530.9926213037556,2537.7181380918923,2554.529056014222,2529.269042518586,2539.266788903196,2553.8513162008003,2530.5410267064376,2528.6606623629013,2548.50220353342,2532.552889543997,2531.404439171463,2525.8949125162294
