scenario_id,run_id,scenario_family_id,seed,split,status,failure_reason,ardupilot_commit,patch_hash,parameter_file_hash,scenario_fingerprint,distance_m,bearing_deg,decision_altitude_m,wind_speed_m_s,wind_direction_deg,payload_mass_kg,turbulence_m_s,observation_window_s,started_unix_s,ended_unix_s,raw_log_path
pipeline-0001,pipeline-0001-run-001,pipeline-0001-family,8888875502227643192,train,completed,,d12a8f8997634cee977581cbaa5548c04facc1f5,6c58c27282539d3519962692d87bdfaba41ce01b094a18e3956a3473bb14fe20,2f5ce03671f92bfca42dabff69a505058fb52e27086fafbd86a866f5b4af27cf,7d09709a8b9d84d82d4b2291ca07362199eb956ce1ab5fa77785995409f848f6,385.6899420166283,146.40032693671162,73.39610246548776,2.629528942574747,322.93091322508064,0.14041212736891975,0.0,10.0,2026-09-22T13:58:56.505672+00:00,2026-09-22T14:03:14.749475+00:00,data/raw/pipeline-0001-run-001/logs/00000001.BIN
pipeline-0002,pipeline-0002-run-001,pipeline-0002-family,9042150291633123285,train,completed,,d12a8f8997634cee977581cbaa5548c04facc1f5,6c58c27282539d3519962692d87bdfaba41ce01b094a18e3956a3473bb14fe20,2f5ce03671f92bfca42dabff69a505058fb52e27086fafbd86a866f5b4af27cf,15766309a5831d84ce6c47fc557d6a91095b0d1681a4ba77fb9825f8d949de3f,942.8454805123691,323.1710032943274,42.512321203772444,1.4022372830951355,76.66572206071132,0.07151755508119989,0.0,10.0,2026-09-22T15:57:56.136720+00:00,2026-09-22T16:03:25.180351+00:00,data/raw/pipeline-0002-run-001/logs/00000001.BIN
pipeline-0003,pipeline-0003-run-001,pipeline-0003-family,4880747695699165707,train,completed,,d12a8f8997634cee977581cbaa5548c04facc1f5,6c58c27282539d3519962692d87bdfaba41ce01b094a18e3956a3473bb14fe20,2f5ce03671f92bfca42dabff69a505058fb52e27086fafbd86a866f5b4af27cf,72a59a8d0e35ee53d0c585323cc5a45142c31262c79daabc876c0bd5445a39fc,674.196645090646,201.18239414229612,116.26489298551705,0.9114355920837287,330.71632283345497,0.29470348392104456,0.0,10.0,2026-09-22T16:03:25.189055+00:00,2026-09-22T16:09:16.149673+00:00,data/raw/pipeline-0003-run-001/logs/00000001.BIN
pipeline-0004,pipeline-0004-run-001,pipeline-0004-family,6243199007338644196,train,completed,,d12a8f8997634cee977581cbaa5548c04facc1f5,6c58c27282539d3519962692d87bdfaba41ce01b094a18e3956a3473bb14fe20,2f5ce03671f92bfca42dabff69a505058fb52e27086fafbd86a866f5b4af27cf,83d3660df0280d9b3ad290d2ef77c2ee6b0b23ac439125b5d76d5df9f4d095a5,1180.5094543256478,27.117863322208187,80.3575481870578,4.055990066166261,172.5705489877582,0.10857716999642658,0.0,10.0,2026-09-22T16:09:16.155987+00:00,2026-09-22T16:16:38.492214+00:00,data/raw/pipeline-0004-run-001/logs/00000001.BIN
pipeline-0005,pipeline-0005-run-001,pipeline-0005-family,2491708377036619852,train,completed,,d12a8f8997634cee977581cbaa5548c04facc1f5,6c58c27282539d3519962692d87bdfaba41ce01b094a18e3956a3473bb14fe20,2f5ce03671f92bfca42dabff69a505058fb52e27086fafbd86a866f5b4af27cf,8cc7fb43eebe9ba55540718e4fff45c74b19b7858033b5659c0893cc908a8ac8,1494.6407401147758,248.96812199125284,50.45976779952977,1.6646414556835003,289.3742631017414,0.3981110338875489,0.0,10.0,2026-09-22T16:16:38.500656+00:00,2026-09-22T16:24:09.836607+00:00,data/raw/pipeline-0005-run-001/logs/00000001.BIN
pipeline-0006,pipeline-0006-run-001,pipeline-0006-family,721814273230682241,train,completed,,d12a8f8997634cee977581cbaa5548c04facc1f5,6c58c27282539d3519962692d87bdfaba41ce01b094a18e3956a3473bb14fe20,2f5ce03671f92bfca42dabff69a505058fb52e27086fafbd86a866f5b4af27cf,c70241e44c306f752057542280a142abcb52f3bbb00d21fad9069cb84ed60f86,1191.0881516899576,263.8194009505751,61.88226426380045,0.8499489612685215,254.83192064462946,0.11779784628042962,0.0,10.0,2026-09-22T17:03:37.005795+00:00,2026-09-22T17:10:17.091863+00:00,data/raw/pipeline-0006-run-001/logs/00000001.BIN
pipeline-0007,pipeline-0007-run-001,pipeline-0007-family,4573047340167085551,train,completed,,d12a8f8997634cee977581cbaa5548c04facc1f5,6c58c27282539d3519962692d87bdfaba41ce01b094a18e3956a3473bb14fe20,2f5ce03671f92bfca42dabff69a505058fb52e27086fafbd86a866f5b4af27cf,b95fc104c15f8d907150b642a00b3325e690871283c7844dd8841a3205a0fe93,322.2487862035366,252.5603287599171,77.03051829738729,3.977576049277318,20.68770055324021,0.5404169318995196,0.0,10.0,2026-09-22T17:03:37.006120+00:00,2026-09-22T17:07:36.058242+00:00,data/raw/pipeline-0007-run-001/logs/00000001.BIN
pipeline-0008,pipeline-0008-run-001,pipeline-0008-family,3910366730689662464,validation,completed,,d12a8f8997634cee977581cbaa5548c04facc1f5,6c58c27282539d3519962692d87bdfaba41ce01b094a18e3956a3473bb14fe20,2f5ce03671f92bfca42dabff69a505058fb52e27086fafbd86a866f5b4af27cf,9f5f159cbd6eeaaf08f2e816b29fa3ba4fd7a7d80ef7a9a445ff6364a39f2b38,975.4261645165244,23.487540724719125,47.623851468577215,0.6378600365340678,74.68204828303297,0.057905809086077925,0.0,10.0,2026-09-22T16:27:47.547921+00:00,2026-09-22T16:33:28.284145+00:00,data/raw/pipeline-0008-run-001/logs/00000001.BIN
pipeline-0009,pipeline-0009-run-001,pipeline-0009-family,3941006090234496193,train,completed,,d12a8f8997634cee977581cbaa5548c04facc1f5,6c58c27282539d3519962692d87bdfaba41ce01b094a18e3956a3473bb14fe20,2f5ce03671f92bfca42dabff69a505058fb52e27086fafbd86a866f5b4af27cf,755353fc123b578b4e39b507c464bd7c394f97e6948984bde765a9db615f87e7,1418.1067912677597,40.91504393428134,69.44960943481064,5.758121961067772,276.96353030062744,0.8709557960997698,0.0,10.0,2026-09-22T16:54:33.244174+00:00,2026-09-22T17:02:21.678636+00:00,data/raw/pipeline-0009-run-001/logs/00000001.BIN
pipeline-0010,pipeline-0010-run-001,pipeline-0010-family,6741126443553634680,train,completed,,d12a8f8997634cee977581cbaa5548c04facc1f5,6c58c27282539d3519962692d87bdfaba41ce01b094a18e3956a3473bb14fe20,2f5ce03671f92bfca42dabff69a505058fb52e27086fafbd86a866f5b4af27cf,554ca8ba411284ddecd748405a36f64a529b868ce036c5194596129ccd24bab1,295.80743418222346,198.06412414983228,110.32960213636393,0.09667857496947152,252.59288059275903,0.773148687989035,0.0,10.0,2026-09-22T16:54:33.244564+00:00,2026-09-22T16:59:00.219837+00:00,data/raw/pipeline-0010-run-001/logs/00000001.BIN
pipeline-0011,pipeline-0011-run-001,pipeline-0011-family,4023851771249011771,train,completed,,d12a8f8997634cee977581cbaa5548c04facc1f5,6c58c27282539d3519962692d87bdfaba41ce01b094a18e3956a3473bb14fe20,2f5ce03671f92bfca42dabff69a505058fb52e27086fafbd86a866f5b4af27cf,fa8d3dff5e57c0ed7fd122319ae2dc3595b7838bca3d9b945e36ad1980975cd1,727.6882360617583,347.2456020882312,99.28423549406934,1.1092734862413116,43.30482459755936,0.1758135778482598,0.0,10.0,2026-09-22T19:32:07.414480+00:00,2026-09-22T19:37:49.390988+00:00,data/raw/pipeline-0011-run-001/logs/00000001.BIN
pipeline-0012,pipeline-0012-run-001,pipeline-0012-family,2029448391257382355,validation,completed,,d12a8f8997634cee977581cbaa5548c04facc1f5,6c58c27282539d3519962692d87bdfaba41ce01b094a18e3956a3473bb14fe20,2f5ce03671f92bfca42dabff69a505058fb52e27086fafbd86a866f5b4af27cf,f026f055ed5f11d871dd9f4961a79e39b2f22d75cbdb462fb09dbfefb417c3da,1440.2514879941639,272.38814700972176,53.58651462547678,2.661071006583194,24.65963399434497,0.9523062584039195,0.0,10.0,2026-09-23T02:38:48.625622+00:00,2026-09-23T02:42:30.249534+00:00,data/raw/pipeline-0012-run-001/logs/00000001.BIN
pipeline-0013,pipeline-0013-run-001,pipeline-0013-family,185223267371838131,train,completed,,d12a8f8997634cee977581cbaa5548c04facc1f5,6c58c27282539d3519962692d87bdfaba41ce01b094a18e3956a3473bb14fe20,2f5ce03671f92bfca42dabff69a505058fb52e27086fafbd86a866f5b4af27cf,d23057183ee5af553a679c0e40c4e3043baa3e14a39ba3a36159a50005255a47,649.7187804958292,34.64982231523239,39.22693210283068,5.917412994343018,38.56947397055335,0.34663215790196245,0.0,10.0,2026-09-22T19:32:07.414777+00:00,2026-09-22T19:37:35.383353+00:00,data/raw/pipeline-0013-run-001/logs/00000001.BIN
pipeline-0014,pipeline-0014-run-001,pipeline-0014-family,8050631019588093217,train,completed,,d12a8f8997634cee977581cbaa5548c04facc1f5,6c58c27282539d3519962692d87bdfaba41ce01b094a18e3956a3473bb14fe20,2f5ce03671f92bfca42dabff69a505058fb52e27086fafbd86a866f5b4af27cf,d991d8eb3443cf50e778abeeaeca72adee01b319f20b09175f8e06d9cfc8c39b,586.6104065044295,107.38088410888965,39.84952079665389,0.7804735131341893,50.816961774936,0.7700130944020437,0.0,10.0,2026-09-22T19:37:49.400255+00:00,2026-09-22T19:42:02.438001+00:00,data/raw/pipeline-0014-run-001/logs/00000001.BIN
pipeline-0015,pipeline-0015-run-001,pipeline-0015-family,8171272096245292490,test,completed,,d12a8f8997634cee977581cbaa5548c04facc1f5,6c58c27282539d3519962692d87bdfaba41ce01b094a18e3956a3473bb14fe20,2f5ce03671f92bfca42dabff69a505058fb52e27086fafbd86a866f5b4af27cf,ec0bc312ec34548c1b0c447bd5b8ba4b859b1415234ba08ecd50073a90461673,1449.0906548350556,223.59295829570567,95.18562241813585,5.520508414148383,147.61387543605068,0.6302784166495794,0.0,10.0,2026-09-22T16:33:37.759382+00:00,2026-09-22T16:41:48.232532+00:00,data/raw/pipeline-0015-run-001/logs/00000001.BIN
pipeline-0016,pipeline-0016-run-001,pipeline-0016-family,3839773422150254897,train,completed,,d12a8f8997634cee977581cbaa5548c04facc1f5,6c58c27282539d3519962692d87bdfaba41ce01b094a18e3956a3473bb14fe20,2f5ce03671f92bfca42dabff69a505058fb52e27086fafbd86a866f5b4af27cf,769bf533e8a0883aaaeecaa0eb3d1d2d76a10a1c59c68b4af62fffce0dd1a20e,694.2843178060466,98.10043862808871,103.63949584280391,5.807493234382367,151.45496011531054,0.9497668698263785,0.0,10.0,2026-09-22T19:37:49.400329+00:00,2026-09-22T19:43:44.448652+00:00,data/raw/pipeline-0016-run-001/logs/00000001.BIN
pipeline-0017,pipeline-0017-run-001,pipeline-0017-family,8143623438434587671,train,completed,,d12a8f8997634cee977581cbaa5548c04facc1f5,6c58c27282539d3519962692d87bdfaba41ce01b094a18e3956a3473bb14fe20,2f5ce03671f92bfca42dabff69a505058fb52e27086fafbd86a866f5b4af27cf,684c266b3e534fa205634d5088059151cc7cb6376db3fc39727052cf6caf133a,1194.58667213964,231.57477826431398,88.35026992876558,3.3684673050549145,356.19859323121625,0.4458572485299697,0.0,10.0,2026-09-22T19:46:20.410967+00:00,2026-09-22T19:53:25.808773+00:00,data/raw/pipeline-0017-run-001/logs/00000001.BIN
pipeline-0018,pipeline-0018-run-001,pipeline-0018-family,2937839207764996152,validation,completed,,d12a8f8997634cee977581cbaa5548c04facc1f5,6c58c27282539d3519962692d87bdfaba41ce01b094a18e3956a3473bb14fe20,2f5ce03671f92bfca42dabff69a505058fb52e27086fafbd86a866f5b4af27cf,aebb929f78768a830492191c486b465c826d41c1673cb772de432a07bae079e7,265.3392653810439,324.2658176304313,58.03987183479654,1.5335801032781835,325.93233198703996,0.8597344646972432,0.0,10.0,2026-09-23T02:38:48.635367+00:00,2026-09-23T02:40:35.157276+00:00,data/raw/pipeline-0018-run-001/logs/00000001.BIN
pipeline-0019,pipeline-0019-run-001,pipeline-0019-family,6642641991920464142,train,completed,,d12a8f8997634cee977581cbaa5548c04facc1f5,6c58c27282539d3519962692d87bdfaba41ce01b094a18e3956a3473bb14fe20,2f5ce03671f92bfca42dabff69a505058fb52e27086fafbd86a866f5b4af27cf,523619add1bac73391d6b5599aad3babb1ca7609ced4b8e1b9d31d68d482f882,538.7892426371408,127.77768514795575,76.09769111287024,2.36587803450416,219.5717870632924,0.24299472490358143,0.0,10.0,2026-09-22T19:46:20.411419+00:00,2026-09-22T19:51:00.356654+00:00,data/raw/pipeline-0019-run-001/logs/00000001.BIN
pipeline-0020,pipeline-0020-run-001,pipeline-0020-family,5979685021559722951,test,completed,,d12a8f8997634cee977581cbaa5548c04facc1f5,6c58c27282539d3519962692d87bdfaba41ce01b094a18e3956a3473bb14fe20,2f5ce03671f92bfca42dabff69a505058fb52e27086fafbd86a866f5b4af27cf,19e485e268d8080a9bda47a7a0c64ee97481d4f93005bdffb9f73936d982ec21,425.9080986617132,190.84493723516707,42.82216317273829,3.0701811903144103,161.22133413211083,0.4628054861030859,0.0,10.0,2026-09-23T02:40:35.165306+00:00,2026-09-23T02:42:33.870644+00:00,data/raw/pipeline-0020-run-001/logs/00000001.BIN
pipeline-0021,pipeline-0021-run-001,pipeline-0021-family,8175547263756210398,train,completed,,d12a8f8997634cee977581cbaa5548c04facc1f5,6c58c27282539d3519962692d87bdfaba41ce01b094a18e3956a3473bb14fe20,2f5ce03671f92bfca42dabff69a505058fb52e27086fafbd86a866f5b4af27cf,42cd11cb5679f41299b916c94abbc257483ed019a26198c4857a5f597c6c0c05,215.83647793019225,242.14343322004348,30.620895849544922,1.0834871433783357,280.86260742224414,0.921814893912445,0.0,10.0,2026-09-22T19:53:25.815570+00:00,2026-09-22T19:56:14.777608+00:00,data/raw/pipeline-0021-run-001/logs/00000001.BIN
pipeline-0022,pipeline-0022-run-001,pipeline-0022-family,5512969693144634310,train,completed,,d12a8f8997634cee977581cbaa5548c04facc1f5,6c58c27282539d3519962692d87bdfaba41ce01b094a18e3956a3473bb14fe20,2f5ce03671f92bfca42dabff69a505058fb52e27086fafbd86a866f5b4af27cf,66fa1f6e33f09f33cf810f3ccb3c1620f3a1b6ea7feeda53a247f9d1d40cd970,1082.7193869188393,18.774312660100982,52.65079780602507,5.409774890139605,261.9407718287251,0.5218953548050295,0.0,10.0,2026-09-22T19:53:25.815680+00:00,2026-09-22T19:59:41.846796+00:00,data/raw/pipeline-0022-run-001/logs/00000001.BIN
pipeline-0023,pipeline-0023-run-001,pipeline-0023-family,1845876062768566154,train,completed,,d12a8f8997634cee977581cbaa5548c04facc1f5,6c58c27282539d3519962692d87bdfaba41ce01b094a18e3956a3473bb14fe20,2f5ce03671f92bfca42dabff69a505058fb52e27086fafbd86a866f5b4af27cf,1b21b8a5bc663fbc896d4c5a76befdb36a6bb548c65643419725777294e39be6,796.1549952414131,73.25411677628405,108.66195871567567,4.841785018598696,257.9006242475869,0.8673834708337228,0.0,10.0,2026-09-22T19:59:52.215983+00:00,2026-09-22T20:06:28.652188+00:00,data/raw/pipeline-0023-run-001/logs/00000001.BIN
pipeline-0024,pipeline-0024-run-001,pipeline-0024-family,7620400128778838584,train,completed,,d12a8f8997634cee977581cbaa5548c04facc1f5,6c58c27282539d3519962692d87bdfaba41ce01b094a18e3956a3473bb14fe20,2f5ce03671f92bfca42dabff69a505058fb52e27086fafbd86a866f5b4af27cf,117d8752e773f9a0040553194cff52b50e78a1b845c714a07f35cacd592d4c9e,1353.885924415618,61.6054705290923,88.27242171173864,2.4136276782982,47.15766575120666,0.18793406876100854,0.0,10.0,2026-09-22T19:59:52.216345+00:00,2026-09-22T20:07:54.672996+00:00,data/raw/pipeline-0024-run-001/logs/00000001.BIN
pipeline-0025,pipeline-0025-run-001,pipeline-0025-family,4617506539653011174,test,completed,,d12a8f8997634cee977581cbaa5548c04facc1f5,6c58c27282539d3519962692d87bdfaba41ce01b094a18e3956a3473bb14fe20,2f5ce03671f92bfca42dabff69a505058fb52e27086fafbd86a866f5b4af27cf,d478fb3739cc35ac4f532136a81b955bebc4b694229d902d244a631a34c0f75f,251.5037364951622,105.35201896181445,43.948981510169126,5.622277608928892,180.50547869172544,0.6822730586606714,0.0,10.0,2026-09-23T02:42:30.256085+00:00,2026-09-23T02:44:08.727692+00:00,data/raw/pipeline-0025-run-001/logs/00000001.BIN
pipeline-0026,pipeline-0026-run-001,pipeline-0026-family,168748632097314731,train,completed,,d12a8f8997634cee977581cbaa5548c04facc1f5,6c58c27282539d3519962692d87bdfaba41ce01b094a18e3956a3473bb14fe20,2f5ce03671f92bfca42dabff69a505058fb52e27086fafbd86a866f5b4af27cf,72a7465520016aec19383d8b34840cac1fa27332386ea92b57dca343ea5cb5ee,390.6963642293065,315.7990441602594,34.84048958015994,2.340166325216602,99.23622707064963,0.7951835690571532,0.0,10.0,2026-09-22T20:07:54.679251+00:00,2026-09-22T20:11:23.048143+00:00,data/raw/pipeline-0026-run-001/logs/00000001.BIN
pipeline-0027,pipeline-0027-run-001,pipeline-0027-family,4701532036232384046,test,completed,,d12a8f8997634cee977581cbaa5548c04facc1f5,6c58c27282539d3519962692d87bdfaba41ce01b094a18e3956a3473bb14fe20,2f5ce03671f92bfca42dabff69a505058fb52e27086fafbd86a866f5b4af27cf,6e354ac3b75f5fd4afa4108cd33058499f696267e6282097485d80da4afa4dba,1498.579115777309,151.4234931638785,60.271734095374185,3.4160778803576264,148.52084030615663,0.9905962552324438,0.0,10.0,2026-09-23T02:42:33.876902+00:00,2026-09-23T02:46:37.946441+00:00,data/raw/pipeline-0027-run-001/logs/00000001.BIN
pipeline-0028,pipeline-0028-run-001,pipeline-0028-family,3812888231501192765,train,completed,,d12a8f8997634cee977581cbaa5548c04facc1f5,6c58c27282539d3519962692d87bdfaba41ce01b094a18e3956a3473bb14fe20,2f5ce03671f92bfca42dabff69a505058fb52e27086fafbd86a866f5b4af27cf,d8166e66b79b7ff0a000782c6f4ec8ae7148c2c75f4dac6ed931064e4168f4f2,272.11493299417566,308.8422192347319,34.129666297037446,4.6578079023252865,194.5313216342144,0.8522022699939712,0.0,10.0,2026-09-22T20:07:54.679318+00:00,2026-09-22T20:10:58.625805+00:00,data/raw/pipeline-0028-run-001/logs/00000001.BIN
pipeline-0029,pipeline-0029-run-001,pipeline-0029-family,3954941760764430315,train,completed,,d12a8f8997634cee977581cbaa5548c04facc1f5,6c58c27282539d3519962692d87bdfaba41ce01b094a18e3956a3473bb14fe20,2f5ce03671f92bfca42dabff69a505058fb52e27086fafbd86a866f5b4af27cf,5310a944a7b5b17282bf8afd7846ee439b3e8760373515ee9e8fa4783f4a4ae2,501.3882942498589,149.37089831274096,40.193409824731205,1.5083237295253904,203.6704258090353,0.5520087446793116,0.0,10.0,2026-09-22T20:11:32.449563+00:00,2026-09-22T20:15:28.421549+00:00,data/raw/pipeline-0029-run-001/logs/00000001.BIN
pipeline-0030,pipeline-0030-run-001,pipeline-0030-family,7235512119529550579,train,completed,,d12a8f8997634cee977581cbaa5548c04facc1f5,6c58c27282539d3519962692d87bdfaba41ce01b094a18e3956a3473bb14fe20,2f5ce03671f92bfca42dabff69a505058fb52e27086fafbd86a866f5b4af27cf,30abd9c1a87526dd92d111fbe65b3c822185784335e244d9a02cb2f812e55b63,636.4143448245968,211.8086772806594,100.41808614002596,4.090032775635953,118.71287805043416,0.5832058968255188,0.0,10.0,2026-09-22T20:11:32.450002+00:00,2026-09-22T20:16:56.848049+00:00,data/raw/pipeline-0030-run-001/logs/00000001.BIN
pipeline-0031,pipeline-0031-run-001,pipeline-0031-family,2067803565412818518,validation,completed,,d12a8f8997634cee977581cbaa5548c04facc1f5,6c58c27282539d3519962692d87bdfaba41ce01b094a18e3956a3473bb14fe20,2f5ce03671f92bfca42dabff69a505058fb52e27086fafbd86a866f5b4af27cf,5149baccd0379ba6df3ae5cef221baeefbe503b8a532a4f3da326600aa609d24,205.39114396117864,156.14876524367372,110.2379866816309,5.007191460116912,317.30366786875777,0.13346863542978835,0.0,10.0,2026-09-23T02:44:08.733949+00:00,2026-09-23T02:46:21.676145+00:00,data/raw/pipeline-0031-run-001/logs/00000001.BIN
pipeline-0032,pipeline-0032-run-001,pipeline-0032-family,3331103907207959126,test,completed,,d12a8f8997634cee977581cbaa5548c04facc1f5,6c58c27282539d3519962692d87bdfaba41ce01b094a18e3956a3473bb14fe20,2f5ce03671f92bfca42dabff69a505058fb52e27086fafbd86a866f5b4af27cf,d8a0db3e5c8a58315e82347cec6e2e7b12242c9bf78eebca08c7d5929340810d,1201.4638034956179,154.67619391742963,68.29830008329347,1.91152359419286,186.6425772954454,0.7168966101566532,0.0,10.0,2026-09-23T02:46:21.682780+00:00,2026-09-23T02:49:47.784911+00:00,data/raw/pipeline-0032-run-001/logs/00000001.BIN
pipeline-0033,pipeline-0033-run-001,pipeline-0033-family,6263326474572516020,test,completed,,d12a8f8997634cee977581cbaa5548c04facc1f5,6c58c27282539d3519962692d87bdfaba41ce01b094a18e3956a3473bb14fe20,2f5ce03671f92bfca42dabff69a505058fb52e27086fafbd86a866f5b4af27cf,1ee3ccb81b4903529a3543a073bf488c736ed5a07dab9ce7fd61cf5d0c5f5300,760.1089304735207,132.12660098791756,61.4991506868667,3.655124697864105,335.1113813692975,0.5120609035846776,0.0,10.0,2026-09-23T02:46:37.954432+00:00,2026-09-23T02:49:20.862840+00:00,data/raw/pipeline-0033-run-001/logs/00000001.BIN
pipeline-0034,pipeline-0034-run-001,pipeline-0034-family,8041899025859640503,train,completed,,d12a8f8997634cee977581cbaa5548c04facc1f5,6c58c27282539d3519962692d87bdfaba41ce01b094a18e3956a3473bb14fe20,2f5ce03671f92bfca42dabff69a505058fb52e27086fafbd86a866f5b4af27cf,10183f930aef496d22396e10a13f24020eca5b593ff47979bfacaebcef4de3ba,472.38718826206633,276.6324624082324,63.74502575685713,2.005200597764907,29.874235007047854,0.38143774846473844,0.0,10.0,2026-09-22T20:16:56.853712+00:00,2026-09-22T20:21:11.203831+00:00,data/raw/pipeline-0034-run-001/logs/00000001.BIN
pipeline-0035,pipeline-0035-run-001,pipeline-0035-family,5472982156920748372,validation,completed,,d12a8f8997634cee977581cbaa5548c04facc1f5,6c58c27282539d3519962692d87bdfaba41ce01b094a18e3956a3473bb14fe20,2f5ce03671f92bfca42dabff69a505058fb52e27086fafbd86a866f5b4af27cf,82a19f32f6b22955c4edb82504d14dac1666a2627c08f26ba8dcd28885c9faa2,285.81228286199376,43.26088418538566,118.67050176660541,4.87902419959844,9.187855928708446,0.35877598286482587,0.0,10.0,2026-09-23T02:49:20.869356+00:00,2026-09-23T02:51:46.514217+00:00,data/raw/pipeline-0035-run-001/logs/00000001.BIN
pipeline-0036,pipeline-0036-run-001,pipeline-0036-family,2182978816113351869,test,completed,,d12a8f8997634cee977581cbaa5548c04facc1f5,6c58c27282539d3519962692d87bdfaba41ce01b094a18e3956a3473bb14fe20,2f5ce03671f92bfca42dabff69a505058fb52e27086fafbd86a866f5b4af27cf,6f986a137d6e901bb506b05328959af2efd10136c459eb4c48ec0b1f4c32599d,1072.5116762100872,47.80825424991124,94.28916210974478,4.272309631333963,141.6106078250311,0.1461803745287647,0.0,10.0,2026-09-23T02:49:47.793598+00:00,2026-09-23T02:53:13.757566+00:00,data/raw/pipeline-0036-run-001/logs/00000001.BIN
pipeline-0037,pipeline-0037-run-001,pipeline-0037-family,8374992953207721408,train,completed,,d12a8f8997634cee977581cbaa5548c04facc1f5,6c58c27282539d3519962692d87bdfaba41ce01b094a18e3956a3473bb14fe20,2f5ce03671f92bfca42dabff69a505058fb52e27086fafbd86a866f5b4af27cf,c0de8c4822e1c6e0b0bfd645833cd4d49b16db8cbbcdf85e89b4408ab47c6d16,1174.8109731138907,6.238621955112026,40.848275561739754,2.876251107062542,107.74803042181155,0.7781382102131338,0.0,10.0,2026-09-22T20:16:56.853800+00:00,2026-09-22T20:23:08.262918+00:00,data/raw/pipeline-0037-run-001/logs/00000001.BIN
pipeline-0038,pipeline-0038-run-001,pipeline-0038-family,9117119461940086780,train,completed,,d12a8f8997634cee977581cbaa5548c04facc1f5,6c58c27282539d3519962692d87bdfaba41ce01b094a18e3956a3473bb14fe20,2f5ce03671f92bfca42dabff69a505058fb52e27086fafbd86a866f5b4af27cf,29f341aca50d733e454bf875055d2c83e2895998b3e8b7700962429cf71bdd94,917.2805453234106,193.10432918486285,99.87189020224902,4.486073676944662,247.47142057274743,0.011309567698411573,0.0,10.0,2026-09-22T20:23:19.520299+00:00,2026-09-22T20:30:08.584458+00:00,data/raw/pipeline-0038-run-001/logs/00000001.BIN
pipeline-0039,pipeline-0039-run-001,pipeline-0039-family,509603107074232694,train,completed,,d12a8f8997634cee977581cbaa5548c04facc1f5,6c58c27282539d3519962692d87bdfaba41ce01b094a18e3956a3473bb14fe20,2f5ce03671f92bfca42dabff69a505058fb52e27086fafbd86a866f5b4af27cf,25d4f90bf1ff91988159d6254facfd623c96d750edd6112a1443ff0611ae08b2,1406.6948420739686,172.6727938361428,89.60871438961782,5.762668695342627,124.0154139413214,0.624871720459241,0.0,10.0,2026-09-22T20:23:19.520697+00:00,2026-09-22T20:31:59.594641+00:00,data/raw/pipeline-0039-run-001/logs/00000001.BIN
pipeline-0040,pipeline-0040-run-001,pipeline-0040-family,111964800008078595,train,completed,,d12a8f8997634cee977581cbaa5548c04facc1f5,6c58c27282539d3519962692d87bdfaba41ce01b094a18e3956a3473bb14fe20,2f5ce03671f92bfca42dabff69a505058fb52e27086fafbd86a866f5b4af27cf,fe183fda4d1a2322e54f64dc3f3005f94bdff86bd8b763d393f26c833a5effb3,802.4289476325793,241.51223572152497,45.26379930842923,4.312254250813682,83.65925385389812,0.22701054846622354,0.0,10.0,2026-09-22T20:31:59.600371+00:00,2026-09-22T20:37:24.580700+00:00,data/raw/pipeline-0040-run-001/logs/00000001.BIN
pipeline-0041,pipeline-0041-run-001,pipeline-0041-family,6456399767026531331,test,completed,,d12a8f8997634cee977581cbaa5548c04facc1f5,6c58c27282539d3519962692d87bdfaba41ce01b094a18e3956a3473bb14fe20,2f5ce03671f92bfca42dabff69a505058fb52e27086fafbd86a866f5b4af27cf,3f091e98412a524b82c71cb70186d1a6f79578555043239609325cdfc388401f,451.0888745687147,78.13781763029738,96.50820655260122,5.3332206914970985,211.81240024088441,0.8918953504298804,0.0,10.0,2026-09-23T02:51:46.521238+00:00,2026-09-23T02:54:15.303599+00:00,data/raw/pipeline-0041-run-001/logs/00000001.BIN
pipeline-0042,pipeline-0042-run-001,pipeline-0042-family,7798403745412222358,train,completed,,d12a8f8997634cee977581cbaa5548c04facc1f5,6c58c27282539d3519962692d87bdfaba41ce01b094a18e3956a3473bb14fe20,2f5ce03671f92bfca42dabff69a505058fb52e27086fafbd86a866f5b4af27cf,0b563796bbd1e9962578e5fdefc8f190dc44f102236e050eb7e6080998e7daa4,895.0431868498084,325.76911690761926,81.44056724631115,3.7645815414262858,106.0256483163418,0.23111511987219344,0.0,10.0,2026-09-22T20:31:59.600458+00:00,2026-09-22T20:38:08.604699+00:00,data/raw/pipeline-0042-run-001/logs/00000001.BIN
pipeline-0043,pipeline-0043-run-001,pipeline-0043-family,6132417109344860970,train,completed,,d12a8f8997634cee977581cbaa5548c04facc1f5,6c58c27282539d3519962692d87bdfaba41ce01b094a18e3956a3473bb14fe20,2f5ce03671f92bfca42dabff69a505058fb52e27086fafbd86a866f5b4af27cf,4b644f117ad075afb940f9c9a0b9f059fdbe5e73d4107d025017581566e5282a,930.9682794069686,138.85220215154243,42.02122541805984,1.8700023157085819,96.55963620223524,0.620940232717384,0.0,10.0,2026-09-22T20:38:08.612855+00:00,2026-09-22T20:43:33.365458+00:00,data/raw/pipeline-0043-run-001/logs/00000001.BIN
pipeline-0044,pipeline-0044-run-001,pipeline-0044-family,3984300705404326978,validation,completed,,d12a8f8997634cee977581cbaa5548c04facc1f5,6c58c27282539d3519962692d87bdfaba41ce01b094a18e3956a3473bb14fe20,2f5ce03671f92bfca42dabff69a505058fb52e27086fafbd86a866f5b4af27cf,93459e50a83016db49bd5a24b2f9184c4c66fee4ba96235ed9c5279ce466267a,783.6379876606449,355.4517946936269,119.86837676992577,4.720564570559344,31.565619658432624,0.9413728942477466,0.0,10.0,2026-09-23T02:53:13.763651+00:00,2026-09-23T02:56:33.360250+00:00,data/raw/pipeline-0044-run-001/logs/00000001.BIN
pipeline-0045,pipeline-0045-run-001,pipeline-0045-family,3310811623307482560,train,completed,,d12a8f8997634cee977581cbaa5548c04facc1f5,6c58c27282539d3519962692d87bdfaba41ce01b094a18e3956a3473bb14fe20,2f5ce03671f92bfca42dabff69a505058fb52e27086fafbd86a866f5b4af27cf,a4b45a6e252d42e46f51872f40970e0632694f71f9b4f0129cfef1dd7fb11810,447.6005911235198,101.57021822516016,84.11284261788262,1.15586994183788,280.78939599636226,0.5166875589419486,0.0,10.0,2026-09-22T20:38:08.612932+00:00,2026-09-22T20:42:39.292792+00:00,data/raw/pipeline-0045-run-001/logs/00000001.BIN
pipeline-0046,pipeline-0046-run-001,pipeline-0046-family,2651913454459749492,train,completed,,d12a8f8997634cee977581cbaa5548c04facc1f5,6c58c27282539d3519962692d87bdfaba41ce01b094a18e3956a3473bb14fe20,2f5ce03671f92bfca42dabff69a505058fb52e27086fafbd86a866f5b4af27cf,140e1abcee0465c3d5411a66546995fc82beb2e330565a823a44dc036e868cf7,867.0098321805954,160.9293749050586,106.57932263347627,4.801647791709799,289.9213226716294,0.593431239582636,0.0,10.0,2026-09-22T20:43:33.375829+00:00,2026-09-22T20:50:01.179831+00:00,data/raw/pipeline-0046-run-001/logs/00000001.BIN
pipeline-0047,pipeline-0047-run-001,pipeline-0047-family,1782679295026034434,validation,completed,,d12a8f8997634cee977581cbaa5548c04facc1f5,6c58c27282539d3519962692d87bdfaba41ce01b094a18e3956a3473bb14fe20,2f5ce03671f92bfca42dabff69a505058fb52e27086fafbd86a866f5b4af27cf,af4d480c37821b587ed8935920103a19becccdbe84f6ec57d16e21722e24ec54,1476.737866467453,80.36447329624463,80.93893855002665,5.0923566732119845,235.0622852894962,0.5039816566681722,0.0,10.0,2026-09-23T02:54:15.311612+00:00,2026-09-23T02:58:44.665537+00:00,data/raw/pipeline-0047-run-001/logs/00000001.BIN
pipeline-0048,pipeline-0048-run-001,pipeline-0048-family,6410392634193092891,train,completed,,d12a8f8997634cee977581cbaa5548c04facc1f5,6c58c27282539d3519962692d87bdfaba41ce01b094a18e3956a3473bb14fe20,2f5ce03671f92bfca42dabff69a505058fb52e27086fafbd86a866f5b4af27cf,a33babff671397e4d788c3d99a084ad5b7eea360db9be667357de612c42953eb,543.3054378390771,137.75938714902648,100.9109538538726,3.8343798472812978,230.24295930371778,0.11402396023269364,0.0,10.0,2026-09-22T20:43:33.375971+00:00,2026-09-22T20:48:40.133909+00:00,data/raw/pipeline-0048-run-001/logs/00000001.BIN
pipeline-0049,pipeline-0049-run-001,pipeline-0049-family,6733244731312353771,train,completed,,d12a8f8997634cee977581cbaa5548c04facc1f5,6c58c27282539d3519962692d87bdfaba41ce01b094a18e3956a3473bb14fe20,2f5ce03671f92bfca42dabff69a505058fb52e27086fafbd86a866f5b4af27cf,418d2924a62e76567f26515dfd382520d3c25ca02fa9cf95138b0485db14e92d,1153.683926764375,317.3584254007694,116.88999088437573,0.9662971382729235,34.75521095563154,0.9470075289779845,0.0,10.0,2026-09-22T22:17:34.669186+00:00,2026-09-22T22:39:11.661440+00:00,data/raw/pipeline-0049-run-001/logs/00000001.BIN
pipeline-0050,pipeline-0050-run-001,pipeline-0050-family,3306012254435772262,train,completed,,d12a8f8997634cee977581cbaa5548c04facc1f5,6c58c27282539d3519962692d87bdfaba41ce01b094a18e3956a3473bb14fe20,2f5ce03671f92bfca42dabff69a505058fb52e27086fafbd86a866f5b4af27cf,4ff16075882ed36cfaf8b604938b63081b934ae9a59e7cba91964ecbd506fa96,1110.8200439534708,122.35066853866401,106.84020515150148,5.163108454149107,68.20876287364234,0.8449780368320992,0.0,10.0,2026-09-22T22:17:34.669979+00:00,2026-09-22T22:39:12.663017+00:00,data/raw/pipeline-0050-run-001/logs/00000001.BIN
pipeline-0051,pipeline-0051-run-001,pipeline-0051-family,7552188029496263780,train,completed,,d12a8f8997634cee977581cbaa5548c04facc1f5,6c58c27282539d3519962692d87bdfaba41ce01b094a18e3956a3473bb14fe20,2f5ce03671f92bfca42dabff69a505058fb52e27086fafbd86a866f5b4af27cf,67de44ee4f321f365e9a7991fe2a6d03ba9079df877c5ec98c8d9e13d3db2c43,1325.1018251815656,245.05684027202057,113.57551804707124,0.6860343314535461,49.773248313090726,0.8266478123064066,0.0,10.0,2026-09-22T22:39:12.671486+00:00,2026-09-22T22:47:11.246564+00:00,data/raw/pipeline-0051-run-001/logs/00000001.BIN
pipeline-0052,pipeline-0052-run-001,pipeline-0052-family,4116787268770125379,train,completed,,d12a8f8997634cee977581cbaa5548c04facc1f5,6c58c27282539d3519962692d87bdfaba41ce01b094a18e3956a3473bb14fe20,2f5ce03671f92bfca42dabff69a505058fb52e27086fafbd86a866f5b4af27cf,9daed1ccef134d8391e0e9dfbadbc4195145de7272675702619d3d01853c7671,338.2930539060833,83.54187792058688,44.88681086144742,1.2302827926735334,6.454386689795395,0.3855252977964546,0.0,10.0,2026-09-22T22:39:12.671685+00:00,2026-09-22T22:42:42.597293+00:00,data/raw/pipeline-0052-run-001/logs/00000001.BIN
pipeline-0053,pipeline-0053-run-001,pipeline-0053-family,5674870354695392607,train,completed,,d12a8f8997634cee977581cbaa5548c04facc1f5,6c58c27282539d3519962692d87bdfaba41ce01b094a18e3956a3473bb14fe20,2f5ce03671f92bfca42dabff69a505058fb52e27086fafbd86a866f5b4af27cf,f3da2913491b1d4a8bad2a4956ac072697ea16493d27240071ea7e830c5aa1ae,1480.8167355052012,108.31985355169155,72.39248177021888,4.175822663706776,202.77862963135775,0.21218790380080643,0.0,10.0,2026-09-22T22:47:11.257453+00:00,2026-09-22T22:54:56.088534+00:00,data/raw/pipeline-0053-run-001/logs/00000001.BIN
pipeline-0054,pipeline-0054-run-001,pipeline-0054-family,3630874589085780335,validation,completed,,d12a8f8997634cee977581cbaa5548c04facc1f5,6c58c27282539d3519962692d87bdfaba41ce01b094a18e3956a3473bb14fe20,2f5ce03671f92bfca42dabff69a505058fb52e27086fafbd86a866f5b4af27cf,232ca11eb3f552a2ecaa139a476a3cdbc879080de97633f25851331f79030f13,359.86310663305,278.37545958119387,85.73320391860875,4.260570190084005,63.853943080311446,0.352935895684482,0.0,10.0,2026-09-23T02:56:33.366044+00:00,2026-09-23T02:58:47.023813+00:00,data/raw/pipeline-0054-run-001/logs/00000001.BIN
pipeline-0055,pipeline-0055-run-001,pipeline-0055-family,2472720467159323942,train,completed,,d12a8f8997634cee977581cbaa5548c04facc1f5,6c58c27282539d3519962692d87bdfaba41ce01b094a18e3956a3473bb14fe20,2f5ce03671f92bfca42dabff69a505058fb52e27086fafbd86a866f5b4af27cf,9b31cd994ff2dc779808c3b53018f0bc13a140ffcddf57ba2274c4e4d823706d,788.9958426540159,293.73718143916375,47.99727831637078,4.146274967031566,284.1231345452498,0.7255667023932902,0.0,10.0,2026-09-22T22:47:11.257708+00:00,2026-09-22T22:52:40.624090+00:00,data/raw/pipeline-0055-run-001/logs/00000001.BIN
pipeline-0056,pipeline-0056-run-001,pipeline-0056-family,3897172884145958636,test,completed,,d12a8f8997634cee977581cbaa5548c04facc1f5,6c58c27282539d3519962692d87bdfaba41ce01b094a18e3956a3473bb14fe20,2f5ce03671f92bfca42dabff69a505058fb52e27086fafbd86a866f5b4af27cf,d4183478110c4364d4e5b6575b35e91f06fdc9fa5f74750b113471be80bf33a9,1415.4779724729733,167.17553594647592,107.41109583157944,2.6651633791541895,144.54399106247016,0.16130328459256388,0.0,10.0,2026-09-23T02:58:44.671815+00:00,2026-09-23T03:03:07.030677+00:00,data/raw/pipeline-0056-run-001/logs/00000001.BIN
pipeline-0057,pipeline-0057-run-001,pipeline-0057-family,28525568359901163,train,completed,,d12a8f8997634cee977581cbaa5548c04facc1f5,6c58c27282539d3519962692d87bdfaba41ce01b094a18e3956a3473bb14fe20,2f5ce03671f92bfca42dabff69a505058fb52e27086fafbd86a866f5b4af27cf,d4ad2ca12af3660afc13851f09038968b435a7a00cc694162d10ec7ded9d49ef,719.7094416910808,192.38670993088138,97.57859284860118,2.9759918567760626,271.72874735254754,0.255893358557823,0.0,10.0,2026-09-22T22:54:56.097572+00:00,2026-09-22T23:00:34.750280+00:00,data/raw/pipeline-0057-run-001/logs/00000001.BIN
pipeline-0058,pipeline-0058-run-001,pipeline-0058-family,4155954574305820847,validation,completed,,d12a8f8997634cee977581cbaa5548c04facc1f5,6c58c27282539d3519962692d87bdfaba41ce01b094a18e3956a3473bb14fe20,2f5ce03671f92bfca42dabff69a505058fb52e27086fafbd86a866f5b4af27cf,2427fec42d8d2623e6a8e648f0427d2334c88e6ce990864e6fe16a63f9144f58,404.7900758969537,281.6621432259212,89.95594868905471,0.02493247411744948,120.03865547967888,0.6488334274442543,0.0,10.0,2026-09-23T02:58:47.030724+00:00,2026-09-23T03:01:04.013923+00:00,data/raw/pipeline-0058-run-001/logs/00000001.BIN
pipeline-0059,pipeline-0059-run-001,pipeline-0059-family,61366263716749104,train,completed,,d12a8f8997634cee977581cbaa5548c04facc1f5,6c58c27282539d3519962692d87bdfaba41ce01b094a18e3956a3473bb14fe20,2f5ce03671f92bfca42dabff69a505058fb52e27086fafbd86a866f5b4af27cf,bafc1fb0d49644d09dab51abc31d36066e3b159e0ffa0550e7642435c65408b6,827.570487290635,331.0470242113056,90.34364819318876,5.682510936626125,42.79899746564975,0.26613891951511354,0.0,10.0,2026-09-22T22:54:56.097648+00:00,2026-09-22T23:01:02.768390+00:00,data/raw/pipeline-0059-run-001/logs/00000001.BIN
pipeline-0060,pipeline-0060-run-001,pipeline-0060-family,4314088432242035034,train,completed,,d12a8f8997634cee977581cbaa5548c04facc1f5,6c58c27282539d3519962692d87bdfaba41ce01b094a18e3956a3473bb14fe20,2f5ce03671f92bfca42dabff69a505058fb52e27086fafbd86a866f5b4af27cf,9865109d80dfff43846e5eec761a40c0f88a165e183401f5cca671a5c8de904b,1164.3814450066466,123.76313441722552,76.51009158651992,4.693501652903366,282.5395466646837,0.1315480907739969,0.0,10.0,2026-09-22T23:06:09.977162+00:00,2026-09-22T23:13:50.512872+00:00,data/raw/pipeline-0060-run-001/logs/00000001.BIN
pipeline-0061,pipeline-0061-run-001,pipeline-0061-family,5895513546102334393,train,completed,,d12a8f8997634cee977581cbaa5548c04facc1f5,6c58c27282539d3519962692d87bdfaba41ce01b094a18e3956a3473bb14fe20,2f5ce03671f92bfca42dabff69a505058fb52e27086fafbd86a866f5b4af27cf,e331c94bf9f2f396b4c32026039d2c3bbf7227303ccfccc0f4a44a1f18e0da60,232.17799370100553,247.24269217182564,43.445588049590185,1.7797797769646144,173.79383159729932,0.9289009659414215,0.0,10.0,2026-09-22T23:06:09.977498+00:00,2026-09-22T23:09:15.426390+00:00,data/raw/pipeline-0061-run-001/logs/00000001.BIN
pipeline-0062,pipeline-0062-run-001,pipeline-0062-family,8996385988758019612,train,completed,,d12a8f8997634cee977581cbaa5548c04facc1f5,6c58c27282539d3519962692d87bdfaba41ce01b094a18e3956a3473bb14fe20,2f5ce03671f92bfca42dabff69a505058fb52e27086fafbd86a866f5b4af27cf,d84ec247e2e62e874985ff7618d8019b682028b0c5cbc78c4df58b81f15b935a,958.0852704871164,28.931314974949053,92.20043501293256,3.6763746420182137,224.8478196500539,0.7418964430080689,0.0,10.0,2026-09-22T23:13:50.518935+00:00,2026-09-22T23:20:26.503440+00:00,data/raw/pipeline-0062-run-001/logs/00000001.BIN
pipeline-0063,pipeline-0063-run-001,pipeline-0063-family,185351793471217433,train,completed,,d12a8f8997634cee977581cbaa5548c04facc1f5,6c58c27282539d3519962692d87bdfaba41ce01b094a18e3956a3473bb14fe20,2f5ce03671f92bfca42dabff69a505058fb52e27086fafbd86a866f5b4af27cf,ed0f49ce3948e60ddb888311406328f36da2e096d99f65ea16e92e67b0c22dfe,667.2373283868139,300.8688169499799,96.69017268046282,4.558531546036698,305.95006105327803,0.6479195205300083,0.0,10.0,2026-09-22T23:13:50.519024+00:00,2026-09-22T23:19:46.881378+00:00,data/raw/pipeline-0063-run-001/logs/00000001.BIN
pipeline-0064,pipeline-0064-run-001,pipeline-0064-family,7228837512988445442,test,completed,,d12a8f8997634cee977581cbaa5548c04facc1f5,6c58c27282539d3519962692d87bdfaba41ce01b094a18e3956a3473bb14fe20,2f5ce03671f92bfca42dabff69a505058fb52e27086fafbd86a866f5b4af27cf,3b8ed78790b4fe9143ba0735fc162f9b5ea51e76ba5b33ba7a7e08e148e105ac,992.7666253937346,232.5633009469214,71.7687597630399,4.585891374586264,325.0611151506181,0.41337235657868837,0.0,10.0,2026-09-23T03:01:04.022904+00:00,2026-09-23T03:04:10.164242+00:00,data/raw/pipeline-0064-run-001/logs/00000001.BIN
pipeline-0065,pipeline-0065-run-001,pipeline-0065-family,5008991771176647761,train,completed,,d12a8f8997634cee977581cbaa5548c04facc1f5,6c58c27282539d3519962692d87bdfaba41ce01b094a18e3956a3473bb14fe20,2f5ce03671f92bfca42dabff69a505058fb52e27086fafbd86a866f5b4af27cf,d1a7b65bfb4420e0187b5f2572c5649279da9f46733f96434140a64abe59b731,861.4277337754821,44.670784960348065,31.232481826154263,0.4439877898807369,80.2995172147456,0.15014907981396292,0.0,10.0,2026-09-22T23:20:26.512268+00:00,2026-09-22T23:25:25.755354+00:00,data/raw/pipeline-0065-run-001/logs/00000001.BIN
pipeline-0066,pipeline-0066-run-001,pipeline-0066-family,575631925615605882,train,completed,,d12a8f8997634cee977581cbaa5548c04facc1f5,6c58c27282539d3519962692d87bdfaba41ce01b094a18e3956a3473bb14fe20,2f5ce03671f92bfca42dabff69a505058fb52e27086fafbd86a866f5b4af27cf,8bd6f853b9b6de1249b246db3da7d34a720ee8dedff93035548a4ba5e9d99a20,210.804454331868,290.74691936888837,110.89138931014953,3.239706582899003,296.9725758125009,0.4945144192677,0.0,10.0,2026-09-22T23:20:26.512360+00:00,2026-09-22T23:24:41.727524+00:00,data/raw/pipeline-0066-run-001/logs/00000001.BIN
pipeline-0067,pipeline-0067-run-001,pipeline-0067-family,558811993870251376,test,completed,,d12a8f8997634cee977581cbaa5548c04facc1f5,6c58c27282539d3519962692d87bdfaba41ce01b094a18e3956a3473bb14fe20,2f5ce03671f92bfca42dabff69a505058fb52e27086fafbd86a866f5b4af27cf,96a8fe50523ce52c872bedde15520b3cc42294836e291805185afd0c420197f0,688.6422005239449,129.72980172817643,85.33239504282153,5.71760604625441,20.139553890997842,0.8116231614648461,0.0,10.0,2026-09-23T03:03:07.036666+00:00,2026-09-23T03:05:50.157684+00:00,data/raw/pipeline-0067-run-001/logs/00000001.BIN
pipeline-0068,pipeline-0068-run-001,pipeline-0068-family,5067327405125410882,train,completed,,d12a8f8997634cee977581cbaa5548c04facc1f5,6c58c27282539d3519962692d87bdfaba41ce01b094a18e3956a3473bb14fe20,2f5ce03671f92bfca42dabff69a505058fb52e27086fafbd86a866f5b4af27cf,98dbdc2e6aaf601dad8f30d69e723eb5615b2e303f68c2659ac64138fdaf00ac,1159.944455243926,227.9418381497564,41.622150495650715,3.133701457578664,232.90414798535608,0.6591509191725127,0.0,10.0,2026-09-22T23:25:25.767019+00:00,2026-09-22T23:31:59.863926+00:00,data/raw/pipeline-0068-run-001/logs/00000001.BIN
pipeline-0069,pipeline-0069-run-001,pipeline-0069-family,8940810032763453058,train,completed,,d12a8f8997634cee977581cbaa5548c04facc1f5,6c58c27282539d3519962692d87bdfaba41ce01b094a18e3956a3473bb14fe20,2f5ce03671f92bfca42dabff69a505058fb52e27086fafbd86a866f5b4af27cf,d74649645bc70e1b0954e22479b83b0b4b30d3cc489964b4bd474fa8aa1d966b,1239.3599753973226,150.20749032115,71.32715583019908,3.3231587038203054,194.22688776135095,0.26884805637143194,0.0,10.0,2026-09-22T23:25:25.767179+00:00,2026-09-22T23:32:45.988563+00:00,data/raw/pipeline-0069-run-001/logs/00000001.BIN
pipeline-0070,pipeline-0070-run-001,pipeline-0070-family,7470479058950958675,test,completed,,d12a8f8997634cee977581cbaa5548c04facc1f5,6c58c27282539d3519962692d87bdfaba41ce01b094a18e3956a3473bb14fe20,2f5ce03671f92bfca42dabff69a505058fb52e27086fafbd86a866f5b4af27cf,e725a70ca2938ae378965ccb13aed1dedb1c488bfa0221f462fb47ba7360ad37,204.5279066864926,185.76624957320163,59.35471325821476,5.475765443978724,358.3053268076141,0.8994664420557307,0.0,10.0,2026-09-23T03:04:10.170436+00:00,2026-09-23T03:05:54.642980+00:00,data/raw/pipeline-0070-run-001/logs/00000001.BIN
pipeline-0071,pipeline-0071-run-001,pipeline-0071-family,704155922217004747,train,completed,,d12a8f8997634cee977581cbaa5548c04facc1f5,6c58c27282539d3519962692d87bdfaba41ce01b094a18e3956a3473bb14fe20,2f5ce03671f92bfca42dabff69a505058fb52e27086fafbd86a866f5b4af27cf,5edd744e5663247e11e867a253802e8dd0aa685c95314ac322b0fb39802f764b,272.94484269658096,67.97280794356473,86.5201026833889,2.9082665386555258,328.1987919448196,0.5498663522047481,0.0,10.0,2026-09-22T23:38:55.036657+00:00,2026-09-22T23:42:53.129404+00:00,data/raw/pipeline-0071-run-001/logs/00000001.BIN
pipeline-0072,pipeline-0072-run-001,pipeline-0072-family,1528848903085790112,train,completed,,d12a8f8997634cee977581cbaa5548c04facc1f5,6c58c27282539d3519962692d87bdfaba41ce01b094a18e3956a3473bb14fe20,2f5ce03671f92bfca42dabff69a505058fb52e27086fafbd86a866f5b4af27cf,c865405637a3d53d473b0cc1489c5d2a16f2f4fa3f78153cfbae3fb557543913,573.3796604263766,341.2178060748454,82.70431534973216,4.618212978779697,354.93614349217154,0.5880228769738491,0.0,10.0,2026-09-22T23:38:55.036997+00:00,2026-09-22T23:44:15.169006+00:00,data/raw/pipeline-0072-run-001/logs/00000001.BIN
pipeline-0073,pipeline-0073-run-001,pipeline-0073-family,6112872488330772948,train,completed,,d12a8f8997634cee977581cbaa5548c04facc1f5,6c58c27282539d3519962692d87bdfaba41ce01b094a18e3956a3473bb14fe20,2f5ce03671f92bfca42dabff69a505058fb52e27086fafbd86a866f5b4af27cf,51659e10a8bc1ab3b6f544a9788a211377107b4d8b7eb8c02814af99b42f2d4a,770.7348320328542,334.240117996282,49.22942723467802,2.6071275043372593,268.82474835544434,0.9982206259712871,0.0,10.0,2026-09-22T23:44:15.175784+00:00,2026-09-22T23:49:14.160492+00:00,data/raw/pipeline-0073-run-001/logs/00000001.BIN
pipeline-0074,pipeline-0074-run-001,pipeline-0074-family,5495191811341753006,train,completed,,d12a8f8997634cee977581cbaa5548c04facc1f5,6c58c27282539d3519962692d87bdfaba41ce01b094a18e3956a3473bb14fe20,2f5ce03671f92bfca42dabff69a505058fb52e27086fafbd86a866f5b4af27cf,50ee36418dc1331e5b5790741be8cc2027b22fd125f7761d3ffb300bf5c958e4,909.4285918234858,53.98284883044977,106.16753886606715,2.577136533044102,33.84282537386311,0.5095266169297491,0.0,10.0,2026-09-22T23:44:15.175930+00:00,2026-09-22T23:50:52.605931+00:00,data/raw/pipeline-0074-run-001/logs/00000001.BIN
pipeline-0075,pipeline-0075-run-001,pipeline-0075-family,6299387965490605002,train,completed,,d12a8f8997634cee977581cbaa5548c04facc1f5,6c58c27282539d3519962692d87bdfaba41ce01b094a18e3956a3473bb14fe20,2f5ce03671f92bfca42dabff69a505058fb52e27086fafbd86a866f5b4af27cf,34d5f49fc9ad119515ea235c8439e2e4e0fc0c0efa315355b31097866546dad7,346.57792540440084,313.6897635510976,51.79920280523038,1.8116783195881947,207.9589097527801,0.5380796228192449,0.0,10.0,2026-09-22T23:50:52.611601+00:00,2026-09-22T23:54:29.639073+00:00,data/raw/pipeline-0075-run-001/logs/00000001.BIN
pipeline-0076,pipeline-0076-run-001,pipeline-0076-family,4186319502903293138,train,completed,,d12a8f8997634cee977581cbaa5548c04facc1f5,6c58c27282539d3519962692d87bdfaba41ce01b094a18e3956a3473bb14fe20,2f5ce03671f92bfca42dabff69a505058fb52e27086fafbd86a866f5b4af27cf,87182cebf500dccf1be8b78c9aa7fbf0df4d6cf8d8ea7fcc63d1d369deca0aed,368.9676640768405,94.19486638190645,91.8099079531909,2.7948183693167947,101.00131598183913,0.44349514920103156,0.0,10.0,2026-09-22T23:50:52.611673+00:00,2026-09-22T23:55:21.637443+00:00,data/raw/pipeline-0076-run-001/logs/00000001.BIN
pipeline-0077,pipeline-0077-run-001,pipeline-0077-family,6518699702452022582,train,completed,,d12a8f8997634cee977581cbaa5548c04facc1f5,6c58c27282539d3519962692d87bdfaba41ce01b094a18e3956a3473bb14fe20,2f5ce03671f92bfca42dabff69a505058fb52e27086fafbd86a866f5b4af27cf,f8948042da82257fcd90b98a97f90a414430fe1b32d120c87ccbadb07bea42ad,1248.1784105299487,233.49505551909454,114.40795161553278,0.60079484639792,121.31955149786901,0.7311919438632363,0.0,10.0,2026-09-22T23:55:21.643384+00:00,2026-09-23T00:03:03.083880+00:00,data/raw/pipeline-0077-run-001/logs/00000001.BIN
pipeline-0078,pipeline-0078-run-001,pipeline-0078-family,3746874919047179322,test,completed,,d12a8f8997634cee977581cbaa5548c04facc1f5,6c58c27282539d3519962692d87bdfaba41ce01b094a18e3956a3473bb14fe20,2f5ce03671f92bfca42dabff69a505058fb52e27086fafbd86a866f5b4af27cf,521db68bdad0c6b252965e6b70283dac2f2a908289d779884b78ef7ed1171c38,483.158073392105,4.692354604834998,33.69735190472901,2.759096671161614,319.264733616741,0.6369778389361607,0.0,10.0,2026-09-23T03:05:50.165255+00:00,2026-09-23T03:07:47.654796+00:00,data/raw/pipeline-0078-run-001/logs/00000001.BIN
pipeline-0079,pipeline-0079-run-001,pipeline-0079-family,5763005656684209164,validation,completed,,d12a8f8997634cee977581cbaa5548c04facc1f5,6c58c27282539d3519962692d87bdfaba41ce01b094a18e3956a3473bb14fe20,2f5ce03671f92bfca42dabff69a505058fb52e27086fafbd86a866f5b4af27cf,cd91f86b327ef9a1c784cb63b1e278de95d12569f807044e119ddb18db4d5525,999.487633877866,352.28340449137727,107.93046926391582,3.307549202643273,53.28230576636625,0.042618019753431234,0.0,10.0,2026-09-23T03:05:54.649070+00:00,2026-09-23T03:09:27.031320+00:00,data/raw/pipeline-0079-run-001/logs/00000001.BIN
pipeline-0080,pipeline-0080-run-001,pipeline-0080-family,3946537088779993506,train,completed,,d12a8f8997634cee977581cbaa5548c04facc1f5,6c58c27282539d3519962692d87bdfaba41ce01b094a18e3956a3473bb14fe20,2f5ce03671f92bfca42dabff69a505058fb52e27086fafbd86a866f5b4af27cf,0435a7a3ddeb5ff0a1fe20311b9358d3c007d26630874b63b2e8e5c8c78d3116,669.4801901372969,333.19192167561243,79.14232559302644,5.8240457060921464,213.6340922690668,0.2446882111955665,0.0,10.0,2026-09-22T23:55:21.643458+00:00,2026-09-23T00:00:49.669288+00:00,data/raw/pipeline-0080-run-001/logs/00000001.BIN
pipeline-0081,pipeline-0081-run-001,pipeline-0081-family,3808340726586154352,validation,completed,,d12a8f8997634cee977581cbaa5548c04facc1f5,6c58c27282539d3519962692d87bdfaba41ce01b094a18e3956a3473bb14fe20,2f5ce03671f92bfca42dabff69a505058fb52e27086fafbd86a866f5b4af27cf,0cd7cdb1c56b9d957fd2e8a7d34729aed052c14d7b3177e2925721e1af80f398,372.5499805572573,271.56822499184307,73.77204191790369,2.719651799692339,126.33787824213093,0.08842343677135316,0.0,10.0,2026-09-23T03:07:47.660640+00:00,2026-09-23T03:09:55.308917+00:00,data/raw/pipeline-0081-run-001/logs/00000001.BIN
pipeline-0082,pipeline-0082-run-001,pipeline-0082-family,631870425595658628,train,completed,,d12a8f8997634cee977581cbaa5548c04facc1f5,6c58c27282539d3519962692d87bdfaba41ce01b094a18e3956a3473bb14fe20,2f5ce03671f92bfca42dabff69a505058fb52e27086fafbd86a866f5b4af27cf,da6af2593820eb687fda6981cf9da4ebf49161a99151c80a85140fdcf54c6b7c,582.9243907869346,237.17127780670117,36.50456070837904,0.5356333826215341,313.2983357098439,0.16959983294868436,0.0,10.0,2026-09-23T00:09:13.387807+00:00,2026-09-23T00:13:21.366469+00:00,data/raw/pipeline-0082-run-001/logs/00000001.BIN
pipeline-0083,pipeline-0083-run-001,pipeline-0083-family,2109806035065496528,validation,completed,,d12a8f8997634cee977581cbaa5548c04facc1f5,6c58c27282539d3519962692d87bdfaba41ce01b094a18e3956a3473bb14fe20,2f5ce03671f92bfca42dabff69a505058fb52e27086fafbd86a866f5b4af27cf,11b384f3d97197ac1e6681fcaa9619ff1f971921547f709324ca1567782d3d8c,1004.9413112519056,343.356053356394,75.82637187187245,3.153350670617936,71.2888573744353,0.07503086672935785,0.0,10.0,2026-09-23T03:09:27.040424+00:00,2026-09-23T03:12:36.497894+00:00,data/raw/pipeline-0083-run-001/logs/00000001.BIN
pipeline-0084,pipeline-0084-run-001,pipeline-0084-family,3211396463327964120,test,completed,,d12a8f8997634cee977581cbaa5548c04facc1f5,6c58c27282539d3519962692d87bdfaba41ce01b094a18e3956a3473bb14fe20,2f5ce03671f92bfca42dabff69a505058fb52e27086fafbd86a866f5b4af27cf,748cd5a391c2dbdbb2046ef7b1a6b2d91c2875584a86bb7aeac8193fb97f5236,746.2813482278518,225.28833139683292,54.521986749831484,1.4851538035955674,157.78592049208527,0.5725304938274264,0.0,10.0,2026-09-23T03:09:55.317018+00:00,2026-09-23T03:12:27.954236+00:00,data/raw/pipeline-0084-run-001/logs/00000001.BIN
pipeline-0085,pipeline-0085-run-001,pipeline-0085-family,1695418270114309035,train,completed,,d12a8f8997634cee977581cbaa5548c04facc1f5,6c58c27282539d3519962692d87bdfaba41ce01b094a18e3956a3473bb14fe20,2f5ce03671f92bfca42dabff69a505058fb52e27086fafbd86a866f5b4af27cf,31a9627825403422a964f06d6149d6d38b68a4eaa1770f1b9297a2029c9e46de,711.078943218741,256.6364829647761,60.08638360302423,5.361300130135863,102.7985797080293,0.2858825108539621,0.0,10.0,2026-09-23T00:09:13.388345+00:00,2026-09-23T00:14:53.426788+00:00,data/raw/pipeline-0085-run-001/logs/00000001.BIN
pipeline-0086,pipeline-0086-run-001,pipeline-0086-family,3614915614427082110,train,completed,,d12a8f8997634cee977581cbaa5548c04facc1f5,6c58c27282539d3519962692d87bdfaba41ce01b094a18e3956a3473bb14fe20,2f5ce03671f92bfca42dabff69a505058fb52e27086fafbd86a866f5b4af27cf,c8866715d53eeec702a9c4905f77d003179ba37b31814490eb32cc4a6d8798c9,224.53148724450912,267.56135259917,104.64714557371566,5.608953441975145,336.83963823017524,0.23397037097258783,0.0,10.0,2026-09-23T00:14:53.433934+00:00,2026-09-23T00:19:04.399568+00:00,data/raw/pipeline-0086-run-001/logs/00000001.BIN
pipeline-0087,pipeline-0087-run-001,pipeline-0087-family,7633721013008359572,test,completed,,d12a8f8997634cee977581cbaa5548c04facc1f5,6c58c27282539d3519962692d87bdfaba41ce01b094a18e3956a3473bb14fe20,2f5ce03671f92bfca42dabff69a505058fb52e27086fafbd86a866f5b4af27cf,ea5f29e2e3880aa46ff3f0f78fc9bc50d39eff1ea8efb14f9878315720871ead,309.0477477402719,33.755231922504784,98.24692495212354,1.7326996231948373,222.29489381773482,0.5266494771011679,0.0,10.0,2026-09-23T03:12:27.960596+00:00,2026-09-23T03:14:40.474028+00:00,data/raw/pipeline-0087-run-001/logs/00000001.BIN
pipeline-0088,pipeline-0088-run-001,pipeline-0088-family,5787759465796150565,train,completed,,d12a8f8997634cee977581cbaa5548c04facc1f5,6c58c27282539d3519962692d87bdfaba41ce01b094a18e3956a3473bb14fe20,2f5ce03671f92bfca42dabff69a505058fb52e27086fafbd86a866f5b4af27cf,565380cca9836690270be092e2d3431b03182911727484da1e1f944332f6fc89,409.0030357598331,352.92590653071613,109.60298774782535,1.604081467248132,133.80071417453217,0.6610309624360688,0.0,10.0,2026-09-23T00:14:53.434036+00:00,2026-09-23T00:19:42.413593+00:00,data/raw/pipeline-0088-run-001/logs/00000001.BIN
pipeline-0089,pipeline-0089-run-001,pipeline-0089-family,7952981730168653421,train,completed,,d12a8f8997634cee977581cbaa5548c04facc1f5,6c58c27282539d3519962692d87bdfaba41ce01b094a18e3956a3473bb14fe20,2f5ce03671f92bfca42dabff69a505058fb52e27086fafbd86a866f5b4af27cf,7d3fd1b19c10a146248e7d607aa12ee9350b9f90cfbe659d1a0d192eb9766c7e,953.6865268994575,177.71007038175998,55.83831502507388,4.517501668147132,183.9252461335116,0.4177381665627566,0.0,10.0,2026-09-23T00:19:42.419386+00:00,2026-09-23T00:26:14.450385+00:00,data/raw/pipeline-0089-run-001/logs/00000001.BIN
pipeline-0090,pipeline-0090-run-001,pipeline-0090-family,1447505351399485000,train,completed,,d12a8f8997634cee977581cbaa5548c04facc1f5,6c58c27282539d3519962692d87bdfaba41ce01b094a18e3956a3473bb14fe20,2f5ce03671f92bfca42dabff69a505058fb52e27086fafbd86a866f5b4af27cf,fe79d90ba8dde838d4d4c9dffbfa026817a82b7cd48a4da18caa5bb9e586de0f,709.5048593688016,179.3252962839754,37.884023870334985,0.5887649350630476,37.07668206650868,0.803195358229503,0.0,10.0,2026-09-23T00:19:42.419470+00:00,2026-09-23T00:24:17.791562+00:00,data/raw/pipeline-0090-run-001/logs/00000001.BIN
pipeline-0091,pipeline-0091-run-001,pipeline-0091-family,7235453154208511894,test,completed,,d12a8f8997634cee977581cbaa5548c04facc1f5,6c58c27282539d3519962692d87bdfaba41ce01b094a18e3956a3473bb14fe20,2f5ce03671f92bfca42dabff69a505058fb52e27086fafbd86a866f5b4af27cf,f692700a12f75634eb510679e2a55a1cd130fce925860dc199ddb324d7cd756b,1042.747898945786,348.79204337173127,87.65173084196567,5.946330562380859,104.94395884504152,0.42274747208903574,0.0,10.0,2026-09-23T03:12:36.507060+00:00,2026-09-23T03:16:06.123498+00:00,data/raw/pipeline-0091-run-001/logs/00000001.BIN
pipeline-0092,pipeline-0092-run-001,pipeline-0092-family,8203045856458283899,train,completed,,d12a8f8997634cee977581cbaa5548c04facc1f5,6c58c27282539d3519962692d87bdfaba41ce01b094a18e3956a3473bb14fe20,2f5ce03671f92bfca42dabff69a505058fb52e27086fafbd86a866f5b4af27cf,bfeed1b35be4ac46469fceea589437248c441fdfce4121d2380eb5b871a71dbb,873.0906474651022,185.30244615843628,71.5187489161759,2.4583615950801345,59.77950672803751,0.29845311765494636,0.0,10.0,2026-09-23T00:26:14.457324+00:00,2026-09-23T00:31:58.614927+00:00,data/raw/pipeline-0092-run-001/logs/00000001.BIN
pipeline-0093,pipeline-0093-run-001,pipeline-0093-family,216009594738481131,train,completed,,d12a8f8997634cee977581cbaa5548c04facc1f5,6c58c27282539d3519962692d87bdfaba41ce01b094a18e3956a3473bb14fe20,2f5ce03671f92bfca42dabff69a505058fb52e27086fafbd86a866f5b4af27cf,33dd8e7c7764327c8f19ffff34ca9841d051335908a4d4d5e12aa5b3f62aead9,625.5052353166216,126.2498768704488,103.98465421230505,4.117108698088893,256.6280301324976,0.014808937537987541,0.0,10.0,2026-09-23T00:26:14.457411+00:00,2026-09-23T00:31:51.968386+00:00,data/raw/pipeline-0093-run-001/logs/00000001.BIN
pipeline-0094,pipeline-0094-run-001,pipeline-0094-family,3847521508348440353,train,completed,,d12a8f8997634cee977581cbaa5548c04facc1f5,6c58c27282539d3519962692d87bdfaba41ce01b094a18e3956a3473bb14fe20,2f5ce03671f92bfca42dabff69a505058fb52e27086fafbd86a866f5b4af27cf,7edf2c89b8479987fe54abbc87e78907f49e8c21e3df4924a8c4cffc80c40973,1287.9443968716807,188.08702495121986,32.09625534799591,0.7008320047291838,57.266867649764286,0.0076690030826879,0.0,10.0,2026-09-23T00:43:54.578511+00:00,2026-09-23T00:50:21.119519+00:00,data/raw/pipeline-0094-run-001/logs/00000001.BIN
pipeline-0095,pipeline-0095-run-001,pipeline-0095-family,1486174362406974127,test,completed,,d12a8f8997634cee977581cbaa5548c04facc1f5,6c58c27282539d3519962692d87bdfaba41ce01b094a18e3956a3473bb14fe20,2f5ce03671f92bfca42dabff69a505058fb52e27086fafbd86a866f5b4af27cf,f2eb3b5ba148524c3fe1f357947f44bbb17e40be386dadcde12fda28886c7874,609.8862037638896,182.95944369527757,78.93223110702755,3.6184899707840152,264.0355701803853,0.06096357330598539,0.0,10.0,2026-09-23T03:14:40.481896+00:00,2026-09-23T03:17:12.929241+00:00,data/raw/pipeline-0095-run-001/logs/00000001.BIN
pipeline-0096,pipeline-0096-run-001,pipeline-0096-family,2515641242590470142,train,completed,,d12a8f8997634cee977581cbaa5548c04facc1f5,6c58c27282539d3519962692d87bdfaba41ce01b094a18e3956a3473bb14fe20,2f5ce03671f92bfca42dabff69a505058fb52e27086fafbd86a866f5b4af27cf,0832008586fb71530aaea3012746a7880e8e076a083c136ba5c99b7ab95e4139,317.4052539142019,238.84564233109032,51.2628029037586,3.9482757347739046,332.18775022423534,0.07625102417825451,0.0,10.0,2026-09-23T00:43:54.579322+00:00,2026-09-23T00:47:25.060052+00:00,data/raw/pipeline-0096-run-001/logs/00000001.BIN
pipeline-0097,pipeline-0097-run-001,pipeline-0097-family,2988730073650016932,validation,completed,,d12a8f8997634cee977581cbaa5548c04facc1f5,6c58c27282539d3519962692d87bdfaba41ce01b094a18e3956a3473bb14fe20,2f5ce03671f92bfca42dabff69a505058fb52e27086fafbd86a866f5b4af27cf,09cac46d14404efc10e1deff3a316bd28de1b56427bfefa8506b442e4ea66eb7,1447.28289443347,218.68282639626568,74.39935224236842,4.932789029775316,217.68813919515483,0.9138954234777232,0.0,10.0,2026-09-23T03:16:06.129932+00:00,2026-09-23T03:20:31.992857+00:00,data/raw/pipeline-0097-run-001/logs/00000001.BIN
pipeline-0098,pipeline-0098-run-001,pipeline-0098-family,8308422693346762502,train,completed,,d12a8f8997634cee977581cbaa5548c04facc1f5,6c58c27282539d3519962692d87bdfaba41ce01b094a18e3956a3473bb14fe20,2f5ce03671f92bfca42dabff69a505058fb52e27086fafbd86a866f5b4af27cf,1f7b0d964e66884844258a8ec58d118f52de824932b7c546476ca41f8e679146,511.752324639462,144.82473559167008,58.61029074111015,5.244671283841031,239.75817734875085,0.45702463606953125,0.0,10.0,2026-09-23T00:50:21.125323+00:00,2026-09-23T00:54:38.155286+00:00,data/raw/pipeline-0098-run-001/logs/00000001.BIN
pipeline-0099,pipeline-0099-run-001,pipeline-0099-family,4213366366327360477,test,completed,,d12a8f8997634cee977581cbaa5548c04facc1f5,6c58c27282539d3519962692d87bdfaba41ce01b094a18e3956a3473bb14fe20,2f5ce03671f92bfca42dabff69a505058fb52e27086fafbd86a866f5b4af27cf,1157ea90ab457436d02c0dfd00e2e4f1dbaab97c9b931b88700b5696cc5fd523,1301.4601702801588,16.630927320207686,46.616823823665726,2.9437851062882685,127.36891713944689,0.3725057844477852,0.0,10.0,2026-09-23T03:17:12.935277+00:00,2026-09-23T03:20:36.838548+00:00,data/raw/pipeline-0099-run-001/logs/00000001.BIN
pipeline-0100,pipeline-0100-run-001,pipeline-0100-family,6665028478080748747,train,completed,,d12a8f8997634cee977581cbaa5548c04facc1f5,6c58c27282539d3519962692d87bdfaba41ce01b094a18e3956a3473bb14fe20,2f5ce03671f92bfca42dabff69a505058fb52e27086fafbd86a866f5b4af27cf,f3edcfc91fb7bad3b0da60b9f01055e61d94474f49e6dd93c7c5b2b47356dc81,645.0086142308919,260.94106909729135,52.83378084472527,4.579235953171995,135.91808898844764,0.7846727018644485,0.0,10.0,2026-09-23T00:50:21.125410+00:00,2026-09-23T00:55:00.537690+00:00,data/raw/pipeline-0100-run-001/logs/00000001.BIN
pipeline-0101,pipeline-0101-run-001,pipeline-0101-family,314158627692081031,train,completed,,d12a8f8997634cee977581cbaa5548c04facc1f5,6c58c27282539d3519962692d87bdfaba41ce01b094a18e3956a3473bb14fe20,2f5ce03671f92bfca42dabff69a505058fb52e27086fafbd86a866f5b4af27cf,9c0291ae1e050f5a113f39398349c4d8e529388da1187b7f0c68bd0f274e383f,678.7361176293614,306.1219098378768,64.63431622450588,3.275955939356079,167.33669412712865,0.5662256488015028,0.0,10.0,2026-09-23T00:55:00.543538+00:00,2026-09-23T00:59:59.524036+00:00,data/raw/pipeline-0101-run-001/logs/00000001.BIN
pipeline-0102,pipeline-0102-run-001,pipeline-0102-family,2635662113864072467,test,completed,,d12a8f8997634cee977581cbaa5548c04facc1f5,6c58c27282539d3519962692d87bdfaba41ce01b094a18e3956a3473bb14fe20,2f5ce03671f92bfca42dabff69a505058fb52e27086fafbd86a866f5b4af27cf,5138f81dba3671dca9fb9aa11af758df5dbae307c521bf72e714a6b0dd2eb2fa,334.47650689107945,91.6704449734989,53.94830914379091,4.77671623817247,315.4080272910187,0.10447808358914928,0.0,10.0,2026-09-23T03:20:32.001744+00:00,2026-09-23T03:22:28.534315+00:00,data/raw/pipeline-0102-run-001/logs/00000001.BIN
pipeline-0103,pipeline-0103-run-001,pipeline-0103-family,1171603856883675042,train,completed,,d12a8f8997634cee977581cbaa5548c04facc1f5,6c58c27282539d3519962692d87bdfaba41ce01b094a18e3956a3473bb14fe20,2f5ce03671f92bfca42dabff69a505058fb52e27086fafbd86a866f5b4af27cf,bf5e86282855cb8aa2ad2783f4852f81c21d76ac2d7181a82893776019fbffdc,1056.2673016559334,58.77051081468855,105.56668048223304,3.449087985134968,142.77890312126118,0.8630812299732189,0.0,10.0,2026-09-23T00:55:00.543607+00:00,2026-09-23T01:01:54.529846+00:00,data/raw/pipeline-0103-run-001/logs/00000001.BIN
pipeline-0104,pipeline-0104-run-001,pipeline-0104-family,8756726858935556234,train,completed,,d12a8f8997634cee977581cbaa5548c04facc1f5,6c58c27282539d3519962692d87bdfaba41ce01b094a18e3956a3473bb14fe20,2f5ce03671f92bfca42dabff69a505058fb52e27086fafbd86a866f5b4af27cf,6cb7aa1f5d177653b7240195e6a3378fa010fe649bd74d96eb6da19506b9893f,724.9452655693359,266.051335043971,82.07054679599767,4.736758594612746,66.67630159899468,0.24911351591253503,0.0,10.0,2026-09-23T01:01:54.535679+00:00,2026-09-23T01:07:47.931273+00:00,data/raw/pipeline-0104-run-001/logs/00000001.BIN
pipeline-0105,pipeline-0105-run-001,pipeline-0105-family,3477574511087490881,test,completed,,d12a8f8997634cee977581cbaa5548c04facc1f5,6c58c27282539d3519962692d87bdfaba41ce01b094a18e3956a3473bb14fe20,2f5ce03671f92bfca42dabff69a505058fb52e27086fafbd86a866f5b4af27cf,1db00351d176bfd3943b2976ae72f36fccbd762994279af0e07052b937b568fc,558.853179048168,199.55997598556763,113.04162150692592,1.6944649634852371,341.8140377161025,0.81340233697775,0.0,10.0,2026-09-23T03:20:36.844761+00:00,2026-09-23T03:23:21.031293+00:00,data/raw/pipeline-0105-run-001/logs/00000001.BIN
pipeline-0106,pipeline-0106-run-001,pipeline-0106-family,4737641344805237708,train,completed,,d12a8f8997634cee977581cbaa5548c04facc1f5,6c58c27282539d3519962692d87bdfaba41ce01b094a18e3956a3473bb14fe20,2f5ce03671f92bfca42dabff69a505058fb52e27086fafbd86a866f5b4af27cf,c0fb3c2037da362c98829b7c2fa57b95dc5e0d6787b19aa8146a45529afeffd1,935.3024997442905,39.86959181243512,96.0529764599637,3.920287100664823,128.7515104193967,0.9938583048613644,0.0,10.0,2026-09-23T01:01:54.535764+00:00,2026-09-23T01:08:14.934722+00:00,data/raw/pipeline-0106-run-001/logs/00000001.BIN
pipeline-0107,pipeline-0107-run-001,pipeline-0107-family,2379649441160747309,train,completed,,d12a8f8997634cee977581cbaa5548c04facc1f5,6c58c27282539d3519962692d87bdfaba41ce01b094a18e3956a3473bb14fe20,2f5ce03671f92bfca42dabff69a505058fb52e27086fafbd86a866f5b4af27cf,42ca8b6b7ebbed966bbc654dec37636eb45d0fdd828f3a929e9c7a70a766d35b,1013.9494812427309,310.9152993416643,93.19897376746871,1.7239465778684897,110.91931562840355,0.918306031821033,0.0,10.0,2026-09-23T01:15:54.621023+00:00,2026-09-23T01:22:27.628638+00:00,data/raw/pipeline-0107-run-001/logs/00000001.BIN
pipeline-0108,pipeline-0108-run-001,pipeline-0108-family,4798959656880688889,validation,completed,,d12a8f8997634cee977581cbaa5548c04facc1f5,6c58c27282539d3519962692d87bdfaba41ce01b094a18e3956a3473bb14fe20,2f5ce03671f92bfca42dabff69a505058fb52e27086fafbd86a866f5b4af27cf,e411bbf3d27b4a17931960d4c91a1f32453a218cca083adccf8c9d9abb9b7564,475.61559286904304,114.50048591688902,63.32891058856242,4.186382757191831,11.905206166138138,0.5471973789598906,0.0,10.0,2026-09-23T03:22:28.540210+00:00,2026-09-23T03:24:38.755077+00:00,data/raw/pipeline-0108-run-001/logs/00000001.BIN
pipeline-0109,pipeline-0109-run-001,pipeline-0109-family,4351500866198802132,train,completed,,d12a8f8997634cee977581cbaa5548c04facc1f5,6c58c27282539d3519962692d87bdfaba41ce01b094a18e3956a3473bb14fe20,2f5ce03671f92bfca42dabff69a505058fb52e27086fafbd86a866f5b4af27cf,0cdc61a6c3a973f0da6c6a2f8a0353254ff29377e4fc392628bc0df6b94a027c,1109.6883626974227,250.59730899177083,82.21580267174241,4.773933576903129,248.75339041921038,0.43928093797661194,0.0,10.0,2026-09-23T01:15:54.621468+00:00,2026-09-23T01:23:39.663384+00:00,data/raw/pipeline-0109-run-001/logs/00000001.BIN
pipeline-0110,pipeline-0110-run-001,pipeline-0110-family,4754237340099449227,train,completed,,d12a8f8997634cee977581cbaa5548c04facc1f5,6c58c27282539d3519962692d87bdfaba41ce01b094a18e3956a3473bb14fe20,2f5ce03671f92bfca42dabff69a505058fb52e27086fafbd86a866f5b4af27cf,830cd83ade08e2e6661e66b8c5a68f22668194ce5955bca60e3f065006ae8870,602.7568937722884,14.49694793683784,91.12223848709354,1.655220033783133,115.19683500518056,0.8825522517663176,0.0,10.0,2026-09-23T01:23:39.669289+00:00,2026-09-23T01:28:48.916697+00:00,data/raw/pipeline-0110-run-001/logs/00000001.BIN
pipeline-0111,pipeline-0111-run-001,pipeline-0111-family,5429315683012410770,train,completed,,d12a8f8997634cee977581cbaa5548c04facc1f5,6c58c27282539d3519962692d87bdfaba41ce01b094a18e3956a3473bb14fe20,2f5ce03671f92bfca42dabff69a505058fb52e27086fafbd86a866f5b4af27cf,8e4938b8ae0818a0855740e3b65119981e4db7b634afe5ff27528d3667e51758,739.9910125075158,254.59944236163386,112.55460110267211,2.031357986424654,150.5818042648481,0.7463918099713626,0.0,10.0,2026-09-23T01:23:39.669360+00:00,2026-09-23T01:29:37.336874+00:00,data/raw/pipeline-0111-run-001/logs/00000001.BIN
pipeline-0112,pipeline-0112-run-001,pipeline-0112-family,7867521130487197768,train,completed,,d12a8f8997634cee977581cbaa5548c04facc1f5,6c58c27282539d3519962692d87bdfaba41ce01b094a18e3956a3473bb14fe20,2f5ce03671f92bfca42dabff69a505058fb52e27086fafbd86a866f5b4af27cf,bf00f31040ffe4457bef47a0de3338ec4e34d57acaf0b903d84f318b116da176,1126.5263963017624,222.36159138971908,31.615346412909474,0.24379942164043056,224.61545017615734,0.8336896921070844,0.0,10.0,2026-09-23T01:29:37.342824+00:00,2026-09-23T01:35:29.767776+00:00,data/raw/pipeline-0112-run-001/logs/00000001.BIN
pipeline-0113,pipeline-0113-run-001,pipeline-0113-family,7236948303448645461,validation,completed,,d12a8f8997634cee977581cbaa5548c04facc1f5,6c58c27282539d3519962692d87bdfaba41ce01b094a18e3956a3473bb14fe20,2f5ce03671f92bfca42dabff69a505058fb52e27086fafbd86a866f5b4af27cf,3dd3231773f919ac0cb7bcbd1b3020731dcccc37f53e348b4e8f52e94be51b90,1484.9629559933107,135.96451069151323,102.41832172427141,0.18947517923306595,72.99845660757448,0.9598137678496291,0.0,10.0,2026-09-23T03:23:21.037675+00:00,2026-09-23T03:27:34.746801+00:00,data/raw/pipeline-0113-run-001/logs/00000001.BIN
pipeline-0114,pipeline-0114-run-001,pipeline-0114-family,4195292692731393812,test,completed,,d12a8f8997634cee977581cbaa5548c04facc1f5,6c58c27282539d3519962692d87bdfaba41ce01b094a18e3956a3473bb14fe20,2f5ce03671f92bfca42dabff69a505058fb52e27086fafbd86a866f5b4af27cf,3541007075f4b300fc77735dd8526a8ea928e8e80c172268ca8a08c55a1e2170,282.3951675399447,141.1018477787846,47.05860947583184,1.0487451518838866,350.561174347361,0.8419001144192576,0.0,10.0,2026-09-23T03:24:38.761140+00:00,2026-09-23T03:26:23.334157+00:00,data/raw/pipeline-0114-run-001/logs/00000001.BIN
pipeline-0115,pipeline-0115-run-001,pipeline-0115-family,5023592892318431697,train,completed,,d12a8f8997634cee977581cbaa5548c04facc1f5,6c58c27282539d3519962692d87bdfaba41ce01b094a18e3956a3473bb14fe20,2f5ce03671f92bfca42dabff69a505058fb52e27086fafbd86a866f5b4af27cf,9b5e7483dde81df96b9e0cbc0842297f066992e4fd803fb010b3bf0268f0a9f6,1426.6544291560556,158.67649281934084,78.18388401981832,5.145313863522437,209.35196350381437,0.4666386040214989,0.0,10.0,2026-09-23T01:29:37.342918+00:00,2026-09-23T01:37:59.839595+00:00,data/raw/pipeline-0115-run-001/logs/00000001.BIN
pipeline-0116,pipeline-0116-run-001,pipeline-0116-family,3222339446616711806,train,completed,,d12a8f8997634cee977581cbaa5548c04facc1f5,6c58c27282539d3519962692d87bdfaba41ce01b094a18e3956a3473bb14fe20,2f5ce03671f92bfca42dabff69a505058fb52e27086fafbd86a866f5b4af27cf,db8593f39ee1038660b53aac33b1946e10ce4e92832dcd0313a6408be67a77a3,1134.2759823858191,96.96615784701142,83.63332859983743,4.058491391080519,329.1725293719027,0.9708440469801276,0.0,10.0,2026-09-23T01:37:59.845463+00:00,2026-09-23T01:44:47.243429+00:00,data/raw/pipeline-0116-run-001/logs/00000001.BIN
pipeline-0117,pipeline-0117-run-001,pipeline-0117-family,2681682300647201843,validation,completed,,d12a8f8997634cee977581cbaa5548c04facc1f5,6c58c27282539d3519962692d87bdfaba41ce01b094a18e3956a3473bb14fe20,2f5ce03671f92bfca42dabff69a505058fb52e27086fafbd86a866f5b4af27cf,32d8cd86f98b509b7ae6d92f4cb4ad7dd311c80c962ad74db77957e488a56c9d,1231.5241240050962,119.65715818198132,62.646325129066796,5.560421498230188,81.69619118573195,0.3688130490736337,0.0,10.0,2026-09-23T03:26:23.348950+00:00,2026-09-23T03:30:24.794174+00:00,data/raw/pipeline-0117-run-001/logs/00000001.BIN
pipeline-0118,pipeline-0118-run-001,pipeline-0118-family,958191625438288489,train,completed,,d12a8f8997634cee977581cbaa5548c04facc1f5,6c58c27282539d3519962692d87bdfaba41ce01b094a18e3956a3473bb14fe20,2f5ce03671f92bfca42dabff69a505058fb52e27086fafbd86a866f5b4af27cf,e9c644ec61a0666c35fb915dd8d66e94f8a7f4a8f81dde5588cc9bf3776dc2db,920.4785936009238,21.204272995424233,78.29477690485697,3.2459589006239944,169.93955845330842,0.3434726848932983,0.0,10.0,2026-09-23T01:37:59.845592+00:00,2026-09-23T01:44:08.905620+00:00,data/raw/pipeline-0118-run-001/logs/00000001.BIN
pipeline-0119,pipeline-0119-run-001,pipeline-0119-family,353981084669165861,train,completed,,d12a8f8997634cee977581cbaa5548c04facc1f5,6c58c27282539d3519962692d87bdfaba41ce01b094a18e3956a3473bb14fe20,2f5ce03671f92bfca42dabff69a505058fb52e27086fafbd86a866f5b4af27cf,fc99fface842147211ca5650f8d7be0dfe245f314642d6a7c09a5d7b499e494f,879.2605770917205,27.93146850147548,101.87169625450674,0.28998449991820713,304.92510380151714,0.1565735733201403,0.0,10.0,2026-09-23T03:27:34.754720+00:00,2026-09-23T03:30:45.284256+00:00,data/raw/pipeline-0119-run-001/logs/00000001.BIN
pipeline-0120,pipeline-0120-run-001,pipeline-0120-family,7623692579941503572,train,completed,,d12a8f8997634cee977581cbaa5548c04facc1f5,6c58c27282539d3519962692d87bdfaba41ce01b094a18e3956a3473bb14fe20,2f5ce03671f92bfca42dabff69a505058fb52e27086fafbd86a866f5b4af27cf,3159711ced6fe76255194199e46856f322481fc2116d62db4a2465bb67d29699,1286.6252070801684,157.1818091996223,53.31918117858997,2.8385705371091863,137.9297803768924,0.5066461881582688,0.0,10.0,2026-09-23T03:30:24.802517+00:00,2026-09-23T03:34:02.301497+00:00,data/raw/pipeline-0120-run-001/logs/00000001.BIN
pipeline-0121,pipeline-0121-run-001,pipeline-0121-family,5077086812487799751,validation,completed,,d12a8f8997634cee977581cbaa5548c04facc1f5,6c58c27282539d3519962692d87bdfaba41ce01b094a18e3956a3473bb14fe20,2f5ce03671f92bfca42dabff69a505058fb52e27086fafbd86a866f5b4af27cf,4a3ec668c22bba91f1540e57b2d2997f7e7695ba9de0d3f5046f996f30072614,1280.6754597284892,9.801757263909112,94.5934732646226,0.8839769173401708,57.825495400347094,0.36435782638569436,0.0,10.0,2026-09-23T03:30:45.292586+00:00,2026-09-23T03:34:31.953388+00:00,data/raw/pipeline-0121-run-001/logs/00000001.BIN
pipeline-0122,pipeline-0122-run-001,pipeline-0122-family,1606154214003650491,train,completed,,d12a8f8997634cee977581cbaa5548c04facc1f5,6c58c27282539d3519962692d87bdfaba41ce01b094a18e3956a3473bb14fe20,2f5ce03671f92bfca42dabff69a505058fb52e27086fafbd86a866f5b4af27cf,10fa9b4179c6add907c81c55fdfeb1f18985d87291ad3e671edbf58b5e8fdbb0,661.5042582948943,203.88299281627988,87.33416821585908,4.9440260450519435,10.40957292098742,0.4885393799479199,0.0,10.0,2026-09-23T03:34:02.308669+00:00,2026-09-23T03:36:56.000347+00:00,data/raw/pipeline-0122-run-001/logs/00000001.BIN
pipeline-0123,pipeline-0123-run-001,pipeline-0123-family,1968607382832243753,test,completed,,d12a8f8997634cee977581cbaa5548c04facc1f5,6c58c27282539d3519962692d87bdfaba41ce01b094a18e3956a3473bb14fe20,2f5ce03671f92bfca42dabff69a505058fb52e27086fafbd86a866f5b4af27cf,e861a6c0bb14eaf10e393eb804c4c754ca521a5ea49b887dcb7f561fc3ea190a,1010.7051612290925,180.5965590149379,41.35036747037185,0.9476526477656122,8.273759009460951,0.05009715948812359,0.0,10.0,2026-09-23T03:34:31.963751+00:00,2026-09-23T03:37:27.424992+00:00,data/raw/pipeline-0123-run-001/logs/00000001.BIN
pipeline-0124,pipeline-0124-run-001,pipeline-0124-family,4129154059974415295,train,completed,,d12a8f8997634cee977581cbaa5548c04facc1f5,6c58c27282539d3519962692d87bdfaba41ce01b094a18e3956a3473bb14fe20,2f5ce03671f92bfca42dabff69a505058fb52e27086fafbd86a866f5b4af27cf,86dd041534c66937fe68824e9d14b9c683e8795e1aa24078cbe3d09d1eb8a76d,518.0210425460065,255.33448822125467,56.47509671316507,2.2968850740457496,266.3979359217106,0.7827766236965092,0.0,10.0,2026-09-23T03:36:56.006802+00:00,2026-09-23T03:39:08.703710+00:00,data/raw/pipeline-0124-run-001/logs/00000001.BIN
pipeline-0125,pipeline-0125-run-001,pipeline-0125-family,103779089093082932,validation,completed,,d12a8f8997634cee977581cbaa5548c04facc1f5,6c58c27282539d3519962692d87bdfaba41ce01b094a18e3956a3473bb14fe20,2f5ce03671f92bfca42dabff69a505058fb52e27086fafbd86a866f5b4af27cf,bade12e302f9e2d3e19f267d4f64cc45e4fa6d409600c7426ba0f768e4b699a6,596.8729737865755,336.02772293238445,92.57111035192762,1.970059944005873,177.96018113330055,0.3028402552451026,0.0,10.0,2026-09-23T03:37:27.431371+00:00,2026-09-23T03:40:07.577439+00:00,data/raw/pipeline-0125-run-001/logs/00000001.BIN
pipeline-0126,pipeline-0126-run-001,pipeline-0126-family,3744249297877798177,train,completed,,d12a8f8997634cee977581cbaa5548c04facc1f5,6c58c27282539d3519962692d87bdfaba41ce01b094a18e3956a3473bb14fe20,2f5ce03671f92bfca42dabff69a505058fb52e27086fafbd86a866f5b4af27cf,add2736ca742198f102f5c7e395ec89ee78ff5ca01cdb371553000330c36a3a5,1058.024495500712,196.3154106907092,107.20912148528896,2.998002210074685,168.95421955240334,0.37920694137861616,0.0,10.0,2026-09-23T03:39:08.709554+00:00,2026-09-23T03:42:50.151999+00:00,data/raw/pipeline-0126-run-001/logs/00000001.BIN
pipeline-0127,pipeline-0127-run-001,pipeline-0127-family,550961426573046435,train,completed,,d12a8f8997634cee977581cbaa5548c04facc1f5,6c58c27282539d3519962692d87bdfaba41ce01b094a18e3956a3473bb14fe20,2f5ce03671f92bfca42dabff69a505058fb52e27086fafbd86a866f5b4af27cf,a9b40fe268ee99dd1c987a72d20aa1169abc8b875aa1e18fe8d7f089be234a51,613.6037471456309,275.07409281104646,67.87763299070639,1.7581173578452194,211.1316852170158,0.0396730193283769,0.0,10.0,2026-09-23T03:40:07.587340+00:00,2026-09-23T03:42:35.287344+00:00,data/raw/pipeline-0127-run-001/logs/00000001.BIN
pipeline-0128,pipeline-0128-run-001,pipeline-0128-family,7064212924092617853,test,completed,,d12a8f8997634cee977581cbaa5548c04facc1f5,6c58c27282539d3519962692d87bdfaba41ce01b094a18e3956a3473bb14fe20,2f5ce03671f92bfca42dabff69a505058fb52e27086fafbd86a866f5b4af27cf,9ad1cd02157fa9be691ba818be04a54b8a113f884ffa28b01b6984f12650a3ec,1042.3281770306503,210.89380252808957,49.913881065415225,3.812867585875981,303.27088124135736,0.6087606182049556,0.0,10.0,2026-09-23T03:42:35.293330+00:00,2026-09-23T03:45:35.413739+00:00,data/raw/pipeline-0128-run-001/logs/00000001.BIN
pipeline-0129,pipeline-0129-run-001,pipeline-0129-family,5466547014820836704,validation,completed,,d12a8f8997634cee977581cbaa5548c04facc1f5,6c58c27282539d3519962692d87bdfaba41ce01b094a18e3956a3473bb14fe20,2f5ce03671f92bfca42dabff69a505058fb52e27086fafbd86a866f5b4af27cf,b46204c01c41102f0a258d32b9264e2b55096ad35cbe4461c23db605ffaadaf8,432.5984607893257,25.690768602701173,45.601980151695955,5.851205633944664,294.6057614091099,0.5638324031345802,0.0,10.0,2026-09-23T03:42:50.163091+00:00,2026-09-23T03:44:47.157778+00:00,data/raw/pipeline-0129-run-001/logs/00000001.BIN
pipeline-0130,pipeline-0130-run-001,pipeline-0130-family,4858475773960242485,train,completed,,d12a8f8997634cee977581cbaa5548c04facc1f5,6c58c27282539d3519962692d87bdfaba41ce01b094a18e3956a3473bb14fe20,2f5ce03671f92bfca42dabff69a505058fb52e27086fafbd86a866f5b4af27cf,745c0b1dbb28bc6a3d8be0e25789d374362019507bb68be9a5a7c2e9c5ab980c,1209.1521826136077,11.374034725812473,57.22158823124015,3.467675959658445,24.162129095650496,0.6946264057204511,0.0,10.0,2026-09-23T03:44:47.163778+00:00,2026-09-23T03:48:21.728981+00:00,data/raw/pipeline-0130-run-001/logs/00000001.BIN
pipeline-0131,pipeline-0131-run-001,pipeline-0131-family,1539884693641688105,train,completed,,d12a8f8997634cee977581cbaa5548c04facc1f5,6c58c27282539d3519962692d87bdfaba41ce01b094a18e3956a3473bb14fe20,2f5ce03671f92bfca42dabff69a505058fb52e27086fafbd86a866f5b4af27cf,5af445585d52414cda45e22211cc8f724b20ab43fad2c3ea607c536805239298,395.1581200368628,56.38373653409506,58.09042202881305,4.383415802201934,94.19727971226557,0.6431483706800638,0.0,10.0,2026-09-23T03:45:35.420803+00:00,2026-09-23T03:47:40.104693+00:00,data/raw/pipeline-0131-run-001/logs/00000001.BIN
pipeline-0132,pipeline-0132-run-001,pipeline-0132-family,4103015107452560563,train,completed,,d12a8f8997634cee977581cbaa5548c04facc1f5,6c58c27282539d3519962692d87bdfaba41ce01b094a18e3956a3473bb14fe20,2f5ce03671f92bfca42dabff69a505058fb52e27086fafbd86a866f5b4af27cf,844e3ca82c8d30ef2cbbe589fa403b7b3d9da37ed043f95f85b0ce085fd38f94,353.834265558465,262.7503613907919,97.2701775080382,2.3268482479652324,199.406681720283,0.7364720320474655,0.0,10.0,2026-09-23T03:47:40.113089+00:00,2026-09-23T03:49:55.661123+00:00,data/raw/pipeline-0132-run-001/logs/00000001.BIN
pipeline-0133,pipeline-0133-run-001,pipeline-0133-family,829060792384675304,train,completed,,d12a8f8997634cee977581cbaa5548c04facc1f5,6c58c27282539d3519962692d87bdfaba41ce01b094a18e3956a3473bb14fe20,2f5ce03671f92bfca42dabff69a505058fb52e27086fafbd86a866f5b4af27cf,7898862563ab8ca140bea825a55c34759306b4c7217e795e75059fcfbfb7a44d,903.7815741538715,164.604058989018,67.41802887081272,2.1130893771848753,259.2517239097091,0.9020349394707967,0.0,10.0,2026-09-23T03:48:21.735640+00:00,2026-09-23T03:51:16.974379+00:00,data/raw/pipeline-0133-run-001/logs/00000001.BIN
pipeline-0134,pipeline-0134-run-001,pipeline-0134-family,1602462760273065468,test,completed,,d12a8f8997634cee977581cbaa5548c04facc1f5,6c58c27282539d3519962692d87bdfaba41ce01b094a18e3956a3473bb14fe20,2f5ce03671f92bfca42dabff69a505058fb52e27086fafbd86a866f5b4af27cf,5c35ab2d2474b35ad7f2aa2fdbb9c7246575dbfab61a21b21a433a820ad52a32,1077.2938534657883,342.0618299941422,66.57769681799779,3.576628737150256,256.25211436953896,0.03575303290575853,0.0,10.0,2026-09-23T03:49:55.668322+00:00,2026-09-23T03:53:08.654103+00:00,data/raw/pipeline-0134-run-001/logs/00000001.BIN
pipeline-0135,pipeline-0135-run-001,pipeline-0135-family,264573702488010999,train,completed,,d12a8f8997634cee977581cbaa5548c04facc1f5,6c58c27282539d3519962692d87bdfaba41ce01b094a18e3956a3473bb14fe20,2f5ce03671f92bfca42dabff69a505058fb52e27086fafbd86a866f5b4af27cf,3674fb8f51c5e57b69789b6ecc37ee22c5893de5c0f1f2fe5dd51c375ba4167b,1032.613665498869,292.06812258464674,52.073073906317234,2.4834410392545903,4.434171755481853,0.32717070482418187,0.0,10.0,2026-09-23T03:51:16.981306+00:00,2026-09-23T03:54:17.594263+00:00,data/raw/pipeline-0135-run-001/logs/00000001.BIN
pipeline-0136,pipeline-0136-run-001,pipeline-0136-family,5806059266913603943,train,completed,,d12a8f8997634cee977581cbaa5548c04facc1f5,6c58c27282539d3519962692d87bdfaba41ce01b094a18e3956a3473bb14fe20,2f5ce03671f92bfca42dabff69a505058fb52e27086fafbd86a866f5b4af27cf,111ea45da156741f04dc687404267c6217f831a753798f7b03269f66622e9e2a,754.6989612116794,359.26438652358956,117.8062727838682,1.4545124274009977,321.4734693691983,0.19969171246777961,0.0,10.0,2026-09-23T03:53:08.660696+00:00,2026-09-23T03:56:16.327757+00:00,data/raw/pipeline-0136-run-001/logs/00000001.BIN
pipeline-0137,pipeline-0137-run-001,pipeline-0137-family,2917413493295692931,train,completed,,d12a8f8997634cee977581cbaa5548c04facc1f5,6c58c27282539d3519962692d87bdfaba41ce01b094a18e3956a3473bb14fe20,2f5ce03671f92bfca42dabff69a505058fb52e27086fafbd86a866f5b4af27cf,1d962eead8ad11de122d5996c58dacfba791bc190fd030ceb4e8a482e981a8c4,1151.5476615415453,50.708488567233765,48.404160362811346,2.442092604087266,112.45946222736475,0.08298609113734542,0.0,10.0,2026-09-23T03:54:17.600259+00:00,2026-09-23T03:57:31.994550+00:00,data/raw/pipeline-0137-run-001/logs/00000001.BIN
pipeline-0138,pipeline-0138-run-001,pipeline-0138-family,251430523035796414,train,completed,,d12a8f8997634cee977581cbaa5548c04facc1f5,6c58c27282539d3519962692d87bdfaba41ce01b094a18e3956a3473bb14fe20,2f5ce03671f92bfca42dabff69a505058fb52e27086fafbd86a866f5b4af27cf,8e1aa3c6277d315f71a65f24cf03e7286529389e48e95184a29879fabd79a214,300.285465931862,320.406118104835,99.56934686959484,0.6550691954398055,55.289953788969065,0.6339791621744739,0.0,10.0,2026-09-23T03:56:16.335038+00:00,2026-09-23T03:58:27.993634+00:00,data/raw/pipeline-0138-run-001/logs/00000001.BIN
pipeline-0139,pipeline-0139-run-001,pipeline-0139-family,1939380094898420583,train,completed,,d12a8f8997634cee977581cbaa5548c04facc1f5,6c58c27282539d3519962692d87bdfaba41ce01b094a18e3956a3473bb14fe20,2f5ce03671f92bfca42dabff69a505058fb52e27086fafbd86a866f5b4af27cf,cb2491d8dff2d618fef36b94aa4a80fe5a51327fb481d04fdd8b1bb26ae10430,1375.6640816292188,209.96358227606058,105.0559038575964,1.3772305460375773,273.9938800155755,0.35130041769713194,0.0,10.0,2026-09-23T03:57:32.000610+00:00,2026-09-23T04:01:33.562614+00:00,data/raw/pipeline-0139-run-001/logs/00000001.BIN
pipeline-0140,pipeline-0140-run-001,pipeline-0140-family,1088350850014137210,validation,completed,,d12a8f8997634cee977581cbaa5548c04facc1f5,6c58c27282539d3519962692d87bdfaba41ce01b094a18e3956a3473bb14fe20,2f5ce03671f92bfca42dabff69a505058fb52e27086fafbd86a866f5b4af27cf,fd3efb192e7e3af8217442e21a52edac166cd49f20b4d5345ce7fc9ea2d855b9,1116.9716561152154,181.67803284547995,71.02320025767392,2.5352388535662707,130.64898469524096,0.8928578203132514,0.0,10.0,2026-09-23T03:58:28.001591+00:00,2026-09-23T04:01:46.391612+00:00,data/raw/pipeline-0140-run-001/logs/00000001.BIN
pipeline-0141,pipeline-0141-run-001,pipeline-0141-family,7049044868579396233,train,completed,,d12a8f8997634cee977581cbaa5548c04facc1f5,6c58c27282539d3519962692d87bdfaba41ce01b094a18e3956a3473bb14fe20,2f5ce03671f92bfca42dabff69a505058fb52e27086fafbd86a866f5b4af27cf,c70f4483892ab78ae44fd674276cafe54ab586638c7cbcd592709701ce6267be,1019.1800409983291,170.62411489048614,111.17861606470909,2.1741422869323683,15.676868898630424,0.4764849223457176,0.0,10.0,2026-09-23T04:01:33.568832+00:00,2026-09-23T04:05:06.450732+00:00,data/raw/pipeline-0141-run-001/logs/00000001.BIN
pipeline-0142,pipeline-0142-run-001,pipeline-0142-family,8184965811226271285,validation,completed,,d12a8f8997634cee977581cbaa5548c04facc1f5,6c58c27282539d3519962692d87bdfaba41ce01b094a18e3956a3473bb14fe20,2f5ce03671f92bfca42dabff69a505058fb52e27086fafbd86a866f5b4af27cf,6b1d90433139af08226011fdf0e05723f0ccb565621f350cb5ffc7cef2a5d6a7,1306.4423863329162,202.92120287896296,56.064991147978134,3.716425279639278,32.55468161879489,0.08577008243566213,0.0,10.0,2026-09-23T04:01:46.398379+00:00,2026-09-23T04:05:39.983896+00:00,data/raw/pipeline-0142-run-001/logs/00000001.BIN
pipeline-0143,pipeline-0143-run-001,pipeline-0143-family,3480209282325652001,train,completed,,d12a8f8997634cee977581cbaa5548c04facc1f5,6c58c27282539d3519962692d87bdfaba41ce01b094a18e3956a3473bb14fe20,2f5ce03671f92bfca42dabff69a505058fb52e27086fafbd86a866f5b4af27cf,d38d47d6c162cb11bbc8c75ef74a7d6b0c2a8f1fb0dde67799b58f8909f3f7b5,627.4736796195459,285.42193483714743,32.516231185893034,3.7862058290000347,164.13681545499438,0.7027334127789564,0.0,10.0,2026-09-23T04:05:06.456886+00:00,2026-09-23T04:07:16.164766+00:00,data/raw/pipeline-0143-run-001/logs/00000001.BIN
pipeline-0144,pipeline-0144-run-001,pipeline-0144-family,5520932129945969672,train,completed,,d12a8f8997634cee977581cbaa5548c04facc1f5,6c58c27282539d3519962692d87bdfaba41ce01b094a18e3956a3473bb14fe20,2f5ce03671f92bfca42dabff69a505058fb52e27086fafbd86a866f5b4af27cf,f9e6113213a92fe01174bc15296d33fd11810e0886f4a67d32641911e6d5e76b,1052.2732005876862,116.49606932016903,94.87353487919943,0.38344272944908486,28.58154095242997,0.1660495643359324,0.0,10.0,2026-09-23T04:05:39.990521+00:00,2026-09-23T04:09:03.930869+00:00,data/raw/pipeline-0144-run-001/logs/00000001.BIN
pipeline-0145,pipeline-0145-run-001,pipeline-0145-family,3245836704747265166,train,completed,,d12a8f8997634cee977581cbaa5548c04facc1f5,6c58c27282539d3519962692d87bdfaba41ce01b094a18e3956a3473bb14fe20,2f5ce03671f92bfca42dabff69a505058fb52e27086fafbd86a866f5b4af27cf,00819d7d6f9b5ab84db342e8dd22d4e56aeabda602812122bc286f34515e0163,834.538695737802,76.40027293838227,101.33439638557572,5.466239928622901,349.6249828420711,0.5301991260477963,0.0,10.0,2026-09-23T04:07:16.172989+00:00,2026-09-23T04:10:22.027696+00:00,data/raw/pipeline-0145-run-001/logs/00000001.BIN
pipeline-0146,pipeline-0146-run-001,pipeline-0146-family,3745735011565277306,train,completed,,d12a8f8997634cee977581cbaa5548c04facc1f5,6c58c27282539d3519962692d87bdfaba41ce01b094a18e3956a3473bb14fe20,2f5ce03671f92bfca42dabff69a505058fb52e27086fafbd86a866f5b4af27cf,361d4418dcf8b1b7efb6c01c3fbb449bc1457a231b640de800068350e11ae802,1169.37768225062,75.0283044593532,36.395639922729295,1.8767951309038473,220.57771036314364,0.8189503310230355,0.0,10.0,2026-09-23T04:09:03.937276+00:00,2026-09-23T04:12:09.833827+00:00,data/raw/pipeline-0146-run-001/logs/00000001.BIN
pipeline-0147,pipeline-0147-run-001,pipeline-0147-family,5278920303279697690,train,completed,,d12a8f8997634cee977581cbaa5548c04facc1f5,6c58c27282539d3519962692d87bdfaba41ce01b094a18e3956a3473bb14fe20,2f5ce03671f92bfca42dabff69a505058fb52e27086fafbd86a866f5b4af27cf,3b7493ed60c0cee051e8b1fca45e829d370872aafb4b4356130811fedf9f217e,1220.1206969793027,112.93388171745065,72.79952709442182,3.7214462097983563,92.21499088113006,0.47194917494690686,0.0,10.0,2026-09-23T04:10:22.033860+00:00,2026-09-23T04:14:10.400726+00:00,data/raw/pipeline-0147-run-001/logs/00000001.BIN
pipeline-0148,pipeline-0148-run-001,pipeline-0148-family,739808490239270910,train,completed,,d12a8f8997634cee977581cbaa5548c04facc1f5,6c58c27282539d3519962692d87bdfaba41ce01b094a18e3956a3473bb14fe20,2f5ce03671f92bfca42dabff69a505058fb52e27086fafbd86a866f5b4af27cf,edf68f4c57cd6e893f4ce966d2de2a28435a38c57ddf3c2a28fef2e2bee4a84e,593.7434160796465,297.5518721454456,82.97719105033636,3.843872285832,200.64009681670836,0.6711442004548527,0.0,10.0,2026-09-23T04:12:09.839785+00:00,2026-09-23T04:14:41.994561+00:00,data/raw/pipeline-0148-run-001/logs/00000001.BIN
pipeline-0149,pipeline-0149-run-001,pipeline-0149-family,8900325040006839808,validation,completed,,d12a8f8997634cee977581cbaa5548c04facc1f5,6c58c27282539d3519962692d87bdfaba41ce01b094a18e3956a3473bb14fe20,2f5ce03671f92bfca42dabff69a505058fb52e27086fafbd86a866f5b4af27cf,e5723b68d0c0f0c9f2947c245364320b79911d7622e00edfd33a6e3db33ffd71,340.6928012295263,312.09921449094344,35.18063184302106,4.4051080957223645,182.69321637315724,0.20457015319638033,0.0,10.0,2026-09-23T04:14:10.407474+00:00,2026-09-23T04:15:55.395544+00:00,data/raw/pipeline-0149-run-001/logs/00000001.BIN
pipeline-0150,pipeline-0150-run-001,pipeline-0150-family,3421035031035151573,train,completed,,d12a8f8997634cee977581cbaa5548c04facc1f5,6c58c27282539d3519962692d87bdfaba41ce01b094a18e3956a3473bb14fe20,2f5ce03671f92bfca42dabff69a505058fb52e27086fafbd86a866f5b4af27cf,d370863fa5fd955b7c865b6e5602507c5ce79e4c279d8ab960cc5dbd6e90de37,1434.5840557604333,162.18705758143432,44.04013994766851,0.23906329374104418,108.82113441606603,0.7090736731321486,0.0,10.0,2026-09-23T04:14:42.002585+00:00,2026-09-23T04:18:18.098479+00:00,data/raw/pipeline-0150-run-001/logs/00000001.BIN
pipeline-0151,pipeline-0151-run-001,pipeline-0151-family,8149248311782640596,train,completed,,d12a8f8997634cee977581cbaa5548c04facc1f5,6c58c27282539d3519962692d87bdfaba41ce01b094a18e3956a3473bb14fe20,2f5ce03671f92bfca42dabff69a505058fb52e27086fafbd86a866f5b4af27cf,2431f5ceb8863320d6eaf12c9462457d1ec9c8538a24bc5b782b5f1b2b54d100,238.11950186864078,143.40579400304193,111.90945635985328,3.900477210642643,174.74058815540752,0.02170809785835949,0.0,10.0,2026-09-23T04:15:55.403913+00:00,2026-09-23T04:18:11.061472+00:00,data/raw/pipeline-0151-run-001/logs/00000001.BIN
pipeline-0152,pipeline-0152-run-001,pipeline-0152-family,387727769708132849,validation,completed,,d12a8f8997634cee977581cbaa5548c04facc1f5,6c58c27282539d3519962692d87bdfaba41ce01b094a18e3956a3473bb14fe20,2f5ce03671f92bfca42dabff69a505058fb52e27086fafbd86a866f5b4af27cf,62a9cb521f31217a4f86dbfb840aba1b7868c48109ffd56811929bb5d4f6af8f,291.7331155830845,2.478950293437692,38.36798636781344,5.125483732288633,239.03457687305706,0.5776717524389726,0.0,10.0,2026-09-23T04:18:11.068015+00:00,2026-09-23T04:19:51.720709+00:00,data/raw/pipeline-0152-run-001/logs/00000001.BIN
pipeline-0153,pipeline-0153-run-001,pipeline-0153-family,4319936203390453447,test,completed,,d12a8f8997634cee977581cbaa5548c04facc1f5,6c58c27282539d3519962692d87bdfaba41ce01b094a18e3956a3473bb14fe20,2f5ce03671f92bfca42dabff69a505058fb52e27086fafbd86a866f5b4af27cf,87db6ba75997c9b9f392497123ec27b4876686eeb2b52752903c2eef87037ac5,962.2197559048773,258.39940817605395,112.41105925336828,3.6245977089846577,359.8182543557573,0.28252842071003725,0.0,10.0,2026-09-23T04:18:18.106799+00:00,2026-09-23T04:21:42.251671+00:00,data/raw/pipeline-0153-run-001/logs/00000001.BIN
pipeline-0154,pipeline-0154-run-001,pipeline-0154-family,8686255613892386789,validation,completed,,d12a8f8997634cee977581cbaa5548c04facc1f5,6c58c27282539d3519962692d87bdfaba41ce01b094a18e3956a3473bb14fe20,2f5ce03671f92bfca42dabff69a505058fb52e27086fafbd86a866f5b4af27cf,996a7c25046ce9d2373677f27b5df27fc26cc8311d181b7deb61c441ac39d6a9,241.9661838044259,119.39142403616891,117.36410951042232,4.4982148544410325,308.80505427471894,0.2582090062141612,0.0,10.0,2026-09-23T04:19:51.728754+00:00,2026-09-23T04:22:10.170037+00:00,data/raw/pipeline-0154-run-001/logs/00000001.BIN
pipeline-0155,pipeline-0155-run-001,pipeline-0155-family,4120548631131779649,train,completed,,d12a8f8997634cee977581cbaa5548c04facc1f5,6c58c27282539d3519962692d87bdfaba41ce01b094a18e3956a3473bb14fe20,2f5ce03671f92bfca42dabff69a505058fb52e27086fafbd86a866f5b4af27cf,2d1a939905e726916677739675aaa8daef51aca0b40018ee85329fb01bd817d9,455.7791412184967,301.8824466048342,34.503482664654,2.1115498853075945,1.8566225261534601,0.6778698378435346,0.0,10.0,2026-09-23T04:21:42.257685+00:00,2026-09-23T04:23:35.709124+00:00,data/raw/pipeline-0155-run-001/logs/00000001.BIN
pipeline-0156,pipeline-0156-run-001,pipeline-0156-family,68995500195420522,validation,completed,,d12a8f8997634cee977581cbaa5548c04facc1f5,6c58c27282539d3519962692d87bdfaba41ce01b094a18e3956a3473bb14fe20,2f5ce03671f92bfca42dabff69a505058fb52e27086fafbd86a866f5b4af27cf,c45b0ff5bad818e6946ae5b9ce28477090cf381c88135f3ac911469c7112431c,1184.2686855243614,7.6723109859395295,116.49954948913178,3.9986933522869306,62.40133396495142,0.908524110999255,0.0,10.0,2026-09-23T04:22:10.180163+00:00,2026-09-23T04:26:02.051766+00:00,data/raw/pipeline-0156-run-001/logs/00000001.BIN
pipeline-0157,pipeline-0157-run-001,pipeline-0157-family,3593473566088172007,test,completed,,d12a8f8997634cee977581cbaa5548c04facc1f5,6c58c27282539d3519962692d87bdfaba41ce01b094a18e3956a3473bb14fe20,2f5ce03671f92bfca42dabff69a505058fb52e27086fafbd86a866f5b4af27cf,126a3c0bdf2ee3e35236ac67bb6654e92746c60fb9a0ef27c2862e6bce8d8119,1030.3640176282556,284.8817004327556,117.90706929929044,1.8298875798199805,267.1046477582737,0.7999953137734745,0.0,10.0,2026-09-23T04:23:35.716272+00:00,2026-09-23T04:27:10.582480+00:00,data/raw/pipeline-0157-run-001/logs/00000001.BIN
pipeline-0158,pipeline-0158-run-001,pipeline-0158-family,7627936625644381869,train,completed,,d12a8f8997634cee977581cbaa5548c04facc1f5,6c58c27282539d3519962692d87bdfaba41ce01b094a18e3956a3473bb14fe20,2f5ce03671f92bfca42dabff69a505058fb52e27086fafbd86a866f5b4af27cf,f1ed1c1bca81f99055c1656eed02b29d270e7bcc7f592dcfa57c5e1a4317f69e,534.1857406238382,327.2484388178451,74.8557905950203,0.4654157203707873,285.5115698831167,0.43497326629595834,0.0,10.0,2026-09-23T04:26:02.058932+00:00,2026-09-23T04:28:25.817045+00:00,data/raw/pipeline-0158-run-001/logs/00000001.BIN
pipeline-0159,pipeline-0159-run-001,pipeline-0159-family,3821661791493122115,train,completed,,d12a8f8997634cee977581cbaa5548c04facc1f5,6c58c27282539d3519962692d87bdfaba41ce01b094a18e3956a3473bb14fe20,2f5ce03671f92bfca42dabff69a505058fb52e27086fafbd86a866f5b4af27cf,06cc4736b5547dbf0139a04ba89169e98f4396af72028a99d76afd3381934a28,833.0703304506176,112.0275621449471,65.40647850984064,0.31426681700960124,40.295938011416155,0.18092637103654707,0.0,10.0,2026-09-23T04:27:10.588304+00:00,2026-09-23T04:29:58.157090+00:00,data/raw/pipeline-0159-run-001/logs/00000001.BIN
pipeline-0160,pipeline-0160-run-001,pipeline-0160-family,621106493916861465,train,completed,,d12a8f8997634cee977581cbaa5548c04facc1f5,6c58c27282539d3519962692d87bdfaba41ce01b094a18e3956a3473bb14fe20,2f5ce03671f92bfca42dabff69a505058fb52e27086fafbd86a866f5b4af27cf,23328cba8df4b6e4be648847b1ec0245d9617a9b0f6fc9390be6d255215cdf7b,732.0808932790864,298.3309601380733,97.99815405667381,1.2721520415585177,226.82876798691422,0.06587288428072918,0.0,10.0,2026-09-23T04:28:25.823735+00:00,2026-09-23T04:31:19.445372+00:00,data/raw/pipeline-0160-run-001/logs/00000001.BIN
pipeline-0161,pipeline-0161-run-001,pipeline-0161-family,8110344665893925598,train,completed,,d12a8f8997634cee977581cbaa5548c04facc1f5,6c58c27282539d3519962692d87bdfaba41ce01b094a18e3956a3473bb14fe20,2f5ce03671f92bfca42dabff69a505058fb52e27086fafbd86a866f5b4af27cf,a2a6a8745d8480ae8bc56cf9444cd6aadc6431fc9598a9b2945d96c97a4adb86,1228.7327511344586,314.28109100395255,103.24327693873661,3.493634574371798,41.34861575384568,0.13913084338075546,0.0,10.0,2026-09-23T04:29:58.163836+00:00,2026-09-23T04:33:44.064528+00:00,data/raw/pipeline-0161-run-001/logs/00000001.BIN
pipeline-0162,pipeline-0162-run-001,pipeline-0162-family,8015349905872499931,train,completed,,d12a8f8997634cee977581cbaa5548c04facc1f5,6c58c27282539d3519962692d87bdfaba41ce01b094a18e3956a3473bb14fe20,2f5ce03671f92bfca42dabff69a505058fb52e27086fafbd86a866f5b4af27cf,5cf936711dda75cf0a42713d977b20a4d45bd7bd792a4379db54cb15018bb2b4,1097.8809834952267,166.5018014387888,30.11344240392101,5.707217460457228,140.07928782206002,0.3627789779823731,0.0,10.0,2026-09-23T04:31:19.451969+00:00,2026-09-23T04:34:55.536529+00:00,data/raw/pipeline-0162-run-001/logs/00000001.BIN
pipeline-0163,pipeline-0163-run-001,pipeline-0163-family,1608051320744977720,train,completed,,d12a8f8997634cee977581cbaa5548c04facc1f5,6c58c27282539d3519962692d87bdfaba41ce01b094a18e3956a3473bb14fe20,2f5ce03671f92bfca42dabff69a505058fb52e27086fafbd86a866f5b4af27cf,1fd97691c2b030524eb08d7efe316c527d19befb8cfcb4c557f7fdb56c1ef342,1385.4975599611764,38.75260913494221,68.60145695952268,1.5467755402958772,18.01546347780343,0.6859530822787856,0.0,10.0,2026-09-23T04:33:44.072024+00:00,2026-09-23T04:37:27.966505+00:00,data/raw/pipeline-0163-run-001/logs/00000001.BIN
pipeline-0164,pipeline-0164-run-001,pipeline-0164-family,6500557709151726006,train,completed,,d12a8f8997634cee977581cbaa5548c04facc1f5,6c58c27282539d3519962692d87bdfaba41ce01b094a18e3956a3473bb14fe20,2f5ce03671f92bfca42dabff69a505058fb52e27086fafbd86a866f5b4af27cf,1f4d03ce11de5eed6bb7abf72528508a440bcbb88825281a33c5b31731a6bb1f,988.667764615403,32.6119434227075,44.6023437124332,0.9890272868255208,291.9691516479528,0.1549374116097393,0.0,10.0,2026-09-23T04:34:55.544067+00:00,2026-09-23T04:37:47.467704+00:00,data/raw/pipeline-0164-run-001/logs/00000001.BIN
pipeline-0165,pipeline-0165-run-001,pipeline-0165-family,8669630204359495264,validation,completed,,d12a8f8997634cee977581cbaa5548c04facc1f5,6c58c27282539d3519962692d87bdfaba41ce01b094a18e3956a3473bb14fe20,2f5ce03671f92bfca42dabff69a505058fb52e27086fafbd86a866f5b4af27cf,e111ff7b9b78b0637449fdc46810601c108ff19f84f1f69451525041424cd5c4,399.66039516033254,289.2967533205082,86.16781495758639,1.9661902462078653,263.3855979423659,0.981720865460731,0.0,10.0,2026-09-23T04:37:27.972510+00:00,2026-09-23T04:39:42.416661+00:00,data/raw/pipeline-0165-run-001/logs/00000001.BIN
pipeline-0166,pipeline-0166-run-001,pipeline-0166-family,872857792998588848,train,completed,,d12a8f8997634cee977581cbaa5548c04facc1f5,6c58c27282539d3519962692d87bdfaba41ce01b094a18e3956a3473bb14fe20,2f5ce03671f92bfca42dabff69a505058fb52e27086fafbd86a866f5b4af27cf,431167084503f908c1e2167820802ab66d8f829d5167948d30a8538097da5957,1120.6003578071184,14.003349348437927,75.6070309354427,0.7513369012255058,192.00370902048337,0.9795902955268428,0.0,10.0,2026-09-23T04:37:47.474488+00:00,2026-09-23T04:41:08.602868+00:00,data/raw/pipeline-0166-run-001/logs/00000001.BIN
pipeline-0167,pipeline-0167-run-001,pipeline-0167-family,5243734599794944553,test,completed,,d12a8f8997634cee977581cbaa5548c04facc1f5,6c58c27282539d3519962692d87bdfaba41ce01b094a18e3956a3473bb14fe20,2f5ce03671f92bfca42dabff69a505058fb52e27086fafbd86a866f5b4af27cf,eb7d40679859da741d503d296695bad1a6a303f26b13dd6d6bc8cf16dd9b13e0,311.9889606187033,49.76381891819406,90.64190409427576,2.216304365538517,48.94813434376643,0.047131741853548584,0.0,10.0,2026-09-23T04:39:42.423615+00:00,2026-09-23T04:41:53.374731+00:00,data/raw/pipeline-0167-run-001/logs/00000001.BIN
pipeline-0168,pipeline-0168-run-001,pipeline-0168-family,2757031018623498007,train,completed,,d12a8f8997634cee977581cbaa5548c04facc1f5,6c58c27282539d3519962692d87bdfaba41ce01b094a18e3956a3473bb14fe20,2f5ce03671f92bfca42dabff69a505058fb52e27086fafbd86a866f5b4af27cf,e524edcf829f3abbde2cc02c100395fe75d741b32fe07cb3423d32221738e044,766.0352361607219,287.31720663003915,50.81583509973797,1.5614514091393943,198.58422820448445,0.6163741937826624,0.0,10.0,2026-09-23T04:41:08.614869+00:00,2026-09-23T04:43:41.562613+00:00,data/raw/pipeline-0168-run-001/logs/00000001.BIN
pipeline-0169,pipeline-0169-run-001,pipeline-0169-family,1890237002593509411,train,completed,,d12a8f8997634cee977581cbaa5548c04facc1f5,6c58c27282539d3519962692d87bdfaba41ce01b094a18e3956a3473bb14fe20,2f5ce03671f92bfca42dabff69a505058fb52e27086fafbd86a866f5b4af27cf,53fb87bb434a5ae81b1a786f401842342c141d4ccb0a05abc2025c98a98f648a,577.4220293282442,93.48356876642755,105.9377912576152,2.0628903820256217,85.04673737380136,0.7206677444917955,0.0,10.0,2026-09-23T04:41:53.381126+00:00,2026-09-23T04:44:37.045861+00:00,data/raw/pipeline-0169-run-001/logs/00000001.BIN
pipeline-0170,pipeline-0170-run-001,pipeline-0170-family,7707108700164754551,train,completed,,d12a8f8997634cee977581cbaa5548c04facc1f5,6c58c27282539d3519962692d87bdfaba41ce01b094a18e3956a3473bb14fe20,2f5ce03671f92bfca42dabff69a505058fb52e27086fafbd86a866f5b4af27cf,6dfaf6a0b471bd516596785c07323e7f05943c41d6329e9cfc5f178efd3b8dad,1092.3505537667602,70.20580281360776,113.94213096453667,0.3966355295791109,215.30025420741796,0.6900917007231774,0.0,10.0,2026-09-23T04:43:41.574529+00:00,2026-09-23T04:47:19.468344+00:00,data/raw/pipeline-0170-run-001/logs/00000001.BIN
pipeline-0171,pipeline-0171-run-001,pipeline-0171-family,7701818195367921788,test,completed,,d12a8f8997634cee977581cbaa5548c04facc1f5,6c58c27282539d3519962692d87bdfaba41ce01b094a18e3956a3473bb14fe20,2f5ce03671f92bfca42dabff69a505058fb52e27086fafbd86a866f5b4af27cf,263a40d19c22a633c3878ed41adb969458ed4a8ba1164799536452cf07a860a8,1216.9612504101144,169.24880039863336,118.22311786982803,1.0657348706700724,135.31299692268246,0.09282462594269278,0.0,10.0,2026-09-23T04:44:37.051990+00:00,2026-09-23T04:48:31.634090+00:00,data/raw/pipeline-0171-run-001/logs/00000001.BIN
pipeline-0172,pipeline-0172-run-001,pipeline-0172-family,4307080281702737295,train,completed,,d12a8f8997634cee977581cbaa5548c04facc1f5,6c58c27282539d3519962692d87bdfaba41ce01b094a18e3956a3473bb14fe20,2f5ce03671f92bfca42dabff69a505058fb52e27086fafbd86a866f5b4af27cf,91cf4678ac2d8b8e20fadacaeca088281edf33710ea04985554a243c6e44a286,1294.1213367619432,175.42501239631144,49.63242979315821,0.5679744704633773,87.3719445677338,0.7355919431487998,0.0,10.0,2026-09-23T04:47:19.475073+00:00,2026-09-23T04:50:44.370533+00:00,data/raw/pipeline-0172-run-001/logs/00000001.BIN
pipeline-0173,pipeline-0173-run-001,pipeline-0173-family,8291511365783762445,validation,completed,,d12a8f8997634cee977581cbaa5548c04facc1f5,6c58c27282539d3519962692d87bdfaba41ce01b094a18e3956a3473bb14fe20,2f5ce03671f92bfca42dabff69a505058fb52e27086fafbd86a866f5b4af27cf,9096015569a945d9009b1a230f56e87049b74307667f8b9a4721f24264be6b0a,1268.9563867698917,86.79193866845637,64.15133726855336,4.45443787128523,161.69519008522832,0.765839497241622,0.0,10.0,2026-09-23T04:48:31.640345+00:00,2026-09-23T04:52:01.714287+00:00,data/raw/pipeline-0173-run-001/logs/00000001.BIN
pipeline-0174,pipeline-0174-run-001,pipeline-0174-family,5546261828963491785,train,completed,,d12a8f8997634cee977581cbaa5548c04facc1f5,6c58c27282539d3519962692d87bdfaba41ce01b094a18e3956a3473bb14fe20,2f5ce03671f92bfca42dabff69a505058fb52e27086fafbd86a866f5b4af27cf,845f7e5019c52e030cf14e946722b216f4107aa66c0e96d78e6c45fc14011be2,490.069387599771,350.63973803428013,66.08126666383424,0.818995166749718,300.01807681325096,0.6032799961498414,0.0,10.0,2026-09-23T04:50:44.379584+00:00,2026-09-23T04:52:57.540107+00:00,data/raw/pipeline-0174-run-001/logs/00000001.BIN
pipeline-0175,pipeline-0175-run-001,pipeline-0175-family,3838386590865410318,validation,completed,,d12a8f8997634cee977581cbaa5548c04facc1f5,6c58c27282539d3519962692d87bdfaba41ce01b094a18e3956a3473bb14fe20,2f5ce03671f92bfca42dabff69a505058fb52e27086fafbd86a866f5b4af27cf,bd8f19b97f82a0e85e916d3bb97674875d542b6c716f40eec0f9c5d73073307b,853.6374227698004,31.026936344603698,98.73247586991555,3.1141056722135874,185.7453699791477,0.31978403946998035,0.0,10.0,2026-09-23T04:52:01.720450+00:00,2026-09-23T04:55:13.833399+00:00,data/raw/pipeline-0175-run-001/logs/00000001.BIN
pipeline-0176,pipeline-0176-run-001,pipeline-0176-family,2604993696061276551,test,completed,,d12a8f8997634cee977581cbaa5548c04facc1f5,6c58c27282539d3519962692d87bdfaba41ce01b094a18e3956a3473bb14fe20,2f5ce03671f92bfca42dabff69a505058fb52e27086fafbd86a866f5b4af27cf,9168f0ff1f689b9dff904c49383e7d9c2ec5fb3b495bcdcaa01b456f53bc7512,380.6270274526337,321.36113510217046,56.919649189765096,0.5138874752194631,244.09844305218775,0.12219447708290462,0.0,10.0,2026-09-23T04:52:57.547037+00:00,2026-09-23T04:54:55.006880+00:00,data/raw/pipeline-0176-run-001/logs/00000001.BIN
pipeline-0177,pipeline-0177-run-001,pipeline-0177-family,4305717951910540106,train,completed,,d12a8f8997634cee977581cbaa5548c04facc1f5,6c58c27282539d3519962692d87bdfaba41ce01b094a18e3956a3473bb14fe20,2f5ce03671f92bfca42dabff69a505058fb52e27086fafbd86a866f5b4af27cf,20fd14ce4e3204bd742eba81fa1e9322a16ceac4dba3410e533e88d99c3db688,1024.2505894926253,61.94797971992044,38.94583439107108,0.7270842229230775,99.39801772392161,0.3137877011386084,0.0,10.0,2026-09-23T04:54:55.013693+00:00,2026-09-23T04:57:47.787513+00:00,data/raw/pipeline-0177-run-001/logs/00000001.BIN
pipeline-0178,pipeline-0178-run-001,pipeline-0178-family,2480342348533733302,train,completed,,d12a8f8997634cee977581cbaa5548c04facc1f5,6c58c27282539d3519962692d87bdfaba41ce01b094a18e3956a3473bb14fe20,2f5ce03671f92bfca42dabff69a505058fb52e27086fafbd86a866f5b4af27cf,e5058fff1eb04ddf031f0a16f99e289e824d066c1424be6795e195387db5de7b,1086.5628845175042,86.26633537927879,38.153643289671834,0.48841595518573067,139.43217553184948,0.3119707382311362,0.0,10.0,2026-09-23T04:55:13.840254+00:00,2026-09-23T04:58:12.227689+00:00,data/raw/pipeline-0178-run-001/logs/00000001.BIN
pipeline-0179,pipeline-0179-run-001,pipeline-0179-family,8543118473605925347,test,completed,,d12a8f8997634cee977581cbaa5548c04facc1f5,6c58c27282539d3519962692d87bdfaba41ce01b094a18e3956a3473bb14fe20,2f5ce03671f92bfca42dabff69a505058fb52e27086fafbd86a866f5b4af27cf,17efc7fd447e5a71bc9e6528f55494a758682347c934896ecf8c0b83aaaeb200,816.7226432859688,337.3833871008817,43.195895436077926,5.9557222458146475,90.16081494608295,0.40445894431569834,0.0,10.0,2026-09-23T04:57:47.794006+00:00,2026-09-23T05:00:28.439404+00:00,data/raw/pipeline-0179-run-001/logs/00000001.BIN
pipeline-0180,pipeline-0180-run-001,pipeline-0180-family,5850343473666651090,train,completed,,d12a8f8997634cee977581cbaa5548c04facc1f5,6c58c27282539d3519962692d87bdfaba41ce01b094a18e3956a3473bb14fe20,2f5ce03671f92bfca42dabff69a505058fb52e27086fafbd86a866f5b4af27cf,e4d3d3653baffb840263c062d54858e8db75c29313555747862732be9436d9ab,1068.2566913273658,216.59397785839542,32.71826035231988,5.317217500651839,4.26003875910884,0.48316352229225323,0.0,10.0,2026-09-23T04:58:12.233766+00:00,2026-09-23T05:01:28.826596+00:00,data/raw/pipeline-0180-run-001/logs/00000001.BIN
pipeline-0181,pipeline-0181-run-001,pipeline-0181-family,5426807026696322763,train,completed,,d12a8f8997634cee977581cbaa5548c04facc1f5,6c58c27282539d3519962692d87bdfaba41ce01b094a18e3956a3473bb14fe20,2f5ce03671f92bfca42dabff69a505058fb52e27086fafbd86a866f5b4af27cf,833b6cdfbd304a0a919d8b7b312235585a3a001b16f98cb5034188f91b1ce266,422.1205255226228,269.59203004013216,101.2405242167517,2.698754334572646,90.7677799114431,0.2384127885011272,0.0,10.0,2026-09-23T05:00:28.447615+00:00,2026-09-23T05:02:57.900724+00:00,data/raw/pipeline-0181-run-001/logs/00000001.BIN
pipeline-0182,pipeline-0182-run-001,pipeline-0182-family,373365134594685515,train,completed,,d12a8f8997634cee977581cbaa5548c04facc1f5,6c58c27282539d3519962692d87bdfaba41ce01b094a18e3956a3473bb14fe20,2f5ce03671f92bfca42dabff69a505058fb52e27086fafbd86a866f5b4af27cf,1e829188c8c1161a7d4d48120794860c2c8764d5ee1c2853fb4d16ea43c8d33a,619.2981038390692,73.79727121496218,35.74988932349598,5.389683920519226,189.31672067736102,0.9384376238606393,0.0,10.0,2026-09-23T05:01:28.835651+00:00,2026-09-23T05:03:39.804921+00:00,data/raw/pipeline-0182-run-001/logs/00000001.BIN
pipeline-0183,pipeline-0183-run-001,pipeline-0183-family,5283644255598247182,validation,completed,,d12a8f8997634cee977581cbaa5548c04facc1f5,6c58c27282539d3519962692d87bdfaba41ce01b094a18e3956a3473bb14fe20,2f5ce03671f92bfca42dabff69a505058fb52e27086fafbd86a866f5b4af27cf,03abe0cf9a5ce7387cbe9c53c13410010ef713c21623a13dcc8b52596535d6f4,859.2135582243524,344.86508820757246,88.94014557497076,0.3453103507320909,82.45903454796776,0.27245811238767526,0.0,10.0,2026-09-23T05:02:57.907242+00:00,2026-09-23T05:05:59.508798+00:00,data/raw/pipeline-0183-run-001/logs/00000001.BIN
pipeline-0184,pipeline-0184-run-001,pipeline-0184-family,2829909595385196718,train,completed,,d12a8f8997634cee977581cbaa5548c04facc1f5,6c58c27282539d3519962692d87bdfaba41ce01b094a18e3956a3473bb14fe20,2f5ce03671f92bfca42dabff69a505058fb52e27086fafbd86a866f5b4af27cf,6c3d08a1390a6c231a9d3ecec24de3962950b845adad8c8c7df5328f5369ea76,502.30512094008606,227.30524830398397,65.64118911249037,3.50629968369981,75.86945123805604,0.9279313705409723,0.0,10.0,2026-09-23T05:03:39.811556+00:00,2026-09-23T05:05:54.970680+00:00,data/raw/pipeline-0184-run-001/logs/00000001.BIN
pipeline-0185,pipeline-0185-run-001,pipeline-0185-family,7363724771673142344,train,completed,,d12a8f8997634cee977581cbaa5548c04facc1f5,6c58c27282539d3519962692d87bdfaba41ce01b094a18e3956a3473bb14fe20,2f5ce03671f92bfca42dabff69a505058fb52e27086fafbd86a866f5b4af27cf,319e370e6c28259be1efde4ebd3d989d6099086670e08861941576ef6444af31,1363.9481389617124,67.32120379282286,91.4257041645902,1.2679233225533064,346.91178553274034,0.8056629015228886,0.0,10.0,2026-09-23T05:05:54.977215+00:00,2026-09-23T05:09:48.340909+00:00,data/raw/pipeline-0185-run-001/logs/00000001.BIN
pipeline-0186,pipeline-0186-run-001,pipeline-0186-family,1640918258389419251,test,completed,,d12a8f8997634cee977581cbaa5548c04facc1f5,6c58c27282539d3519962692d87bdfaba41ce01b094a18e3956a3473bb14fe20,2f5ce03671f92bfca42dabff69a505058fb52e27086fafbd86a866f5b4af27cf,d12c68386dc8d6901bf61ec1f771dda27cf92ae7203529152763f0ce2cbfaee8,1258.6834372755714,273.9609020091879,60.99506160433589,4.3340418033857855,95.20767818755967,0.7137535164394928,0.0,10.0,2026-09-23T05:05:59.542447+00:00,2026-09-23T05:09:51.949840+00:00,data/raw/pipeline-0186-run-001/logs/00000001.BIN
pipeline-0187,pipeline-0187-run-001,pipeline-0187-family,253435952571700020,test,completed,,d12a8f8997634cee977581cbaa5548c04facc1f5,6c58c27282539d3519962692d87bdfaba41ce01b094a18e3956a3473bb14fe20,2f5ce03671f92bfca42dabff69a505058fb52e27086fafbd86a866f5b4af27cf,0a3c2e5128d36c38ce16626406c8f022d0e6b6ed56845e856a3f35205cad1c53,926.3122258130155,205.81875417485443,93.59059154903701,2.563469379819722,52.619782167108035,0.4481369870720948,0.0,10.0,2026-09-23T05:09:48.347600+00:00,2026-09-23T05:13:03.458637+00:00,data/raw/pipeline-0187-run-001/logs/00000001.BIN
pipeline-0188,pipeline-0188-run-001,pipeline-0188-family,5958215757178076502,train,completed,,d12a8f8997634cee977581cbaa5548c04facc1f5,6c58c27282539d3519962692d87bdfaba41ce01b094a18e3956a3473bb14fe20,2f5ce03671f92bfca42dabff69a505058fb52e27086fafbd86a866f5b4af27cf,593103354fd8252de7675089bd7cd992c4d76c965b3a46588fb752f0092d8b86,810.0055354963711,214.56822034338506,79.66396927833138,2.2031533673150765,216.3409585600216,0.4745190463980394,0.0,10.0,2026-09-23T05:09:51.957643+00:00,2026-09-23T05:12:48.629899+00:00,data/raw/pipeline-0188-run-001/logs/00000001.BIN
pipeline-0189,pipeline-0189-run-001,pipeline-0189-family,4285935838136017496,train,completed,,d12a8f8997634cee977581cbaa5548c04facc1f5,6c58c27282539d3519962692d87bdfaba41ce01b094a18e3956a3473bb14fe20,2f5ce03671f92bfca42dabff69a505058fb52e27086fafbd86a866f5b4af27cf,232d40303cc71849e98177524b7bff146ae44e6f7daaa456ba6e9fdc2b0472d5,1400.6868416543844,88.8503102878683,119.06736776778362,2.3872084949000048,123.35909937113473,0.6125212613829374,0.0,10.0,2026-09-23T05:12:48.636260+00:00,2026-09-23T05:17:04.001804+00:00,data/raw/pipeline-0189-run-001/logs/00000001.BIN
pipeline-0190,pipeline-0190-run-001,pipeline-0190-family,5800366477479925555,train,completed,,d12a8f8997634cee977581cbaa5548c04facc1f5,6c58c27282539d3519962692d87bdfaba41ce01b094a18e3956a3473bb14fe20,2f5ce03671f92bfca42dabff69a505058fb52e27086fafbd86a866f5b4af27cf,74747afcc48b9ed4c06ac759f4482ba3115fe01b512509202e665f70ec6b67da,466.16000882727127,47.18523248819644,54.28669138629559,1.2226216606994864,109.94244563189393,0.39220870750916104,0.0,10.0,2026-09-23T05:13:03.466362+00:00,2026-09-23T05:15:08.131782+00:00,data/raw/pipeline-0190-run-001/logs/00000001.BIN
pipeline-0191,pipeline-0191-run-001,pipeline-0191-family,2161574344636662738,validation,completed,,d12a8f8997634cee977581cbaa5548c04facc1f5,6c58c27282539d3519962692d87bdfaba41ce01b094a18e3956a3473bb14fe20,2f5ce03671f92bfca42dabff69a505058fb52e27086fafbd86a866f5b4af27cf,6812e8565fb59154aa1274b5368e4c6dc6ccd8de84e21566febfc0c9a2845fa0,1242.4074639678545,42.83658461438981,70.52377522358552,3.0116806577285464,145.606296460921,0.7518474102541759,0.0,10.0,2026-09-23T05:15:08.140403+00:00,2026-09-23T05:18:38.729054+00:00,data/raw/pipeline-0191-run-001/logs/00000001.BIN
pipeline-0192,pipeline-0192-run-001,pipeline-0192-family,4755616199657991109,train,completed,,d12a8f8997634cee977581cbaa5548c04facc1f5,6c58c27282539d3519962692d87bdfaba41ce01b094a18e3956a3473bb14fe20,2f5ce03671f92bfca42dabff69a505058fb52e27086fafbd86a866f5b4af27cf,8bb4480410bd28a6879307c4d5dd8097067e91fec6dbf55b1b08f36cb25b172a,974.6789731520605,219.2193232287447,86.02665669893271,4.646064217385238,165.2860945370213,0.6669786209232644,0.0,10.0,2026-09-23T05:17:04.008870+00:00,2026-09-23T05:20:24.109575+00:00,data/raw/pipeline-0192-run-001/logs/00000001.BIN
pipeline-0193,pipeline-0193-run-001,pipeline-0193-family,764606474177846269,train,completed,,d12a8f8997634cee977581cbaa5548c04facc1f5,6c58c27282539d3519962692d87bdfaba41ce01b094a18e3956a3473bb14fe20,2f5ce03671f92bfca42dabff69a505058fb52e27086fafbd86a866f5b4af27cf,884d4a71c1145bf1e8dd290a3ef0acd91a3eba85bf3507febc425a1934bd97b4,655.8638192184001,357.7154718543561,67.64891137968438,5.01921454356285,250.28240676443642,0.5324361759033542,0.0,10.0,2026-09-23T05:18:38.735808+00:00,2026-09-23T05:21:09.196619+00:00,data/raw/pipeline-0193-run-001/logs/00000001.BIN
pipeline-0194,pipeline-0194-run-001,pipeline-0194-family,8557158977927408021,train,completed,,d12a8f8997634cee977581cbaa5548c04facc1f5,6c58c27282539d3519962692d87bdfaba41ce01b094a18e3956a3473bb14fe20,2f5ce03671f92bfca42dabff69a505058fb52e27086fafbd86a866f5b4af27cf,2fd845993632c4004bf3f3cffb7220ca585ad22a48d9f4ed6462729426e2a48b,417.7202648953271,104.47188412831622,62.32004570588848,1.428648875161685,342.9299674794601,0.9843264868948502,0.0,10.0,2026-09-23T05:20:24.115835+00:00,2026-09-23T05:22:28.060671+00:00,data/raw/pipeline-0194-run-001/logs/00000001.BIN
pipeline-0195,pipeline-0195-run-001,pipeline-0195-family,4839823273150397770,train,completed,,d12a8f8997634cee977581cbaa5548c04facc1f5,6c58c27282539d3519962692d87bdfaba41ce01b094a18e3956a3473bb14fe20,2f5ce03671f92bfca42dabff69a505058fb52e27086fafbd86a866f5b4af27cf,9e90dc3361f8436b049c139aeb0aa34b82d5bcb15a2d91ccfe5109c7b09ff92a,1137.6338130590666,318.7018770587437,111.69881898685321,2.1376573148924685,131.2918107511427,0.7573018114477288,0.0,10.0,2026-09-23T05:21:09.203082+00:00,2026-09-23T05:24:53.782183+00:00,data/raw/pipeline-0195-run-001/logs/00000001.BIN
pipeline-0196,pipeline-0196-run-001,pipeline-0196-family,623143563271207071,validation,completed,,d12a8f8997634cee977581cbaa5548c04facc1f5,6c58c27282539d3519962692d87bdfaba41ce01b094a18e3956a3473bb14fe20,2f5ce03671f92bfca42dabff69a505058fb52e27086fafbd86a866f5b4af27cf,cf1b3c6cfd0c9d251c247a92c4f2670e4a7b143fd82a57a9c60a90da76d2570f,841.5516499125797,128.41443849151747,95.65326796952472,0.800630458726972,196.1693882874097,0.4270609951246762,0.0,10.0,2026-09-23T05:22:28.067593+00:00,2026-09-23T05:25:31.493529+00:00,data/raw/pipeline-0196-run-001/logs/00000001.BIN
pipeline-0197,pipeline-0197-run-001,pipeline-0197-family,370146617269291298,train,completed,,d12a8f8997634cee977581cbaa5548c04facc1f5,6c58c27282539d3519962692d87bdfaba41ce01b094a18e3956a3473bb14fe20,2f5ce03671f92bfca42dabff69a505058fb52e27086fafbd86a866f5b4af27cf,598c87d9f326998dc4388c00fff94d0df517e57e8d41790caa158fcb672f715b,701.4978513366309,54.733064552668544,99.10855401242006,3.0370717355379617,314.1298637680135,0.05439690118038078,0.0,10.0,2026-09-23T05:24:53.789249+00:00,2026-09-23T05:27:45.912745+00:00,data/raw/pipeline-0197-run-001/logs/00000001.BIN
pipeline-0198,pipeline-0198-run-001,pipeline-0198-family,1208820240711127766,train,completed,,d12a8f8997634cee977581cbaa5548c04facc1f5,6c58c27282539d3519962692d87bdfaba41ce01b094a18e3956a3473bb14fe20,2f5ce03671f92bfca42dabff69a505058fb52e27086fafbd86a866f5b4af27cf,3ecc15ef2ef64aac01282396dec8b85fa94165d87ec766af618da96e803cb735,743.8497176826196,81.362964349839,37.51608256424129,4.435730475268064,301.8863992568938,0.0035416018458522126,0.0,10.0,2026-09-23T05:25:31.502209+00:00,2026-09-23T05:28:07.842142+00:00,data/raw/pipeline-0198-run-001/logs/00000001.BIN
pipeline-0199,pipeline-0199-run-001,pipeline-0199-family,1504879257478597174,train,completed,,d12a8f8997634cee977581cbaa5548c04facc1f5,6c58c27282539d3519962692d87bdfaba41ce01b094a18e3956a3473bb14fe20,2f5ce03671f92bfca42dabff69a505058fb52e27086fafbd86a866f5b4af27cf,8639ede03f02b6c55e103bfe7d52bfce8f91a7d94a49b49849a49a1be0f64137,549.3544953045737,132.5558445966666,79.8141786652977,2.496853914181485,45.122582288854346,0.6993954854460417,0.0,10.0,2026-09-23T05:27:45.918833+00:00,2026-09-23T05:30:12.059024+00:00,data/raw/pipeline-0199-run-001/logs/00000001.BIN
pipeline-0200,pipeline-0200-run-001,pipeline-0200-family,4948609812845985737,train,completed,,d12a8f8997634cee977581cbaa5548c04facc1f5,6c58c27282539d3519962692d87bdfaba41ce01b094a18e3956a3473bb14fe20,2f5ce03671f92bfca42dabff69a505058fb52e27086fafbd86a866f5b4af27cf,34f9383135b9484b983958e5d989e2f1802bc691d8c4898862cfd347b8d7b7c1,1348.5581152544514,308.06230387139453,35.858466923858884,5.279913294756453,21.924859659292434,0.9355964922190725,0.0,10.0,2026-09-23T05:28:07.849121+00:00,2026-09-23T05:31:31.434203+00:00,data/raw/pipeline-0200-run-001/logs/00000001.BIN
pipeline-0201,pipeline-0201-run-001,pipeline-0201-family,5671405348456215558,train,completed,,d12a8f8997634cee977581cbaa5548c04facc1f5,6c58c27282539d3519962692d87bdfaba41ce01b094a18e3956a3473bb14fe20,2f5ce03671f92bfca42dabff69a505058fb52e27086fafbd86a866f5b4af27cf,0f7d67e22e0442fbdefce14a2be68f6da0f182b08e76e982338666fa96e1f0e0,259.30908549974004,153.94420018105473,62.80188808069198,1.1454553656139619,279.2553206294298,0.2778119586772989,0.0,10.0,2026-09-23T05:30:12.065189+00:00,2026-09-23T05:32:00.520782+00:00,data/raw/pipeline-0201-run-001/logs/00000001.BIN
pipeline-0202,pipeline-0202-run-001,pipeline-0202-family,6413255215050971204,train,completed,,d12a8f8997634cee977581cbaa5548c04facc1f5,6c58c27282539d3519962692d87bdfaba41ce01b094a18e3956a3473bb14fe20,2f5ce03671f92bfca42dabff69a505058fb52e27086fafbd86a866f5b4af27cf,d34e709c95e56d0c277909766d2b740330433ef37fbc04425cc06ab2dad8e913,889.9731415941231,22.93636645581992,33.388803829445436,0.28135024961563865,242.61711156766734,0.654638629677647,0.0,10.0,2026-09-23T05:31:31.441311+00:00,2026-09-23T05:34:07.575987+00:00,data/raw/pipeline-0202-run-001/logs/00000001.BIN
pipeline-0203,pipeline-0203-run-001,pipeline-0203-family,2949871659689111007,train,completed,,d12a8f8997634cee977581cbaa5548c04facc1f5,6c58c27282539d3519962692d87bdfaba41ce01b094a18e3956a3473bb14fe20,2f5ce03671f92bfca42dabff69a505058fb52e27086fafbd86a866f5b4af27cf,ed4b61efca018d7c4ed035357b0c99bfb1a836f1765b8261a8153d339a6a5435,325.45230633453946,346.19736118420104,119.29816101234064,0.19549960694839202,88.2988908295121,0.030020929620694525,0.0,10.0,2026-09-23T05:32:00.527743+00:00,2026-09-23T05:34:24.486744+00:00,data/raw/pipeline-0203-run-001/logs/00000001.BIN
pipeline-0204,pipeline-0204-run-001,pipeline-0204-family,4147385934457899231,test,completed,,d12a8f8997634cee977581cbaa5548c04facc1f5,6c58c27282539d3519962692d87bdfaba41ce01b094a18e3956a3473bb14fe20,2f5ce03671f92bfca42dabff69a505058fb52e27086fafbd86a866f5b4af27cf,4b72a83331f3973064f997b46765e30c46d47471bae1af8c775ae1ab6875e51c,1253.8295466918923,206.76986716460087,74.25692476812952,3.342883078235208,236.5065710116696,0.48774900704694385,0.0,10.0,2026-09-23T05:34:07.582526+00:00,2026-09-23T05:37:54.090757+00:00,data/raw/pipeline-0204-run-001/logs/00000001.BIN
pipeline-0205,pipeline-0205-run-001,pipeline-0205-family,2352782248436139522,validation,completed,,d12a8f8997634cee977581cbaa5548c04facc1f5,6c58c27282539d3519962692d87bdfaba41ce01b094a18e3956a3473bb14fe20,2f5ce03671f92bfca42dabff69a505058fb52e27086fafbd86a866f5b4af27cf,b15050562bff3156d6c9873678db83034f3ec3ff3456dd6556c6004ec86543ad,1337.5365782064796,134.9481270273823,46.10815011543196,3.8745889477134257,352.99862933894417,0.40051342329400447,0.0,10.0,2026-09-23T05:34:24.493544+00:00,2026-09-23T05:37:59.495140+00:00,data/raw/pipeline-0205-run-001/logs/00000001.BIN
pipeline-0206,pipeline-0206-run-001,pipeline-0206-family,8310733865332636534,validation,completed,,d12a8f8997634cee977581cbaa5548c04facc1f5,6c58c27282539d3519962692d87bdfaba41ce01b094a18e3956a3473bb14fe20,2f5ce03671f92bfca42dabff69a505058fb52e27086fafbd86a866f5b4af27cf,482736c7745b7d051428469866d68c4e7d0613514e121ff9b9c050aa9e970d5e,227.9713197932692,213.907864516939,87.23102441841257,3.538153556973266,345.48742500567056,0.2184679024886722,0.0,10.0,2026-09-23T05:37:54.097691+00:00,2026-09-23T05:39:52.752942+00:00,data/raw/pipeline-0206-run-001/logs/00000001.BIN
pipeline-0207,pipeline-0207-run-001,pipeline-0207-family,7140095518013329531,train,completed,,d12a8f8997634cee977581cbaa5548c04facc1f5,6c58c27282539d3519962692d87bdfaba41ce01b094a18e3956a3473bb14fe20,2f5ce03671f92bfca42dabff69a505058fb52e27086fafbd86a866f5b4af27cf,355dd6c2f93f972c8553ecd2b1df5c6322f37b28ae1f46be528e16fc506a8245,567.8429846098569,239.13616122645195,64.36803871501579,3.39302485039865,307.0740769890194,0.8391953691405242,0.0,10.0,2026-09-23T05:37:59.504163+00:00,2026-09-23T05:40:19.648836+00:00,data/raw/pipeline-0207-run-001/logs/00000001.BIN
pipeline-0208,pipeline-0208-run-001,pipeline-0208-family,2915748589531179090,validation,completed,,d12a8f8997634cee977581cbaa5548c04facc1f5,6c58c27282539d3519962692d87bdfaba41ce01b094a18e3956a3473bb14fe20,2f5ce03671f92bfca42dabff69a505058fb52e27086fafbd86a866f5b4af27cf,c3d5c8f3231bf046f5bf808b9563f8108c87368803c3f46ded06a62a39c1a316,528.9761624365722,329.16730318503573,108.19650127352449,1.3121900822952082,116.04797433563786,0.9600193953878179,0.0,10.0,2026-09-23T05:39:52.759100+00:00,2026-09-23T05:42:31.395970+00:00,data/raw/pipeline-0208-run-001/logs/00000001.BIN
pipeline-0209,pipeline-0209-run-001,pipeline-0209-family,1782522733690383037,train,completed,,d12a8f8997634cee977581cbaa5548c04facc1f5,6c58c27282539d3519962692d87bdfaba41ce01b094a18e3956a3473bb14fe20,2f5ce03671f92bfca42dabff69a505058fb52e27086fafbd86a866f5b4af27cf,a05778d43b197323fca551639dca0dd0270e0c010cd242e8cf7bb6dbfa015ff3,1319.0944774126158,229.51927325847976,46.268221172805774,1.9437737321242279,246.06724714802772,0.8315964018261158,0.0,10.0,2026-09-23T05:40:19.655149+00:00,2026-09-23T05:43:47.068889+00:00,data/raw/pipeline-0209-run-001/logs/00000001.BIN
pipeline-0210,pipeline-0210-run-001,pipeline-0210-family,4024269678088386120,test,completed,,d12a8f8997634cee977581cbaa5548c04facc1f5,6c58c27282539d3519962692d87bdfaba41ce01b094a18e3956a3473bb14fe20,2f5ce03671f92bfca42dabff69a505058fb52e27086fafbd86a866f5b4af27cf,464d4aa25010038d386faa84c633b32d2a6a323c540406761ec53bdc9715ba83,639.1230375347548,189.60184252797686,64.95860593288361,2.0743742239646297,241.76220357854572,0.2629915397799191,0.0,10.0,2026-09-23T05:42:31.402479+00:00,2026-09-23T05:45:00.339107+00:00,data/raw/pipeline-0210-run-001/logs/00000001.BIN
pipeline-0211,pipeline-0211-run-001,pipeline-0211-family,4231343518326914734,train,completed,,d12a8f8997634cee977581cbaa5548c04facc1f5,6c58c27282539d3519962692d87bdfaba41ce01b094a18e3956a3473bb14fe20,2f5ce03671f92bfca42dabff69a505058fb52e27086fafbd86a866f5b4af27cf,3bde7fc6132df132df6bcfb2b95dbea34844e3b3a017ffd419488cbda04f0592,1457.4334119290945,70.93889466108563,84.45282910463501,4.217058277355706,0.5783673764117442,0.6060219413139667,0.0,10.0,2026-09-23T05:43:47.075434+00:00,2026-09-23T05:47:48.434908+00:00,data/raw/pipeline-0211-run-001/logs/00000001.BIN
pipeline-0212,pipeline-0212-run-001,pipeline-0212-family,7620392269663305684,validation,completed,,d12a8f8997634cee977581cbaa5548c04facc1f5,6c58c27282539d3519962692d87bdfaba41ce01b094a18e3956a3473bb14fe20,2f5ce03671f92bfca42dabff69a505058fb52e27086fafbd86a866f5b4af27cf,647b126e237c701d2e1c5c374e0d828192881773fbc5e8b5dddbb198d6fcdd01,1469.4283525333308,18.35843697236712,55.21208812008025,2.8940349013687703,206.05772153031697,0.20008747763579282,0.0,10.0,2026-09-23T05:45:00.345525+00:00,2026-09-23T05:49:05.901173+00:00,data/raw/pipeline-0212-run-001/logs/00000001.BIN
pipeline-0213,pipeline-0213-run-001,pipeline-0213-family,5344764747335110608,test,completed,,d12a8f8997634cee977581cbaa5548c04facc1f5,6c58c27282539d3519962692d87bdfaba41ce01b094a18e3956a3473bb14fe20,2f5ce03671f92bfca42dabff69a505058fb52e27086fafbd86a866f5b4af27cf,86c5ce8bbb527ce62be5d8e0eabd30917c5d910fcd7ab01afdfc84b4473e3800,1276.3857712208985,294.02449457324957,50.89753740678352,1.338215509729591,295.43250762177047,0.875054904101566,0.0,10.0,2026-09-23T05:47:48.441306+00:00,2026-09-23T05:51:12.337225+00:00,data/raw/pipeline-0213-run-001/logs/00000001.BIN
pipeline-0214,pipeline-0214-run-001,pipeline-0214-family,2958143625848556753,train,completed,,d12a8f8997634cee977581cbaa5548c04facc1f5,6c58c27282539d3519962692d87bdfaba41ce01b094a18e3956a3473bb14fe20,2f5ce03671f92bfca42dabff69a505058fb52e27086fafbd86a866f5b4af27cf,0914a2eb5cb3e2e114dbe3b5e27091840fc2b02fb9267f58ca83a6ba4f431615,845.1363555384888,195.293454877812,80.61638346498438,5.059331125570156,117.39824585837447,0.12620108367222946,0.0,10.0,2026-09-23T05:49:05.908716+00:00,2026-09-23T05:52:06.313363+00:00,data/raw/pipeline-0214-run-001/logs/00000001.BIN
pipeline-0215,pipeline-0215-run-001,pipeline-0215-family,6531530975773795076,train,completed,,d12a8f8997634cee977581cbaa5548c04facc1f5,6c58c27282539d3519962692d87bdfaba41ce01b094a18e3956a3473bb14fe20,2f5ce03671f92bfca42dabff69a505058fb52e27086fafbd86a866f5b4af27cf,490d95aa52737d7f83faaa12015300b833667293cb5ce55494bdb13562c4c881,946.2310623345804,303.7540603005567,48.76935009398966,0.08478537935996647,320.61742449810237,0.33911606192320837,0.0,10.0,2026-09-23T05:51:12.343799+00:00,2026-09-23T05:54:02.030370+00:00,data/raw/pipeline-0215-run-001/logs/00000001.BIN
pipeline-0216,pipeline-0216-run-001,pipeline-0216-family,8261560625720243904,train,completed,,d12a8f8997634cee977581cbaa5548c04facc1f5,6c58c27282539d3519962692d87bdfaba41ce01b094a18e3956a3473bb14fe20,2f5ce03671f92bfca42dabff69a505058fb52e27086fafbd86a866f5b4af27cf,8ac5ff77470a3234c4c4b5da9666940233f2e0276aadbce7a71df43106d2bd5e,524.39758226188,102.69793251652823,115.26457343816038,5.9953478710432355,16.543054407620513,0.4992188899183589,0.0,10.0,2026-09-23T06:54:21.571572+00:00,2026-09-23T06:57:03.745798+00:00,data/raw/pipeline-0216-run-001/logs/00000001.BIN
pipeline-0217,pipeline-0217-run-001,pipeline-0217-family,7253886975184556167,train,completed,,d12a8f8997634cee977581cbaa5548c04facc1f5,6c58c27282539d3519962692d87bdfaba41ce01b094a18e3956a3473bb14fe20,2f5ce03671f92bfca42dabff69a505058fb52e27086fafbd86a866f5b4af27cf,d546320bbc5eb9fb7fc69d2badbe8efb49f3b77ac2ba524a243bae7758b32410,513.7954118277673,244.5858078042368,55.18627423293074,1.3445599077202923,78.71303198517984,0.791646554691589,0.0,10.0,2026-09-23T05:52:53.034031+00:00,2026-09-23T05:55:02.978409+00:00,data/raw/pipeline-0217-run-001/logs/00000001.BIN
pipeline-0218,pipeline-0218-run-001,pipeline-0218-family,5622341165610062334,train,completed,,d12a8f8997634cee977581cbaa5548c04facc1f5,6c58c27282539d3519962692d87bdfaba41ce01b094a18e3956a3473bb14fe20,2f5ce03671f92bfca42dabff69a505058fb52e27086fafbd86a866f5b4af27cf,34beae0f5f6fa7e5360fad8d3e7dfa8fe1b48fca99b359001fbc5c4e2016f0dd,1314.950588176373,249.71443012278266,70.05712766376897,2.7712546398473656,298.67556212283483,0.4555952618995024,0.0,10.0,2026-09-23T05:54:02.036812+00:00,2026-09-23T05:57:44.755310+00:00,data/raw/pipeline-0218-run-001/logs/00000001.BIN
pipeline-0219,pipeline-0219-run-001,pipeline-0219-family,4583993828110206763,test,completed,,d12a8f8997634cee977581cbaa5548c04facc1f5,6c58c27282539d3519962692d87bdfaba41ce01b094a18e3956a3473bb14fe20,2f5ce03671f92bfca42dabff69a505058fb52e27086fafbd86a866f5b4af27cf,8751c97f53e09d7c2581e923c1dff16f26f8612dd6e6dfd55e6be9b81bbc3aa6,1264.433360803596,147.27032190046458,89.30845560762984,4.861195612900779,154.6614455687083,0.10068989476040587,0.0,10.0,2026-09-23T05:55:02.985706+00:00,2026-09-23T05:59:32.212697+00:00,data/raw/pipeline-0219-run-001/logs/00000001.BIN
pipeline-0220,pipeline-0220-run-001,pipeline-0220-family,1936649604250694468,train,completed,,d12a8f8997634cee977581cbaa5548c04facc1f5,6c58c27282539d3519962692d87bdfaba41ce01b094a18e3956a3473bb14fe20,2f5ce03671f92bfca42dabff69a505058fb52e27086fafbd86a866f5b4af27cf,a2197eae6d454cf00c595c65a353a19aceb63f7230efe594c26e5d3c13cfe536,1100.4256648885466,280.6012527546236,69.19539469348487,5.580380528099295,230.93691726107866,0.22121155690499558,0.0,10.0,2026-09-23T05:57:44.761523+00:00,2026-09-23T06:01:26.130926+00:00,data/raw/pipeline-0220-run-001/logs/00000001.BIN
pipeline-0221,pipeline-0221-run-001,pipeline-0221-family,1850191713677657131,validation,completed,,d12a8f8997634cee977581cbaa5548c04facc1f5,6c58c27282539d3519962692d87bdfaba41ce01b094a18e3956a3473bb14fe20,2f5ce03671f92bfca42dabff69a505058fb52e27086fafbd86a866f5b4af27cf,0b5b3157a1796fde109ec43a33d9a357641546be57ec2483fae2e14dabe9a3ce,364.16195094474097,163.58473952054732,109.34134065031665,5.518497402043924,352.362840039865,0.024654945374873928,0.0,10.0,2026-09-23T05:59:32.221074+00:00,2026-09-23T06:02:11.130206+00:00,data/raw/pipeline-0221-run-001/logs/00000001.BIN
pipeline-0222,pipeline-0222-run-001,pipeline-0222-family,1900578874734201492,validation,completed,,d12a8f8997634cee977581cbaa5548c04facc1f5,6c58c27282539d3519962692d87bdfaba41ce01b094a18e3956a3473bb14fe20,2f5ce03671f92bfca42dabff69a505058fb52e27086fafbd86a866f5b4af27cf,2c5a4967faf9bc03ddb0c7bddaa8abb16958d1cf2f3c67ee65388519f05bd30c,438.1987321357158,90.4957521277812,114.70185620459773,4.0165066180066376,179.10363162844692,0.8481666150217746,0.0,10.0,2026-09-23T06:01:26.137118+00:00,2026-09-23T06:03:59.059436+00:00,data/raw/pipeline-0222-run-001/logs/00000001.BIN
pipeline-0223,pipeline-0223-run-001,pipeline-0223-family,6202157901819949024,test,completed,,d12a8f8997634cee977581cbaa5548c04facc1f5,6c58c27282539d3519962692d87bdfaba41ce01b094a18e3956a3473bb14fe20,2f5ce03671f92bfca42dabff69a505058fb52e27086fafbd86a866f5b4af27cf,6b2dcbd9f63d06eedcb1aff6c4c2ec382faee39468d1ca32a8424cb46a27a827,1342.480787235261,82.48013081661436,72.94316512702521,5.424587881366407,69.12376970795505,0.32830013087131626,0.0,10.0,2026-09-23T06:02:11.136164+00:00,2026-09-23T06:06:45.450589+00:00,data/raw/pipeline-0223-run-001/logs/00000001.BIN
pipeline-0224,pipeline-0224-run-001,pipeline-0224-family,5741794756111499918,train,completed,,d12a8f8997634cee977581cbaa5548c04facc1f5,6c58c27282539d3519962692d87bdfaba41ce01b094a18e3956a3473bb14fe20,2f5ce03671f92bfca42dabff69a505058fb52e27086fafbd86a866f5b4af27cf,37434da25b8fef783f23f5b590e18d3214fb169cfeb74a1ed5fbb0d6c9adaa81,775.8059333656103,268.74319675792736,94.00364020791994,3.173702332069304,64.9480588972211,0.2900639921517642,0.0,10.0,2026-09-23T06:03:59.065648+00:00,2026-09-23T06:07:01.162179+00:00,data/raw/pipeline-0224-run-001/logs/00000001.BIN
pipeline-0225,pipeline-0225-run-001,pipeline-0225-family,2567144731578026290,train,completed,,d12a8f8997634cee977581cbaa5548c04facc1f5,6c58c27282539d3519962692d87bdfaba41ce01b094a18e3956a3473bb14fe20,2f5ce03671f92bfca42dabff69a505058fb52e27086fafbd86a866f5b4af27cf,c8fd616cd43a726db1c38901562101574bda7faea538a7123c71073c01f8cb34,442.48514976081964,116.69937137775422,83.83939090615408,0.16798105607361763,269.47281810134615,0.761751390226758,0.0,10.0,2026-09-23T06:06:45.456704+00:00,2026-09-23T06:09:02.882066+00:00,data/raw/pipeline-0225-run-001/logs/00000001.BIN
pipeline-0226,pipeline-0226-run-001,pipeline-0226-family,1490758607257636372,train,completed,,d12a8f8997634cee977581cbaa5548c04facc1f5,6c58c27282539d3519962692d87bdfaba41ce01b094a18e3956a3473bb14fe20,2f5ce03671f92bfca42dabff69a505058fb52e27086fafbd86a866f5b4af27cf,89a954ea6e7a8c336068c5804dc3494b81a0ea87c2e64e06ddb17a51b2a65ad9,1392.9518580585673,64.351581914034,59.60436220454528,4.238037097231695,61.11522186609058,0.5571539187994423,0.0,10.0,2026-09-23T06:07:01.168340+00:00,2026-09-23T06:11:10.218047+00:00,data/raw/pipeline-0226-run-001/logs/00000001.BIN
pipeline-0227,pipeline-0227-run-001,pipeline-0227-family,5910134042536815948,train,completed,,d12a8f8997634cee977581cbaa5548c04facc1f5,6c58c27282539d3519962692d87bdfaba41ce01b094a18e3956a3473bb14fe20,2f5ce03671f92bfca42dabff69a505058fb52e27086fafbd86a866f5b4af27cf,b36ffc64821bfecf09918299c2ed5b6529b128d729ab1d0f8ecae0a272199b3d,1357.3975671907829,59.913834372581896,66.89206314881292,0.41417926978222364,287.1019339195417,0.7061914088890349,0.0,10.0,2026-09-23T06:09:02.888252+00:00,2026-09-23T06:12:42.964973+00:00,data/raw/pipeline-0227-run-001/logs/00000001.BIN
pipeline-0228,pipeline-0228-run-001,pipeline-0228-family,6769058044814201579,train,completed,,d12a8f8997634cee977581cbaa5548c04facc1f5,6c58c27282539d3519962692d87bdfaba41ce01b094a18e3956a3473bb14fe20,2f5ce03671f92bfca42dabff69a505058fb52e27086fafbd86a866f5b4af27cf,ee30bf072ed8d04f9a34d0a0f3aa12860d92bc8e87465f5f4cb4814775afe63c,1465.5456356536042,259.3127414627957,102.79175254280264,5.649326467456831,275.07484499945326,0.7523621782250317,0.0,10.0,2026-09-23T06:11:10.224664+00:00,2026-09-23T06:16:05.225263+00:00,data/raw/pipeline-0228-run-001/logs/00000001.BIN
pipeline-0229,pipeline-0229-run-001,pipeline-0229-family,4389873026032767816,train,completed,,d12a8f8997634cee977581cbaa5548c04facc1f5,6c58c27282539d3519962692d87bdfaba41ce01b094a18e3956a3473bb14fe20,2f5ce03671f92bfca42dabff69a505058fb52e27086fafbd86a866f5b4af27cf,d7d3bd44f181da67f32befb2b396ba89911d20012a0b32eadb968621af1b1d53,1370.17512511116,220.3870032110503,37.14318236993998,3.088114433715667,337.6115988412258,0.3348774970487155,0.0,10.0,2026-09-23T06:12:42.972148+00:00,2026-09-23T06:16:09.356314+00:00,data/raw/pipeline-0229-run-001/logs/00000001.BIN
pipeline-0230,pipeline-0230-run-001,pipeline-0230-family,7869476036648069007,train,completed,,d12a8f8997634cee977581cbaa5548c04facc1f5,6c58c27282539d3519962692d87bdfaba41ce01b094a18e3956a3473bb14fe20,2f5ce03671f92bfca42dabff69a505058fb52e27086fafbd86a866f5b4af27cf,1b0f6631eafa718c16653832489681c8a8acc96689448a7efc995a60f22a7fd7,1389.4503672929934,173.53287024620136,40.69942456423635,4.361127548037142,333.5956794203988,0.9736981279089452,0.0,10.0,2026-09-23T06:16:05.231428+00:00,2026-09-23T06:19:42.604434+00:00,data/raw/pipeline-0230-run-001/logs/00000001.BIN
pipeline-0231,pipeline-0231-run-001,pipeline-0231-family,6272445366185493419,train,completed,,d12a8f8997634cee977581cbaa5548c04facc1f5,6c58c27282539d3519962692d87bdfaba41ce01b094a18e3956a3473bb14fe20,2f5ce03671f92bfca42dabff69a505058fb52e27086fafbd86a866f5b4af27cf,15ec22c345566af972e5264045d8c1f8b8f7147473f1944429d5eae73a8e9371,692.1729742552372,331.5854165393679,77.29290848094023,4.917878030331993,272.4511993159052,0.5962388940726993,0.0,10.0,2026-09-23T06:16:09.363282+00:00,2026-09-23T06:18:54.277485+00:00,data/raw/pipeline-0231-run-001/logs/00000001.BIN
pipeline-0232,pipeline-0232-run-001,pipeline-0232-family,5852901842683396288,train,completed,,d12a8f8997634cee977581cbaa5548c04facc1f5,6c58c27282539d3519962692d87bdfaba41ce01b094a18e3956a3473bb14fe20,2f5ce03671f92bfca42dabff69a505058fb52e27086fafbd86a866f5b4af27cf,45e538ea240780be1d85509a6ff29df7c67ff97ffd1f85751b647d1561a6d071,901.4736197861755,109.69347431780162,104.4223618728634,2.2659121984952977,158.40708868659948,0.09947621258734393,0.0,10.0,2026-09-23T06:18:54.284588+00:00,2026-09-23T06:22:12.676348+00:00,data/raw/pipeline-0232-run-001/logs/00000001.BIN
pipeline-0233,pipeline-0233-run-001,pipeline-0233-family,6996298248151132020,train,completed,,d12a8f8997634cee977581cbaa5548c04facc1f5,6c58c27282539d3519962692d87bdfaba41ce01b094a18e3956a3473bb14fe20,2f5ce03671f92bfca42dabff69a505058fb52e27086fafbd86a866f5b4af27cf,ada999e4d26e7a8d3a09b06e62499aa5c3dd0630bc12544be26b8d54036969fb,982.192542411514,65.13525307176694,77.87508207186406,2.828046648628228,205.42106962558628,0.42858356800749076,0.0,10.0,2026-09-23T06:19:42.611088+00:00,2026-09-23T06:22:53.696497+00:00,data/raw/pipeline-0233-run-001/logs/00000001.BIN
pipeline-0234,pipeline-0234-run-001,pipeline-0234-family,1930493304357684868,train,completed,,d12a8f8997634cee977581cbaa5548c04facc1f5,6c58c27282539d3519962692d87bdfaba41ce01b094a18e3956a3473bb14fe20,2f5ce03671f92bfca42dabff69a505058fb52e27086fafbd86a866f5b4af27cf,fba12b82b1d80748a100f4912506f1c311ef087ec70fc6f566b4f704f0c14f26,1143.1970072512497,53.238465194220694,85.02119003970266,1.1761288581220792,339.57422761119454,0.6742599956123577,0.0,10.0,2026-09-23T06:22:12.682955+00:00,2026-09-23T06:25:40.761361+00:00,data/raw/pipeline-0234-run-001/logs/00000001.BIN
pipeline-0235,pipeline-0235-run-001,pipeline-0235-family,5311268017832982594,train,completed,,d12a8f8997634cee977581cbaa5548c04facc1f5,6c58c27282539d3519962692d87bdfaba41ce01b094a18e3956a3473bb14fe20,2f5ce03671f92bfca42dabff69a505058fb52e27086fafbd86a866f5b4af27cf,2fe61bdb03eaa41cd457c24a3496cdd3a06ac0920224395dc45c90d3c39eaab8,1308.2744840358152,100.21494058377917,33.04238000396553,3.57260992620102,347.5381759982856,0.21155206851247865,0.0,10.0,2026-09-23T06:22:53.702958+00:00,2026-09-23T06:26:12.588837+00:00,data/raw/pipeline-0235-run-001/logs/00000001.BIN
pipeline-0236,pipeline-0236-run-001,pipeline-0236-family,5573918100888576362,train,completed,,d12a8f8997634cee977581cbaa5548c04facc1f5,6c58c27282539d3519962692d87bdfaba41ce01b094a18e3956a3473bb14fe20,2f5ce03671f92bfca42dabff69a505058fb52e27086fafbd86a866f5b4af27cf,1e1579c0d2f24557ce0619d28b98fe1f00e15df20354fc6566ab390d09486441,821.1435138964167,235.7473035119436,113.23193906849413,1.6170179884642009,156.60750964739088,0.8203091811499387,0.0,10.0,2026-09-23T06:25:40.767906+00:00,2026-09-23T06:28:54.017356+00:00,data/raw/pipeline-0236-run-001/logs/00000001.BIN
pipeline-0237,pipeline-0237-run-001,pipeline-0237-family,8463002950644735799,validation,completed,,d12a8f8997634cee977581cbaa5548c04facc1f5,6c58c27282539d3519962692d87bdfaba41ce01b094a18e3956a3473bb14fe20,2f5ce03671f92bfca42dabff69a505058fb52e27086fafbd86a866f5b4af27cf,fb789cf3871cccc0d801d4240e66f714c2ffbf7602b1afc037ee778f2f7c02de,1404.883140168475,36.005178334332136,31.007355281627266,5.860491264751898,233.2974564386791,0.5716337008725126,0.0,10.0,2026-09-23T06:26:12.595804+00:00,2026-09-23T06:30:29.938837+00:00,data/raw/pipeline-0237-run-001/logs/00000001.BIN
pipeline-0238,pipeline-0238-run-001,pipeline-0238-family,7262999455501828946,train,completed,,d12a8f8997634cee977581cbaa5548c04facc1f5,6c58c27282539d3519962692d87bdfaba41ce01b094a18e3956a3473bb14fe20,2f5ce03671f92bfca42dabff69a505058fb52e27086fafbd86a866f5b4af27cf,e6e663b22435c683bcec8d153d455d8e2f03237a9b96bb5ab7ac18ce0e83dbc2,1329.1654644109383,296.50095687451255,115.7834714645009,2.233550662658953,13.672435737166156,0.9644290293296348,0.0,10.0,2026-09-23T06:28:54.023605+00:00,2026-09-23T06:32:56.567706+00:00,data/raw/pipeline-0238-run-001/logs/00000001.BIN
pipeline-0239,pipeline-0239-run-001,pipeline-0239-family,902511950720478607,test,completed,,d12a8f8997634cee977581cbaa5548c04facc1f5,6c58c27282539d3519962692d87bdfaba41ce01b094a18e3956a3473bb14fe20,2f5ce03671f92bfca42dabff69a505058fb52e27086fafbd86a866f5b4af27cf,2411f6d18b8e41505001c4150741d22d87a3c36f4e5406e72e985d68fef06bf8,1429.6624714504112,1.1906993910191377,115.54605840346899,3.213388616233868,312.03618164070264,0.4092816055730567,0.0,10.0,2026-09-23T06:30:29.945172+00:00,2026-09-23T06:34:51.269028+00:00,data/raw/pipeline-0239-run-001/logs/00000001.BIN
pipeline-0240,pipeline-0240-run-001,pipeline-0240-family,430960273997635957,train,completed,,d12a8f8997634cee977581cbaa5548c04facc1f5,6c58c27282539d3519962692d87bdfaba41ce01b094a18e3956a3473bb14fe20,2f5ce03671f92bfca42dabff69a505058fb52e27086fafbd86a866f5b4af27cf,878d6b761384534b39da165608c785da421ba85ff131519797c4f912f9564e2a,968.0658672951035,304.9854676725292,57.566702226565546,5.2258285002261715,187.54506247809405,0.8762995897216577,0.0,10.0,2026-09-23T06:32:56.574418+00:00,2026-09-23T06:35:54.178329+00:00,data/raw/pipeline-0240-run-001/logs/00000001.BIN
pipeline-0241,pipeline-0241-run-001,pipeline-0241-family,6202738257440686125,test,completed,,d12a8f8997634cee977581cbaa5548c04facc1f5,6c58c27282539d3519962692d87bdfaba41ce01b094a18e3956a3473bb14fe20,2f5ce03671f92bfca42dabff69a505058fb52e27086fafbd86a866f5b4af27cf,8106cda36d8c236f089155e95a572faa4678231b1c18d2b83b419928d0c34989,460.6950416669381,125.27773405668177,69.60170127682274,0.1417142365928135,310.0096223537156,0.18848526623169842,0.0,10.0,2026-09-23T06:34:51.276102+00:00,2026-09-23T06:37:03.217115+00:00,data/raw/pipeline-0241-run-001/logs/00000001.BIN
pipeline-0242,pipeline-0242-run-001,pipeline-0242-family,9009380666085135968,train,completed,,d12a8f8997634cee977581cbaa5548c04facc1f5,6c58c27282539d3519962692d87bdfaba41ce01b094a18e3956a3473bb14fe20,2f5ce03671f92bfca42dabff69a505058fb52e27086fafbd86a866f5b4af27cf,25ee3833c4191a294dacde6e616317f2826dcac516ce6d124bba8b341dbc8d81,805.1799447621682,282.983540748909,108.95877182825717,0.06443007310406709,167.01896936887272,0.39188486842419196,0.0,10.0,2026-09-23T06:35:54.184685+00:00,2026-09-23T06:39:00.597530+00:00,data/raw/pipeline-0242-run-001/logs/00000001.BIN
pipeline-0243,pipeline-0243-run-001,pipeline-0243-family,3843889366483645406,train,completed,,d12a8f8997634cee977581cbaa5548c04facc1f5,6c58c27282539d3519962692d87bdfaba41ce01b094a18e3956a3473bb14fe20,2f5ce03671f92bfca42dabff69a505058fb52e27086fafbd86a866f5b4af27cf,4530120ceda5d153373f134a25445ab30f301947cd1bdbad1b46692d8f3e6766,882.1644308161569,12.912423246278768,60.67478993491915,0.9222194695544553,190.93242203654506,0.306558130685667,0.0,10.0,2026-09-23T06:37:03.223314+00:00,2026-09-23T06:39:53.342341+00:00,data/raw/pipeline-0243-run-001/logs/00000001.BIN
pipeline-0244,pipeline-0244-run-001,pipeline-0244-family,7409686250596458469,train,completed,,d12a8f8997634cee977581cbaa5548c04facc1f5,6c58c27282539d3519962692d87bdfaba41ce01b094a18e3956a3473bb14fe20,2f5ce03671f92bfca42dabff69a505058fb52e27086fafbd86a866f5b4af27cf,8e86c76feaea76b8373304e48d91c883520217abc2d6f45f0541a36bbaa6c6a1,492.4080973030678,176.4883181793564,75.17644427824624,5.192062738610301,250.78162709964437,0.3217924250797015,0.0,10.0,2026-09-23T06:39:00.604450+00:00,2026-09-23T06:41:21.056163+00:00,data/raw/pipeline-0244-run-001/logs/00000001.BIN
pipeline-0245,pipeline-0245-run-001,pipeline-0245-family,951222983430090102,train,completed,,d12a8f8997634cee977581cbaa5548c04facc1f5,6c58c27282539d3519962692d87bdfaba41ce01b094a18e3956a3473bb14fe20,2f5ce03671f92bfca42dabff69a505058fb52e27086fafbd86a866f5b4af27cf,bc48733bc5bb1098a3095d63a28e99d5f32e3596c63cacd1c9a9fd8f309800db,255.64924162299286,207.5584693636878,102.18786544809414,4.978572533731155,27.274376470410687,0.1789215862335037,0.0,10.0,2026-09-23T06:39:53.348796+00:00,2026-09-23T06:42:10.806017+00:00,data/raw/pipeline-0245-run-001/logs/00000001.BIN
pipeline-0246,pipeline-0246-run-001,pipeline-0246-family,930146100209496453,train,completed,,d12a8f8997634cee977581cbaa5548c04facc1f5,6c58c27282539d3519962692d87bdfaba41ce01b094a18e3956a3473bb14fe20,2f5ce03671f92bfca42dabff69a505058fb52e27086fafbd86a866f5b4af27cf,a2f71f2cdb5012b6a3a798d98a2149e77a1ccba4084c4e9c628eb12d1e363812,782.0377536445918,356.7151398661332,48.28963777726806,5.8881270852213285,175.964077830934,0.5873309025528688,0.0,10.0,2026-09-23T06:41:21.062434+00:00,2026-09-23T06:44:22.460336+00:00,data/raw/pipeline-0246-run-001/logs/00000001.BIN
pipeline-0247,pipeline-0247-run-001,pipeline-0247-family,1431242061169340145,train,completed,,d12a8f8997634cee977581cbaa5548c04facc1f5,6c58c27282539d3519962692d87bdfaba41ce01b094a18e3956a3473bb14fe20,2f5ce03671f92bfca42dabff69a505058fb52e27086fafbd86a866f5b4af27cf,cf73639a02a9968392e92dd7e43c68756e2bf51581bb98a3eea4b2d1f7990283,558.7876343471203,96.02871098354667,58.94044174395869,5.068527674528968,341.05902327643633,0.019199965595094074,0.0,10.0,2026-09-23T06:42:10.813575+00:00,2026-09-23T06:44:31.980967+00:00,data/raw/pipeline-0247-run-001/logs/00000001.BIN
pipeline-0248,pipeline-0248-run-001,pipeline-0248-family,344942378473998286,train,completed,,d12a8f8997634cee977581cbaa5548c04facc1f5,6c58c27282539d3519962692d87bdfaba41ce01b094a18e3956a3473bb14fe20,2f5ce03671f92bfca42dabff69a505058fb52e27086fafbd86a866f5b4af27cf,7443dffeea583ecab9f90e435d6d83f6c4bedf6419834eec18fa124da55d3c1b,1208.664777697156,339.3668150114895,39.700156909663974,5.295419447302774,153.5189989892498,0.9074669433687401,0.0,10.0,2026-09-23T06:44:22.467664+00:00,2026-09-23T06:47:51.056687+00:00,data/raw/pipeline-0248-run-001/logs/00000001.BIN
pipeline-0249,pipeline-0249-run-001,pipeline-0249-family,7186216512982302291,validation,completed,,d12a8f8997634cee977581cbaa5548c04facc1f5,6c58c27282539d3519962692d87bdfaba41ce01b094a18e3956a3473bb14fe20,2f5ce03671f92bfca42dabff69a505058fb52e27086fafbd86a866f5b4af27cf,db86919af740bc6dbb23ba709f2d2e081c6b2d4ada9fc3b47e297f96408b1be5,1365.5553006967432,141.44590045321144,81.708602333849,0.009138556126783923,293.0088173717451,0.8852823508950626,0.0,10.0,2026-09-23T06:44:31.987531+00:00,2026-09-23T06:48:20.577242+00:00,data/raw/pipeline-0249-run-001/logs/00000001.BIN
pipeline-0250,pipeline-0250-run-001,pipeline-0250-family,6452933620574455882,train,completed,,d12a8f8997634cee977581cbaa5548c04facc1f5,6c58c27282539d3519962692d87bdfaba41ce01b094a18e3956a3473bb14fe20,2f5ce03671f92bfca42dabff69a505058fb52e27086fafbd86a866f5b4af27cf,b1d1471bf39c20bbbe6e3b6604da5356b3baf2a8e78db17b3e391cdf9bef649d,1458.910459242959,3.6784510947301228,92.88592575478175,1.0243363268480477,228.0922202197573,0.1948212779506597,0.0,10.0,2026-09-23T06:47:51.063676+00:00,2026-09-23T06:51:55.184413+00:00,data/raw/pipeline-0250-run-001/logs/00000001.BIN
